transaction_id,user_id,merchant_id,amount,timestamp,device_id,ip_address,account_age_days,failed_attempts,refund_count,is_fraud
TXN_004834,USER_1457,MERCHANT_087,955.02,2026-06-05 22:38:04.362924,DEVICE_1457_A,IP_1457_A,186,0,0,0
TXN_000592,USER_0307,MERCHANT_078,419.34,2026-06-05 22:54:04.362924,DEVICE_0307_A,IP_0307_A,1071,0,0,0
TXN_000932,USER_0421,MERCHANT_039,2459.71,2026-06-05 22:56:04.362924,DEVICE_0421_A,IP_0421_A,957,0,0,0
TXN_002661,USER_0514,MERCHANT_044,248.45,2026-06-05 22:59:04.362924,DEVICE_0514_A,IP_0514_A,830,1,0,0
TXN_002901,USER_0898,MERCHANT_029,579.87,2026-06-05 23:32:04.362924,DEVICE_0898_A,IP_0898_A,478,1,0,0
TXN_001610,USER_0227,MERCHANT_083,496.54,2026-06-05 23:42:04.362924,DEVICE_0227_A,IP_0227_A,464,0,0,0
TXN_004036,USER_0391,MERCHANT_076,1229.62,2026-06-06 00:12:04.362924,DEVICE_0391_A,IP_0391_A,526,0,0,0
TXN_000937,USER_1267,MERCHANT_092,278.94,2026-06-06 00:22:04.362924,DEVICE_1267_A,IP_1267_A,254,1,1,0
TXN_003240,USER_1371,MERCHANT_046,1212.41,2026-06-06 00:46:04.362924,DEVICE_1371_A,IP_1371_A,979,1,0,0
TXN_004226,USER_0466,MERCHANT_065,886.12,2026-06-06 00:54:04.362924,DEVICE_0466_A,IP_0466_A,583,0,1,0
TXN_004433,USER_0679,MERCHANT_024,711.19,2026-06-06 01:20:04.362924,DEVICE_0679_A,IP_0679_A,109,1,0,0
TXN_005967,USER_0912,MERCHANT_056,1136.0,2026-06-06 01:23:04.362924,DEVICE_0912_A,IP_0912_A,391,1,0,0
TXN_001038,USER_1405,MERCHANT_019,200.07,2026-06-06 01:30:04.362924,DEVICE_1405_A,IP_1405_A,818,1,0,0
TXN_004304,USER_0406,MERCHANT_081,1016.89,2026-06-06 01:48:04.362924,DEVICE_0406_A,IP_0406_A,837,1,0,0
TXN_005061,USER_1161,MERCHANT_124,477.25,2026-06-06 02:04:04.362924,DEVICE_1161_A,IP_1161_A,838,2,0,0
TXN_005230,USER_1428,MERCHANT_142,1230.75,2026-06-06 02:24:04.362924,DEVICE_1428_A,IP_1428_A,259,0,1,0
TXN_004482,USER_0240,MERCHANT_006,743.44,2026-06-06 03:02:04.362924,DEVICE_0240_A,IP_0240_A,406,1,0,0
TXN_001297,USER_0371,MERCHANT_141,1195.4,2026-06-06 03:05:04.362924,DEVICE_0371_A,IP_0371_A,744,0,0,0
TXN_003462,USER_1258,MERCHANT_111,2489.65,2026-06-06 03:35:04.362924,DEVICE_1258_A,IP_1258_A,191,2,0,0
TXN_004891,USER_0505,MERCHANT_084,323.88,2026-06-06 04:21:04.362924,DEVICE_0505_A,IP_0505_A,1270,0,0,0
TXN_005373,USER_1087,MERCHANT_035,263.69,2026-06-06 04:21:04.362924,DEVICE_1087_A,IP_1087_A,43,0,0,0
TXN_005005,USER_1313,MERCHANT_069,1039.56,2026-06-06 04:22:04.362924,DEVICE_1313_A,IP_1313_A,1284,1,0,0
TXN_002737,USER_1455,MERCHANT_054,466.65,2026-06-06 04:41:04.362924,DEVICE_1455_A,IP_1455_A,1498,0,0,0
TXN_003278,USER_0689,MERCHANT_090,663.58,2026-06-06 05:05:04.362924,DEVICE_0689_A,IP_0689_A,288,2,1,0
TXN_001178,USER_0941,MERCHANT_052,557.34,2026-06-06 05:15:04.362924,DEVICE_0941_A,IP_0941_A,1316,0,0,0
TXN_003836,USER_0788,MERCHANT_005,445.31,2026-06-06 05:23:04.362924,DEVICE_0788_A,IP_0788_A,272,1,0,0
TXN_004233,USER_1146,MERCHANT_134,379.47,2026-06-06 06:36:04.362924,DEVICE_1146_A,IP_1146_A,294,1,0,0
TXN_005890,USER_1422,MERCHANT_032,461.21,2026-06-06 06:49:04.362924,DEVICE_1422_A,IP_1422_A,61,1,0,0
TXN_002724,USER_0339,MERCHANT_123,1822.89,2026-06-06 07:17:04.362924,DEVICE_0339_A,IP_0339_A,117,0,0,0
TXN_005082,USER_0957,MERCHANT_093,664.39,2026-06-06 07:50:04.362924,DEVICE_0957_A,IP_0957_A,948,0,1,0
TXN_005544,USER_0030,MERCHANT_002,2051.7,2026-06-06 07:51:04.362924,DEVICE_RING_A_01,IP_RING_A_01,1,7,3,1
TXN_005140,USER_0160,MERCHANT_083,366.01,2026-06-06 08:20:04.362924,DEVICE_0160_A,IP_0160_A,190,1,0,0
TXN_003742,USER_0127,MERCHANT_133,887.04,2026-06-06 09:04:04.362924,DEVICE_0127_A,IP_0127_A,1097,0,0,0
TXN_002857,USER_1201,MERCHANT_115,350.2,2026-06-06 09:21:04.362924,DEVICE_1201_A,IP_1201_A,427,0,0,0
TXN_001754,USER_0445,MERCHANT_134,152.01,2026-06-06 09:29:04.362924,DEVICE_0445_A,IP_0445_A,551,2,0,0
TXN_006000,USER_0821,MERCHANT_040,249.44,2026-06-06 09:37:04.362924,DEVICE_0821_A,IP_0821_A,896,0,0,0
TXN_003067,USER_0804,MERCHANT_051,2237.53,2026-06-06 10:28:04.362924,DEVICE_0804_A,IP_0804_A,1404,1,0,0
TXN_001214,USER_0062,MERCHANT_009,6117.88,2026-06-06 11:12:04.362924,DEVICE_RING_C_02,IP_RING_C_02,73,3,2,1
TXN_001593,USER_0089,MERCHANT_007,3868.44,2026-06-06 11:13:04.362924,DEVICE_RING_C_01,IP_RING_C_01,37,2,2,1
TXN_000639,USER_1434,MERCHANT_017,228.03,2026-06-06 11:25:04.362924,DEVICE_1434_A,IP_1434_A,1229,0,1,0
TXN_004120,USER_0060,MERCHANT_004,883.81,2026-06-06 11:30:04.362924,DEVICE_RING_B_02,IP_RING_B_02,43,8,1,1
TXN_004002,USER_1214,MERCHANT_109,586.12,2026-06-06 11:48:04.362924,DEVICE_1214_A,IP_1214_A,660,0,0,0
TXN_001008,USER_0135,MERCHANT_046,966.14,2026-06-06 12:24:04.362924,DEVICE_0135_A,IP_0135_A,212,1,0,0
TXN_002983,USER_0386,MERCHANT_094,1039.3,2026-06-06 12:26:04.362924,DEVICE_0386_A,IP_0386_A,1085,2,0,0
TXN_000442,USER_0960,MERCHANT_007,585.47,2026-06-06 12:27:04.362924,DEVICE_0960_A,IP_0960_A,507,0,0,0
TXN_001847,USER_1114,MERCHANT_052,1550.31,2026-06-06 12:37:04.362924,DEVICE_1114_A,IP_1114_A,264,0,0,0
TXN_000671,USER_0045,MERCHANT_004,8691.76,2026-06-06 12:56:04.362924,DEVICE_RING_B_01,IP_RING_B_01,66,7,3,1
TXN_001372,USER_0864,MERCHANT_003,2166.16,2026-06-06 13:13:04.362924,DEVICE_0864_A,IP_0864_A,181,0,0,0
TXN_000265,USER_0655,MERCHANT_099,496.46,2026-06-06 13:27:04.362924,DEVICE_0655_A,IP_0655_A,512,0,0,0
TXN_002139,USER_0187,MERCHANT_105,236.89,2026-06-06 13:34:04.362924,DEVICE_0187_A,IP_0187_A,1094,2,1,0
TXN_005746,USER_0065,MERCHANT_007,3607.58,2026-06-06 13:37:04.362924,DEVICE_RING_C_01,IP_RING_C_02,27,7,4,1
TXN_004800,USER_1351,MERCHANT_079,1044.52,2026-06-06 14:31:04.362924,DEVICE_1351_A,IP_1351_A,929,0,0,0
TXN_002477,USER_1406,MERCHANT_073,504.61,2026-06-06 14:35:04.362924,DEVICE_1406_A,IP_1406_A,574,0,0,0
TXN_000945,USER_0118,MERCHANT_011,15846.17,2026-06-06 14:45:04.362924,DEVICE_RING_D_01,IP_RING_D_02,70,6,3,1
TXN_004479,USER_0499,MERCHANT_039,210.83,2026-06-06 15:06:04.362924,DEVICE_0499_A,IP_0499_A,122,0,0,0
TXN_001735,USER_0888,MERCHANT_058,1093.22,2026-06-06 15:08:04.362924,DEVICE_0888_A,IP_0888_A,1069,0,1,0
TXN_000129,USER_0539,MERCHANT_078,646.56,2026-06-06 15:19:04.362924,DEVICE_0539_A,IP_0539_A,462,1,0,0
TXN_003439,USER_0488,MERCHANT_095,228.31,2026-06-06 15:54:04.362924,DEVICE_0488_A,IP_0488_A,746,0,0,0
TXN_004326,USER_0713,MERCHANT_004,1305.26,2026-06-06 16:10:04.362924,DEVICE_0713_A,IP_0713_A,1224,0,0,0
TXN_004667,USER_0015,MERCHANT_001,1316.04,2026-06-06 16:25:04.362924,DEVICE_RING_A_01,IP_RING_A_02,78,8,2,1
TXN_004122,USER_0880,MERCHANT_012,541.29,2026-06-06 16:48:04.362924,DEVICE_0880_A,IP_0880_A,294,1,1,0
TXN_002835,USER_0142,MERCHANT_048,499.89,2026-06-06 16:50:04.362924,DEVICE_0142_A,IP_0142_A,457,1,2,0
TXN_000533,USER_0579,MERCHANT_065,570.99,2026-06-06 17:01:04.362924,DEVICE_0579_A,IP_0579_A,1275,1,0,0
TXN_003302,USER_0410,MERCHANT_118,296.93,2026-06-06 17:02:04.362924,DEVICE_0410_A,IP_0410_A,787,0,0,0
TXN_004721,USER_0039,MERCHANT_006,6844.52,2026-06-06 17:07:04.362924,DEVICE_RING_B_02,IP_RING_B_02,45,4,1,1
TXN_003340,USER_0081,MERCHANT_008,15069.18,2026-06-06 17:10:04.362924,DEVICE_RING_C_02,IP_RING_C_01,25,3,2,1
TXN_004537,USER_0808,MERCHANT_065,705.88,2026-06-06 17:35:04.362924,DEVICE_0808_A,IP_0808_A,1272,1,1,0
TXN_000777,USER_0207,MERCHANT_149,347.78,2026-06-06 18:02:04.362924,DEVICE_0207_A,IP_0207_A,1444,0,0,0
TXN_005217,USER_0122,MERCHANT_118,746.32,2026-06-06 18:45:04.362924,DEVICE_0122_A,IP_0122_A,922,2,0,0
TXN_002223,USER_0383,MERCHANT_133,1048.46,2026-06-06 18:47:04.362924,DEVICE_0383_A,IP_0383_A,348,0,0,0
TXN_001334,USER_0574,MERCHANT_006,1835.32,2026-06-06 18:59:04.362924,DEVICE_0574_A,IP_0574_A,605,0,0,0
TXN_003810,USER_0003,MERCHANT_002,5624.26,2026-06-06 19:07:04.362924,DEVICE_RING_A_01,IP_RING_A_02,29,4,5,1
TXN_002581,USER_0349,MERCHANT_087,793.15,2026-06-06 20:03:04.362924,DEVICE_0349_A,IP_0349_A,1308,1,0,0
TXN_001563,USER_0321,MERCHANT_097,97.39,2026-06-06 20:04:04.362924,DEVICE_0321_A,IP_0321_A,485,0,0,0
TXN_001101,USER_0026,MERCHANT_003,6782.2,2026-06-06 20:58:04.362924,DEVICE_RING_A_01,IP_RING_A_01,26,3,3,1
TXN_003510,USER_0080,MERCHANT_007,1466.22,2026-06-06 21:05:04.362924,DEVICE_RING_C_02,IP_RING_C_02,79,8,3,1
TXN_004717,USER_0031,MERCHANT_006,25000.0,2026-06-06 21:08:04.362924,DEVICE_RING_B_01,IP_RING_B_02,67,3,5,1
TXN_004394,USER_0079,MERCHANT_007,1467.51,2026-06-06 21:18:04.362924,DEVICE_RING_C_01,IP_RING_C_01,40,7,2,1
TXN_003655,USER_0630,MERCHANT_137,671.12,2026-06-06 21:19:04.362924,DEVICE_0630_A,IP_0630_A,287,1,2,0
TXN_004139,USER_0727,MERCHANT_115,1170.76,2026-06-06 21:26:04.362924,DEVICE_0727_A,IP_0727_A,1341,0,0,0
TXN_000359,USER_0322,MERCHANT_067,764.31,2026-06-06 21:34:04.362924,DEVICE_0322_A,IP_0322_A,484,0,0,0
TXN_002900,USER_0540,MERCHANT_043,744.29,2026-06-06 21:46:04.362924,DEVICE_0540_A,IP_0540_A,1418,0,0,0
TXN_002036,USER_0522,MERCHANT_114,4753.68,2026-06-06 21:50:04.362924,DEVICE_0522_A,IP_0522_A,769,0,0,0
TXN_005747,USER_0668,MERCHANT_051,449.9,2026-06-06 22:52:04.362924,DEVICE_0668_A,IP_0668_A,421,0,0,0
TXN_003198,USER_1242,MERCHANT_022,146.14,2026-06-06 23:00:04.362924,DEVICE_1242_A,IP_1242_A,635,0,0,0
TXN_000586,USER_1438,MERCHANT_041,722.77,2026-06-06 23:58:04.362924,DEVICE_1438_A,IP_1438_A,1065,1,1,0
TXN_001401,USER_1087,MERCHANT_132,273.62,2026-06-07 00:30:04.362924,DEVICE_1087_A,IP_1087_A,335,1,0,0
TXN_005691,USER_0350,MERCHANT_107,631.57,2026-06-07 00:42:04.362924,DEVICE_0350_A,IP_0350_A,166,0,0,0
TXN_004548,USER_0332,MERCHANT_104,574.72,2026-06-07 00:47:04.362924,DEVICE_0332_A,IP_0332_A,1087,2,0,0
TXN_002638,USER_0393,MERCHANT_050,1215.5,2026-06-07 00:59:04.362924,DEVICE_0393_A,IP_0393_A,886,0,0,0
TXN_004219,USER_1316,MERCHANT_111,765.3,2026-06-07 01:00:04.362924,DEVICE_1316_A,IP_1316_A,1336,0,0,0
TXN_005298,USER_1451,MERCHANT_064,1060.03,2026-06-07 01:00:04.362924,DEVICE_1451_A,IP_1451_A,860,1,0,0
TXN_001359,USER_1339,MERCHANT_018,197.9,2026-06-07 01:22:04.362924,DEVICE_1339_A,IP_1339_A,1244,1,0,0
TXN_000583,USER_1195,MERCHANT_148,964.41,2026-06-07 01:32:04.362924,DEVICE_1195_A,IP_1195_A,1187,0,2,0
TXN_001034,USER_0953,MERCHANT_056,974.89,2026-06-07 01:40:04.362924,DEVICE_0953_A,IP_0953_A,301,0,0,0
TXN_001472,USER_1146,MERCHANT_096,379.78,2026-06-07 02:34:04.362924,DEVICE_1146_A,IP_1146_A,1036,0,0,0
TXN_004294,USER_0451,MERCHANT_043,513.16,2026-06-07 03:12:04.362924,DEVICE_0451_A,IP_0451_A,187,0,0,0
TXN_003059,USER_1179,MERCHANT_025,243.55,2026-06-07 03:12:04.362924,DEVICE_1179_A,IP_1179_A,1402,0,0,0
TXN_001643,USER_1440,MERCHANT_012,565.21,2026-06-07 04:08:04.362924,DEVICE_1440_A,IP_1440_A,300,0,0,0
TXN_002746,USER_0116,MERCHANT_011,1858.34,2026-06-07 04:36:04.362924,DEVICE_RING_D_01,IP_RING_D_02,39,7,2,1
TXN_001237,USER_0511,MERCHANT_029,2111.61,2026-06-07 04:50:04.362924,DEVICE_0511_A,IP_0511_A,62,0,0,0
TXN_003334,USER_1147,MERCHANT_015,922.87,2026-06-07 05:05:04.362924,DEVICE_1147_A,IP_1147_A,781,0,1,0
TXN_003702,USER_0663,MERCHANT_055,1783.61,2026-06-07 05:05:04.362924,DEVICE_0663_A,IP_0663_A,383,0,0,0
TXN_005484,USER_1025,MERCHANT_001,616.78,2026-06-07 05:19:04.362924,DEVICE_1025_A,IP_1025_A,1457,0,0,0
TXN_005453,USER_0978,MERCHANT_084,2154.63,2026-06-07 05:42:04.362924,DEVICE_0978_A,IP_0978_A,90,0,0,0
TXN_001440,USER_0811,MERCHANT_050,1041.16,2026-06-07 06:20:04.362924,DEVICE_0811_A,IP_0811_A,1422,0,0,0
TXN_003586,USER_0426,MERCHANT_115,227.42,2026-06-07 06:21:04.362924,DEVICE_0426_A,IP_0426_A,788,1,0,0
TXN_003195,USER_0038,MERCHANT_004,538.62,2026-06-07 07:05:04.362924,DEVICE_RING_B_01,IP_RING_B_01,9,7,5,1
TXN_002880,USER_1271,MERCHANT_124,521.36,2026-06-07 07:09:04.362924,DEVICE_1271_A,IP_1271_A,902,0,1,0
TXN_001697,USER_0413,MERCHANT_080,283.35,2026-06-07 07:10:04.362924,DEVICE_0413_A,IP_0413_A,1150,1,0,0
TXN_003210,USER_0873,MERCHANT_144,841.64,2026-06-07 07:23:04.362924,DEVICE_0873_A,IP_0873_A,428,0,0,0
TXN_000776,USER_0463,MERCHANT_071,184.8,2026-06-07 07:26:04.362924,DEVICE_0463_A,IP_0463_A,1227,0,0,0
TXN_000911,USER_1396,MERCHANT_144,476.32,2026-06-07 07:51:04.362924,DEVICE_1396_A,IP_1396_A,1082,0,0,0
TXN_004882,USER_0083,MERCHANT_008,9876.96,2026-06-07 09:05:04.362924,DEVICE_RING_C_01,IP_RING_C_02,44,6,5,1
TXN_001329,USER_0394,MERCHANT_001,242.17,2026-06-07 09:12:04.362924,DEVICE_0394_A,IP_0394_A,1276,0,1,0
TXN_002963,USER_0088,MERCHANT_008,1473.02,2026-06-07 09:36:04.362924,DEVICE_RING_C_01,IP_RING_C_01,12,2,3,1
TXN_004581,USER_0156,MERCHANT_094,702.07,2026-06-07 09:39:04.362924,DEVICE_0156_A,IP_0156_A,341,0,1,0
TXN_002435,USER_0922,MERCHANT_121,710.46,2026-06-07 10:20:04.362924,DEVICE_0922_A,IP_0922_A,336,0,0,0
TXN_004119,USER_0386,MERCHANT_096,426.59,2026-06-07 10:27:04.362924,DEVICE_0386_A,IP_0386_A,1025,1,1,0
TXN_004026,USER_0612,MERCHANT_031,472.6,2026-06-07 11:06:04.362924,DEVICE_0612_A,IP_0612_A,964,0,0,0
TXN_002892,USER_1135,MERCHANT_113,121.39,2026-06-07 11:16:04.362924,DEVICE_1135_A,IP_1135_A,936,0,0,0
TXN_005290,USER_0580,MERCHANT_043,1187.66,2026-06-07 11:29:04.362924,DEVICE_0580_A,IP_0580_A,903,1,0,0
TXN_004229,USER_1080,MERCHANT_049,738.31,2026-06-07 12:53:04.362924,DEVICE_1080_A,IP_1080_A,669,0,0,0
TXN_003416,USER_0640,MERCHANT_044,537.36,2026-06-07 14:12:04.362924,DEVICE_0640_A,IP_0640_A,920,2,0,0
TXN_000157,USER_0863,MERCHANT_080,2431.49,2026-06-07 14:21:04.362924,DEVICE_0863_A,IP_0863_A,399,2,0,0
TXN_000840,USER_0082,MERCHANT_009,2018.39,2026-06-07 14:40:04.362924,DEVICE_RING_C_02,IP_RING_C_02,39,3,5,1
TXN_003508,USER_0745,MERCHANT_129,573.17,2026-06-07 14:59:04.362924,DEVICE_0745_A,IP_0745_A,1092,0,0,0
TXN_001149,USER_0049,MERCHANT_006,12314.73,2026-06-07 15:10:04.362924,DEVICE_RING_B_02,IP_RING_B_01,60,4,5,1
TXN_000133,USER_1062,MERCHANT_020,270.48,2026-06-07 15:28:04.362924,DEVICE_1062_A,IP_1062_A,671,0,0,0
TXN_001908,USER_0103,MERCHANT_010,810.2,2026-06-07 15:42:04.362924,DEVICE_RING_D_02,IP_RING_D_01,27,5,2,1
TXN_000001,USER_1225,MERCHANT_014,870.85,2026-06-07 16:52:04.362924,DEVICE_1225_A,IP_1225_A,746,0,0,0
TXN_005162,USER_1076,MERCHANT_086,126.59,2026-06-07 16:54:04.362924,DEVICE_1076_A,IP_1076_A,971,0,1,0
TXN_005102,USER_0819,MERCHANT_075,874.1,2026-06-07 17:12:04.362924,DEVICE_0819_A,IP_0819_A,362,0,0,0
TXN_001468,USER_0902,MERCHANT_110,806.69,2026-06-07 17:48:04.362924,DEVICE_0902_A,IP_0902_A,200,1,1,0
TXN_005187,USER_0466,MERCHANT_043,454.97,2026-06-07 17:57:04.362924,DEVICE_0466_A,IP_0466_A,913,1,0,0
TXN_000519,USER_0812,MERCHANT_078,646.41,2026-06-07 18:43:04.362924,DEVICE_0812_A,IP_0812_A,666,0,0,0
TXN_000003,USER_1393,MERCHANT_040,975.25,2026-06-07 19:03:04.362924,DEVICE_1393_A,IP_1393_A,518,0,0,0
TXN_004760,USER_0300,MERCHANT_138,1031.08,2026-06-07 19:08:04.362924,DEVICE_0300_A,IP_0300_A,263,0,0,0
TXN_002694,USER_0324,MERCHANT_034,542.43,2026-06-07 19:43:04.362924,DEVICE_0324_A,IP_0324_A,558,0,0,0
TXN_002610,USER_1146,MERCHANT_130,1561.01,2026-06-07 19:47:04.362924,DEVICE_1146_A,IP_1146_A,146,0,0,0
TXN_002867,USER_1145,MERCHANT_080,319.89,2026-06-07 21:00:04.362924,DEVICE_1145_A,IP_1145_A,1196,0,2,0
TXN_002387,USER_0138,MERCHANT_014,504.78,2026-06-07 21:25:04.362924,DEVICE_0138_A,IP_0138_A,708,1,0,0
TXN_004516,USER_0749,MERCHANT_105,302.57,2026-06-07 21:53:04.362924,DEVICE_0749_A,IP_0749_A,1310,0,0,0
TXN_000278,USER_0931,MERCHANT_066,382.51,2026-06-07 22:05:04.362924,DEVICE_0931_A,IP_0931_A,36,1,0,0
TXN_000076,USER_1469,MERCHANT_102,1111.38,2026-06-07 22:27:04.362924,DEVICE_1469_A,IP_1469_A,592,0,1,0
TXN_005616,USER_1300,MERCHANT_065,88.39,2026-06-07 22:42:04.362924,DEVICE_1300_A,IP_1300_A,214,0,0,0
TXN_004994,USER_1105,MERCHANT_088,917.83,2026-06-07 23:24:04.362924,DEVICE_1105_A,IP_1105_A,198,0,1,0
TXN_003093,USER_1221,MERCHANT_129,558.96,2026-06-07 23:29:04.362924,DEVICE_1221_A,IP_1221_A,1311,0,0,0
TXN_005374,USER_1248,MERCHANT_076,570.22,2026-06-07 23:41:04.362924,DEVICE_1248_A,IP_1248_A,312,0,0,0
TXN_004446,USER_0098,MERCHANT_012,1167.58,2026-06-07 23:50:04.362924,DEVICE_RING_D_02,IP_RING_D_02,83,7,1,1
TXN_004255,USER_0439,MERCHANT_005,715.02,2026-06-08 00:27:04.362924,DEVICE_0439_A,IP_0439_A,1433,0,0,0
TXN_005781,USER_0097,MERCHANT_011,728.88,2026-06-08 00:34:04.362924,DEVICE_RING_D_01,IP_RING_D_02,39,8,4,1
TXN_004644,USER_0943,MERCHANT_089,1700.53,2026-06-08 00:41:04.362924,DEVICE_0943_A,IP_0943_A,335,2,0,0
TXN_004374,USER_1139,MERCHANT_054,664.1,2026-06-08 01:02:04.362924,DEVICE_1139_A,IP_1139_A,1000,0,0,0
TXN_001407,USER_1283,MERCHANT_009,206.56,2026-06-08 01:18:04.362924,DEVICE_1283_A,IP_1283_A,314,0,2,0
TXN_003429,USER_0835,MERCHANT_125,837.21,2026-06-08 01:54:04.362924,DEVICE_0835_A,IP_0835_A,804,0,0,0
TXN_002097,USER_1232,MERCHANT_069,992.07,2026-06-08 01:56:04.362924,DEVICE_1232_A,IP_1232_A,396,0,0,0
TXN_003731,USER_0045,MERCHANT_006,5896.18,2026-06-08 02:09:04.362924,DEVICE_RING_B_01,IP_RING_B_01,5,5,3,1
TXN_001458,USER_0590,MERCHANT_085,798.55,2026-06-08 02:17:04.362924,DEVICE_0590_A,IP_0590_A,731,0,0,0
TXN_005466,USER_0258,MERCHANT_088,590.52,2026-06-08 02:25:04.362924,DEVICE_0258_A,IP_0258_A,1418,0,0,0
TXN_003268,USER_0952,MERCHANT_095,451.88,2026-06-08 02:30:04.362924,DEVICE_0952_A,IP_0952_A,508,0,1,0
TXN_002334,USER_1127,MERCHANT_027,459.05,2026-06-08 02:35:04.362924,DEVICE_1127_A,IP_1127_A,688,0,0,0
TXN_002382,USER_0543,MERCHANT_099,292.68,2026-06-08 02:36:04.362924,DEVICE_0543_A,IP_0543_A,1192,0,0,0
TXN_004497,USER_0912,MERCHANT_123,328.01,2026-06-08 03:03:04.362924,DEVICE_0912_A,IP_0912_A,1325,0,0,0
TXN_002989,USER_0055,MERCHANT_006,807.42,2026-06-08 03:27:04.362924,DEVICE_RING_B_02,IP_RING_B_02,12,7,4,1
TXN_002595,USER_1274,MERCHANT_063,1133.71,2026-06-08 03:33:04.362924,DEVICE_1274_A,IP_1274_A,1351,0,0,0
TXN_001849,USER_1156,MERCHANT_114,1241.43,2026-06-08 04:23:04.362924,DEVICE_1156_A,IP_1156_A,830,0,0,0
TXN_001929,USER_0789,MERCHANT_093,1370.11,2026-06-08 04:28:04.362924,DEVICE_0789_A,IP_0789_A,716,2,1,0
TXN_003139,USER_1337,MERCHANT_147,855.8,2026-06-08 04:39:04.362924,DEVICE_1337_A,IP_1337_A,646,1,0,0
TXN_000903,USER_1109,MERCHANT_129,613.08,2026-06-08 05:00:04.362924,DEVICE_1109_A,IP_1109_A,345,0,1,0
TXN_000612,USER_0901,MERCHANT_038,575.5,2026-06-08 05:44:04.362924,DEVICE_0901_A,IP_0901_A,138,0,0,0
TXN_002247,USER_1233,MERCHANT_033,305.77,2026-06-08 06:03:04.362924,DEVICE_1233_A,IP_1233_A,223,0,0,0
TXN_000542,USER_1463,MERCHANT_128,257.15,2026-06-08 06:08:04.362924,DEVICE_1463_A,IP_1463_A,635,0,0,0
TXN_004155,USER_0074,MERCHANT_007,6729.2,2026-06-08 06:18:04.362924,DEVICE_RING_C_02,IP_RING_C_01,25,8,2,1
TXN_001743,USER_1016,MERCHANT_003,632.37,2026-06-08 06:32:04.362924,DEVICE_1016_A,IP_1016_A,1317,1,0,0
TXN_005612,USER_1171,MERCHANT_141,2257.05,2026-06-08 06:43:04.362924,DEVICE_1171_A,IP_1171_A,319,0,0,0
TXN_002228,USER_0800,MERCHANT_008,382.46,2026-06-08 06:57:04.362924,DEVICE_0800_A,IP_0800_A,993,0,1,0
TXN_001211,USER_0703,MERCHANT_032,236.05,2026-06-08 07:14:04.362924,DEVICE_0703_A,IP_0703_A,837,0,1,0
TXN_001358,USER_1050,MERCHANT_133,804.95,2026-06-08 07:16:04.362924,DEVICE_1050_A,IP_1050_A,702,0,0,0
TXN_001737,USER_0435,MERCHANT_096,272.24,2026-06-08 07:52:04.362924,DEVICE_0435_A,IP_0435_A,1092,1,0,0
TXN_000120,USER_1368,MERCHANT_069,1054.56,2026-06-08 07:53:04.362924,DEVICE_1368_A,IP_1368_A,89,0,0,0
TXN_000206,USER_0860,MERCHANT_142,296.95,2026-06-08 07:57:04.362924,DEVICE_0860_A,IP_0860_A,1202,0,1,0
TXN_003916,USER_0130,MERCHANT_147,560.06,2026-06-08 08:18:04.362924,DEVICE_0130_A,IP_0130_A,1244,0,0,0
TXN_001238,USER_0549,MERCHANT_124,396.13,2026-06-08 09:06:04.362924,DEVICE_0549_A,IP_0549_A,1358,0,0,0
TXN_005619,USER_0699,MERCHANT_123,804.08,2026-06-08 09:19:04.362924,DEVICE_0699_A,IP_0699_A,1274,1,0,0
TXN_003985,USER_0932,MERCHANT_124,719.88,2026-06-08 09:37:04.362924,DEVICE_0932_A,IP_0932_A,1350,0,0,0
TXN_001312,USER_0240,MERCHANT_077,1107.94,2026-06-08 09:53:04.362924,DEVICE_0240_A,IP_0240_A,828,0,0,0
TXN_002792,USER_1482,MERCHANT_007,394.99,2026-06-08 10:13:04.362924,DEVICE_1482_A,IP_1482_A,92,0,0,0
TXN_003459,USER_0059,MERCHANT_004,2547.49,2026-06-08 10:21:04.362924,DEVICE_RING_B_02,IP_RING_B_01,15,3,4,1
TXN_002320,USER_1284,MERCHANT_145,262.91,2026-06-08 10:56:04.362924,DEVICE_1284_A,IP_1284_A,797,1,2,0
TXN_001155,USER_0623,MERCHANT_080,2055.84,2026-06-08 11:03:04.362924,DEVICE_0623_A,IP_0623_A,980,0,2,0
TXN_003516,USER_1460,MERCHANT_095,857.06,2026-06-08 11:12:04.362924,DEVICE_1460_A,IP_1460_A,1202,1,0,0
TXN_001279,USER_1226,MERCHANT_067,692.96,2026-06-08 11:27:04.362924,DEVICE_1226_A,IP_1226_A,524,1,0,0
TXN_005551,USER_1467,MERCHANT_108,289.27,2026-06-08 12:11:04.362924,DEVICE_1467_A,IP_1467_A,716,0,0,0
TXN_004173,USER_1028,MERCHANT_001,417.3,2026-06-08 12:18:04.362924,DEVICE_1028_A,IP_1028_A,454,0,0,0
TXN_003423,USER_1063,MERCHANT_087,825.77,2026-06-08 12:23:04.362924,DEVICE_1063_A,IP_1063_A,1454,0,0,0
TXN_002457,USER_1455,MERCHANT_108,388.34,2026-06-08 13:29:04.362924,DEVICE_1455_A,IP_1455_A,191,0,0,0
TXN_003146,USER_0095,MERCHANT_011,4000.16,2026-06-08 13:38:04.362924,DEVICE_RING_D_01,IP_RING_D_02,52,5,2,1
TXN_001980,USER_0716,MERCHANT_069,814.21,2026-06-08 13:48:04.362924,DEVICE_0716_A,IP_0716_A,1069,0,1,0
TXN_005966,USER_0098,MERCHANT_010,2835.43,2026-06-08 14:16:04.362924,DEVICE_RING_D_02,IP_RING_D_01,36,2,3,1
TXN_001102,USER_0306,MERCHANT_038,68.36,2026-06-08 14:27:04.362924,DEVICE_0306_A,IP_0306_A,598,2,0,0
TXN_004056,USER_0130,MERCHANT_018,700.43,2026-06-08 14:36:04.362924,DEVICE_0130_A,IP_0130_A,623,0,0,0
TXN_003772,USER_1462,MERCHANT_068,413.13,2026-06-08 14:40:04.362924,DEVICE_1462_A,IP_1462_A,1120,1,0,0
TXN_002836,USER_1321,MERCHANT_028,479.17,2026-06-08 14:45:04.362924,DEVICE_1321_A,IP_1321_A,715,1,0,0
TXN_002884,USER_0457,MERCHANT_123,845.73,2026-06-08 14:52:04.362924,DEVICE_0457_A,IP_0457_A,488,0,0,0
TXN_000842,USER_1257,MERCHANT_072,995.3,2026-06-08 14:54:04.362924,DEVICE_1257_A,IP_1257_A,491,0,1,0
TXN_000849,USER_0089,MERCHANT_008,1321.21,2026-06-08 14:56:04.362924,DEVICE_RING_C_02,IP_RING_C_02,57,7,3,1
TXN_000462,USER_0904,MERCHANT_110,616.08,2026-06-08 14:56:04.362924,DEVICE_0904_A,IP_0904_A,383,0,1,0
TXN_001755,USER_1218,MERCHANT_006,880.36,2026-06-08 15:05:04.362924,DEVICE_1218_A,IP_1218_A,1090,0,0,0
TXN_001121,USER_0324,MERCHANT_014,1374.81,2026-06-08 15:27:04.362924,DEVICE_0324_A,IP_0324_A,169,0,0,0
TXN_002941,USER_0085,MERCHANT_009,6772.44,2026-06-08 15:50:04.362924,DEVICE_RING_C_02,IP_RING_C_02,80,4,4,1
TXN_002497,USER_0197,MERCHANT_128,486.73,2026-06-08 15:50:04.362924,DEVICE_0197_A,IP_0197_A,915,1,0,0
TXN_005756,USER_0782,MERCHANT_053,274.58,2026-06-08 16:19:04.362924,DEVICE_0782_A,IP_0782_A,1490,0,1,0
TXN_003619,USER_0576,MERCHANT_050,1469.98,2026-06-08 16:41:04.362924,DEVICE_0576_A,IP_0576_A,285,0,0,0
TXN_002494,USER_1096,MERCHANT_045,1771.63,2026-06-08 16:52:04.362924,DEVICE_1096_A,IP_1096_A,59,0,0,0
TXN_002040,USER_1085,MERCHANT_117,159.19,2026-06-08 17:00:04.362924,DEVICE_1085_A,IP_1085_A,1034,0,0,0
TXN_005716,USER_1248,MERCHANT_042,435.99,2026-06-08 17:48:04.362924,DEVICE_1248_A,IP_1248_A,369,0,0,0
TXN_004799,USER_0443,MERCHANT_072,128.92,2026-06-08 17:51:04.362924,DEVICE_0443_A,IP_0443_A,531,1,0,0
TXN_002488,USER_1389,MERCHANT_013,579.91,2026-06-08 18:41:04.362924,DEVICE_1389_A,IP_1389_A,52,2,1,0
TXN_003579,USER_0456,MERCHANT_103,325.51,2026-06-08 19:07:04.362924,DEVICE_0456_A,IP_0456_A,315,2,0,0
TXN_003820,USER_0151,MERCHANT_044,246.88,2026-06-08 19:17:04.362924,DEVICE_0151_A,IP_0151_A,1363,0,1,0
TXN_003273,USER_1018,MERCHANT_073,1162.1,2026-06-08 20:25:04.362924,DEVICE_1018_A,IP_1018_A,119,2,0,0
TXN_002197,USER_1153,MERCHANT_084,825.79,2026-06-08 20:37:04.362924,DEVICE_1153_A,IP_1153_A,1133,0,0,0
TXN_000484,USER_0493,MERCHANT_082,698.91,2026-06-08 21:16:04.362924,DEVICE_0493_A,IP_0493_A,1282,0,0,0
TXN_003050,USER_0632,MERCHANT_016,1472.72,2026-06-08 21:16:04.362924,DEVICE_0632_A,IP_0632_A,285,0,0,0
TXN_004694,USER_0796,MERCHANT_139,890.79,2026-06-08 21:30:04.362924,DEVICE_0796_A,IP_0796_A,322,1,0,0
TXN_003883,USER_0935,MERCHANT_084,150.52,2026-06-08 21:33:04.362924,DEVICE_0935_A,IP_0935_A,562,0,1,0
TXN_001293,USER_0048,MERCHANT_006,2484.87,2026-06-08 21:45:04.362924,DEVICE_RING_B_02,IP_RING_B_01,53,2,1,1
TXN_002658,USER_0394,MERCHANT_075,1169.83,2026-06-08 21:56:04.362924,DEVICE_0394_A,IP_0394_A,781,0,1,0
TXN_001039,USER_0728,MERCHANT_110,710.0,2026-06-08 21:59:04.362924,DEVICE_0728_A,IP_0728_A,582,0,0,0
TXN_005736,USER_1066,MERCHANT_067,485.94,2026-06-08 22:38:04.362924,DEVICE_1066_A,IP_1066_A,110,1,0,0
TXN_005125,USER_0904,MERCHANT_068,1006.07,2026-06-08 22:38:04.362924,DEVICE_0904_A,IP_0904_A,549,0,1,0
TXN_005178,USER_0573,MERCHANT_106,149.48,2026-06-08 22:44:04.362924,DEVICE_0573_A,IP_0573_A,1257,0,0,0
TXN_005683,USER_1234,MERCHANT_030,281.95,2026-06-08 22:56:04.362924,DEVICE_1234_A,IP_1234_A,172,0,1,0
TXN_000492,USER_0724,MERCHANT_006,1820.54,2026-06-08 23:31:04.362924,DEVICE_0724_A,IP_0724_A,682,0,0,0
TXN_000946,USER_0019,MERCHANT_001,857.45,2026-06-08 23:37:04.362924,DEVICE_RING_A_02,IP_RING_A_02,75,5,1,1
TXN_002038,USER_1446,MERCHANT_071,409.61,2026-06-08 23:46:04.362924,DEVICE_1446_A,IP_1446_A,1344,0,0,0
TXN_001032,USER_0992,MERCHANT_136,171.66,2026-06-08 23:58:04.362924,DEVICE_0992_A,IP_0992_A,837,0,0,0
TXN_004389,USER_0287,MERCHANT_050,669.35,2026-06-09 00:33:04.362924,DEVICE_0287_A,IP_0287_A,493,0,2,0
TXN_003263,USER_1228,MERCHANT_086,304.44,2026-06-09 00:50:04.362924,DEVICE_1228_A,IP_1228_A,694,0,0,0
TXN_001857,USER_1442,MERCHANT_114,1704.93,2026-06-09 00:59:04.362924,DEVICE_1442_A,IP_1442_A,117,1,0,0
TXN_005134,USER_0311,MERCHANT_084,843.13,2026-06-09 01:12:04.362924,DEVICE_0311_A,IP_0311_A,1177,0,0,0
TXN_005229,USER_0145,MERCHANT_123,941.14,2026-06-09 01:24:04.362924,DEVICE_0145_A,IP_0145_A,349,1,0,0
TXN_001889,USER_1138,MERCHANT_130,420.54,2026-06-09 04:18:04.362924,DEVICE_1138_A,IP_1138_A,491,0,0,0
TXN_001803,USER_1299,MERCHANT_069,352.7,2026-06-09 04:29:04.362924,DEVICE_1299_A,IP_1299_A,518,0,0,0
TXN_001205,USER_1084,MERCHANT_067,622.39,2026-06-09 04:52:04.362924,DEVICE_1084_A,IP_1084_A,364,1,0,0
TXN_005815,USER_0850,MERCHANT_087,96.59,2026-06-09 05:34:04.362924,DEVICE_0850_A,IP_0850_A,277,0,0,0
TXN_002600,USER_0102,MERCHANT_010,1528.66,2026-06-09 05:49:04.362924,DEVICE_RING_D_01,IP_RING_D_01,21,2,5,1
TXN_005577,USER_0235,MERCHANT_066,363.52,2026-06-09 06:22:04.362924,DEVICE_0235_A,IP_0235_A,707,0,0,0
TXN_004261,USER_0363,MERCHANT_013,1267.95,2026-06-09 06:35:04.362924,DEVICE_0363_A,IP_0363_A,961,0,0,0
TXN_003845,USER_0854,MERCHANT_017,2005.23,2026-06-09 06:39:04.362924,DEVICE_0854_A,IP_0854_A,934,0,0,0
TXN_000878,USER_0418,MERCHANT_009,709.65,2026-06-09 06:45:04.362924,DEVICE_0418_A,IP_0418_A,1396,0,0,0
TXN_002669,USER_0283,MERCHANT_016,907.92,2026-06-09 06:55:04.362924,DEVICE_0283_A,IP_0283_A,1233,1,0,0
TXN_000185,USER_0721,MERCHANT_052,507.42,2026-06-09 07:19:04.362924,DEVICE_0721_A,IP_0721_A,119,1,1,0
TXN_001245,USER_1119,MERCHANT_103,368.7,2026-06-09 07:23:04.362924,DEVICE_1119_A,IP_1119_A,1025,0,0,0
TXN_005024,USER_0372,MERCHANT_119,180.8,2026-06-09 07:32:04.362924,DEVICE_0372_A,IP_0372_A,82,0,1,0
TXN_000258,USER_0044,MERCHANT_005,1231.98,2026-06-09 08:00:04.362924,DEVICE_RING_B_01,IP_RING_B_01,64,3,3,1
TXN_005664,USER_0370,MERCHANT_067,197.95,2026-06-09 08:03:04.362924,DEVICE_0370_A,IP_0370_A,763,0,0,0
TXN_005258,USER_0386,MERCHANT_058,344.78,2026-06-09 08:08:04.362924,DEVICE_0386_A,IP_0386_A,617,0,0,0
TXN_000564,USER_0119,MERCHANT_012,1804.47,2026-06-09 08:09:04.362924,DEVICE_RING_D_02,IP_RING_D_01,7,7,1,1
TXN_000160,USER_0089,MERCHANT_007,4820.34,2026-06-09 08:59:04.362924,DEVICE_RING_C_01,IP_RING_C_02,21,3,5,1
TXN_000636,USER_0300,MERCHANT_019,173.43,2026-06-09 09:17:04.362924,DEVICE_0300_A,IP_0300_A,141,0,0,0
TXN_003078,USER_1328,MERCHANT_077,908.42,2026-06-09 09:19:04.362924,DEVICE_1328_A,IP_1328_A,1354,1,1,0
TXN_005221,USER_0344,MERCHANT_012,2288.18,2026-06-09 09:25:04.362924,DEVICE_0344_A,IP_0344_A,191,1,0,0
TXN_005759,USER_0573,MERCHANT_117,406.64,2026-06-09 09:34:04.362924,DEVICE_0573_A,IP_0573_A,1286,1,0,0
TXN_005224,USER_0086,MERCHANT_008,987.58,2026-06-09 10:07:04.362924,DEVICE_RING_C_02,IP_RING_C_01,32,6,5,1
TXN_001968,USER_1008,MERCHANT_026,535.65,2026-06-09 10:19:04.362924,DEVICE_1008_A,IP_1008_A,1474,1,0,0
TXN_004672,USER_0392,MERCHANT_002,176.52,2026-06-09 10:31:04.362924,DEVICE_0392_A,IP_0392_A,644,2,0,0
TXN_003393,USER_0323,MERCHANT_004,567.62,2026-06-09 10:48:04.362924,DEVICE_0323_A,IP_0323_A,1036,0,0,0
TXN_001917,USER_1381,MERCHANT_071,332.32,2026-06-09 10:52:04.362924,DEVICE_1381_A,IP_1381_A,770,0,0,0
TXN_002224,USER_0246,MERCHANT_054,523.75,2026-06-09 11:42:04.362924,DEVICE_0246_A,IP_0246_A,1383,0,0,0
TXN_000862,USER_1263,MERCHANT_100,192.5,2026-06-09 12:16:04.362924,DEVICE_1263_A,IP_1263_A,1087,1,2,0
TXN_000080,USER_0086,MERCHANT_009,342.57,2026-06-09 12:39:04.362924,DEVICE_RING_C_02,IP_RING_C_01,47,7,2,1
TXN_004179,USER_0622,MERCHANT_104,2337.85,2026-06-09 13:56:04.362924,DEVICE_0622_A,IP_0622_A,420,1,0,0
TXN_004502,USER_0180,MERCHANT_063,217.58,2026-06-09 14:00:04.362924,DEVICE_0180_A,IP_0180_A,958,1,0,0
TXN_001065,USER_0406,MERCHANT_142,457.19,2026-06-09 14:05:04.362924,DEVICE_0406_A,IP_0406_A,269,0,0,0
TXN_003494,USER_1318,MERCHANT_088,401.59,2026-06-09 14:08:04.362924,DEVICE_1318_A,IP_1318_A,819,0,0,0
TXN_004080,USER_0509,MERCHANT_077,477.09,2026-06-09 14:36:04.362924,DEVICE_0509_A,IP_0509_A,406,1,1,0
TXN_005794,USER_0930,MERCHANT_041,666.18,2026-06-09 15:10:04.362924,DEVICE_0930_A,IP_0930_A,692,0,0,0
TXN_005113,USER_1460,MERCHANT_053,582.31,2026-06-09 15:50:04.362924,DEVICE_1460_A,IP_1460_A,1196,0,1,0
TXN_004984,USER_1380,MERCHANT_112,537.28,2026-06-09 15:53:04.362924,DEVICE_1380_A,IP_1380_A,1022,1,1,0
TXN_001827,USER_0040,MERCHANT_005,840.21,2026-06-09 15:59:04.362924,DEVICE_RING_B_01,IP_RING_B_01,40,2,4,1
TXN_003964,USER_0466,MERCHANT_074,1068.02,2026-06-09 16:29:04.362924,DEVICE_0466_A,IP_0466_A,1177,0,0,0
TXN_003926,USER_1004,MERCHANT_127,466.21,2026-06-09 17:04:04.362924,DEVICE_1004_A,IP_1004_A,1328,0,0,0
TXN_005564,USER_0087,MERCHANT_009,5276.55,2026-06-09 17:11:04.362924,DEVICE_RING_C_02,IP_RING_C_02,78,6,3,1
TXN_004129,USER_0222,MERCHANT_137,345.69,2026-06-09 17:32:04.362924,DEVICE_0222_A,IP_0222_A,911,0,1,0
TXN_004556,USER_0778,MERCHANT_008,478.94,2026-06-09 17:35:04.362924,DEVICE_0778_A,IP_0778_A,711,2,0,0
TXN_004959,USER_1015,MERCHANT_131,577.26,2026-06-09 17:42:04.362924,DEVICE_1015_A,IP_1015_A,1083,0,0,0
TXN_005581,USER_0433,MERCHANT_085,2495.22,2026-06-09 17:45:04.362924,DEVICE_0433_A,IP_0433_A,730,0,1,0
TXN_002348,USER_1040,MERCHANT_033,314.14,2026-06-09 17:50:04.362924,DEVICE_1040_A,IP_1040_A,1387,0,0,0
TXN_005066,USER_0698,MERCHANT_140,514.54,2026-06-09 17:50:04.362924,DEVICE_0698_A,IP_0698_A,1102,1,0,0
TXN_003029,USER_0368,MERCHANT_009,409.35,2026-06-09 17:57:04.362924,DEVICE_0368_A,IP_0368_A,944,0,0,0
TXN_003657,USER_1296,MERCHANT_016,603.24,2026-06-09 18:51:04.362924,DEVICE_1296_A,IP_1296_A,1443,0,1,0
TXN_000194,USER_0080,MERCHANT_009,719.32,2026-06-09 19:03:04.362924,DEVICE_RING_C_02,IP_RING_C_02,8,2,4,1
TXN_001099,USER_0523,MERCHANT_028,1192.94,2026-06-09 19:24:04.362924,DEVICE_0523_A,IP_0523_A,97,1,0,0
TXN_004269,USER_0772,MERCHANT_113,258.78,2026-06-09 19:49:04.362924,DEVICE_0772_A,IP_0772_A,1414,1,0,0
TXN_002847,USER_0872,MERCHANT_006,385.78,2026-06-09 20:08:04.362924,DEVICE_0872_A,IP_0872_A,721,0,1,0
TXN_005368,USER_0861,MERCHANT_102,477.81,2026-06-09 20:23:04.362924,DEVICE_0861_A,IP_0861_A,540,0,1,0
TXN_005100,USER_1322,MERCHANT_078,631.43,2026-06-09 20:52:04.362924,DEVICE_1322_A,IP_1322_A,1465,1,0,0
TXN_000105,USER_1470,MERCHANT_134,531.64,2026-06-09 21:15:04.362924,DEVICE_1470_A,IP_1470_A,647,0,2,0
TXN_001344,USER_0580,MERCHANT_013,1465.45,2026-06-09 21:29:04.362924,DEVICE_0580_A,IP_0580_A,599,1,0,0
TXN_000833,USER_0644,MERCHANT_044,282.54,2026-06-09 21:31:04.362924,DEVICE_0644_A,IP_0644_A,153,0,0,0
TXN_004638,USER_0129,MERCHANT_048,240.25,2026-06-09 21:45:04.362924,DEVICE_0129_A,IP_0129_A,566,0,0,0
TXN_000059,USER_0084,MERCHANT_008,3481.82,2026-06-09 21:52:04.362924,DEVICE_RING_C_02,IP_RING_C_02,85,8,2,1
TXN_003119,USER_0642,MERCHANT_083,1317.46,2026-06-09 22:11:04.362924,DEVICE_0642_A,IP_0642_A,1169,0,0,0
TXN_000632,USER_0728,MERCHANT_050,1889.55,2026-06-09 22:19:04.362924,DEVICE_0728_A,IP_0728_A,686,0,1,0
TXN_002083,USER_0553,MERCHANT_078,203.17,2026-06-09 23:11:04.362924,DEVICE_0553_A,IP_0553_A,921,0,0,0
TXN_001648,USER_0018,MERCHANT_003,6699.42,2026-06-09 23:48:04.362924,DEVICE_RING_A_02,IP_RING_A_01,54,3,1,1
TXN_001686,USER_1275,MERCHANT_124,1462.19,2026-06-10 00:33:04.362924,DEVICE_1275_A,IP_1275_A,123,0,0,0
TXN_004078,USER_0421,MERCHANT_086,133.13,2026-06-10 00:48:04.362924,DEVICE_0421_A,IP_0421_A,1303,1,0,0
TXN_001231,USER_0291,MERCHANT_107,394.97,2026-06-10 01:24:04.362924,DEVICE_0291_A,IP_0291_A,1472,0,0,0
TXN_000279,USER_0988,MERCHANT_089,632.25,2026-06-10 01:28:04.362924,DEVICE_0988_A,IP_0988_A,1464,0,2,0
TXN_005239,USER_0082,MERCHANT_007,2992.79,2026-06-10 01:47:04.362924,DEVICE_RING_C_02,IP_RING_C_02,39,3,1,1
TXN_000025,USER_0232,MERCHANT_142,398.87,2026-06-10 01:57:04.362924,DEVICE_0232_A,IP_0232_A,628,0,0,0
TXN_004732,USER_0208,MERCHANT_006,577.97,2026-06-10 03:23:04.362924,DEVICE_0208_A,IP_0208_A,754,0,0,0
TXN_005696,USER_0229,MERCHANT_024,888.82,2026-06-10 03:25:04.362924,DEVICE_0229_A,IP_0229_A,941,0,0,0
TXN_005352,USER_0993,MERCHANT_066,795.14,2026-06-10 03:44:04.362924,DEVICE_0993_A,IP_0993_A,79,0,0,0
TXN_004931,USER_1442,MERCHANT_119,1365.59,2026-06-10 04:23:04.362924,DEVICE_1442_A,IP_1442_A,577,0,0,0
TXN_005722,USER_0624,MERCHANT_125,2183.2,2026-06-10 04:25:04.362924,DEVICE_0624_A,IP_0624_A,1095,1,0,0
TXN_004161,USER_0038,MERCHANT_006,2532.28,2026-06-10 04:37:04.362924,DEVICE_RING_B_01,IP_RING_B_01,13,4,1,1
TXN_001255,USER_0158,MERCHANT_092,1506.71,2026-06-10 05:18:04.362924,DEVICE_0158_A,IP_0158_A,564,0,0,0
TXN_001227,USER_1249,MERCHANT_020,620.04,2026-06-10 06:47:04.362924,DEVICE_1249_A,IP_1249_A,122,0,0,0
TXN_002689,USER_0276,MERCHANT_071,1058.41,2026-06-10 06:52:04.362924,DEVICE_0276_A,IP_0276_A,1126,1,0,0
TXN_004017,USER_0537,MERCHANT_008,418.34,2026-06-10 07:13:04.362924,DEVICE_0537_A,IP_0537_A,1080,0,0,0
TXN_002337,USER_0002,MERCHANT_001,4124.55,2026-06-10 07:17:04.362924,DEVICE_RING_A_02,IP_RING_A_02,46,6,1,1
TXN_005505,USER_0425,MERCHANT_090,417.47,2026-06-10 07:32:04.362924,DEVICE_0425_A,IP_0425_A,1392,0,0,0
TXN_000489,USER_0911,MERCHANT_113,2126.61,2026-06-10 07:42:04.362924,DEVICE_0911_A,IP_0911_A,889,2,1,0
TXN_003276,USER_0140,MERCHANT_101,1658.24,2026-06-10 07:42:04.362924,DEVICE_0140_A,IP_0140_A,619,2,0,0
TXN_005204,USER_0378,MERCHANT_064,1069.55,2026-06-10 07:49:04.362924,DEVICE_0378_A,IP_0378_A,300,0,1,0
TXN_001955,USER_1276,MERCHANT_133,383.82,2026-06-10 08:01:04.362924,DEVICE_1276_A,IP_1276_A,1105,0,1,0
TXN_004724,USER_0064,MERCHANT_008,1845.46,2026-06-10 08:24:04.362924,DEVICE_RING_C_01,IP_RING_C_01,49,2,1,1
TXN_004480,USER_0338,MERCHANT_148,1322.59,2026-06-10 09:01:04.362924,DEVICE_0338_A,IP_0338_A,520,0,0,0
TXN_004851,USER_0563,MERCHANT_100,83.79,2026-06-10 09:04:04.362924,DEVICE_0563_A,IP_0563_A,700,0,0,0
TXN_004453,USER_0731,MERCHANT_092,1421.1,2026-06-10 09:13:04.362924,DEVICE_0731_A,IP_0731_A,343,0,1,0
TXN_002801,USER_0126,MERCHANT_067,688.7,2026-06-10 09:15:04.362924,DEVICE_0126_A,IP_0126_A,533,0,0,0
TXN_003391,USER_1249,MERCHANT_118,183.86,2026-06-10 09:28:04.362924,DEVICE_1249_A,IP_1249_A,123,0,0,0
TXN_002720,USER_0687,MERCHANT_080,658.25,2026-06-10 09:44:04.362924,DEVICE_0687_A,IP_0687_A,1156,1,1,0
TXN_005067,USER_0064,MERCHANT_007,2579.73,2026-06-10 10:17:04.362924,DEVICE_RING_C_02,IP_RING_C_01,29,8,2,1
TXN_004653,USER_0900,MERCHANT_139,620.86,2026-06-10 11:06:04.362924,DEVICE_0900_A,IP_0900_A,1039,1,0,0
TXN_000125,USER_0288,MERCHANT_070,931.76,2026-06-10 11:14:04.362924,DEVICE_0288_A,IP_0288_A,937,0,0,0
TXN_003946,USER_0293,MERCHANT_148,1190.39,2026-06-10 11:32:04.362924,DEVICE_0293_A,IP_0293_A,479,0,0,0
TXN_003142,USER_0790,MERCHANT_112,121.69,2026-06-10 11:45:04.362924,DEVICE_0790_A,IP_0790_A,566,0,1,0
TXN_003499,USER_1492,MERCHANT_019,522.99,2026-06-10 11:45:04.362924,DEVICE_1492_A,IP_1492_A,960,1,1,0
TXN_000818,USER_1500,MERCHANT_101,1169.29,2026-06-10 12:53:04.362924,DEVICE_1500_A,IP_1500_A,942,1,0,0
TXN_000227,USER_0076,MERCHANT_009,2665.98,2026-06-10 12:56:04.362924,DEVICE_RING_C_02,IP_RING_C_02,2,8,1,1
TXN_000461,USER_0465,MERCHANT_147,2618.81,2026-06-10 13:09:04.362924,DEVICE_0465_A,IP_0465_A,917,1,0,0
TXN_004203,USER_1233,MERCHANT_016,286.51,2026-06-10 13:16:04.362924,DEVICE_1233_A,IP_1233_A,1205,1,0,0
TXN_000914,USER_0031,MERCHANT_004,12106.52,2026-06-10 13:20:04.362924,DEVICE_RING_B_02,IP_RING_B_01,50,2,1,1
TXN_000623,USER_1401,MERCHANT_078,2461.31,2026-06-10 13:37:04.362924,DEVICE_1401_A,IP_1401_A,1034,1,0,0
TXN_001606,USER_0899,MERCHANT_105,293.52,2026-06-10 13:50:04.362924,DEVICE_0899_A,IP_0899_A,1105,0,0,0
TXN_002647,USER_1332,MERCHANT_077,454.43,2026-06-10 14:34:04.362924,DEVICE_1332_A,IP_1332_A,557,0,0,0
TXN_003639,USER_0487,MERCHANT_037,546.83,2026-06-10 14:41:04.362924,DEVICE_0487_A,IP_0487_A,176,0,0,0
TXN_000300,USER_0670,MERCHANT_097,962.13,2026-06-10 15:07:04.362924,DEVICE_0670_A,IP_0670_A,1409,0,0,0
TXN_001314,USER_0535,MERCHANT_062,911.68,2026-06-10 15:51:04.362924,DEVICE_0535_A,IP_0535_A,1252,0,0,0
TXN_001599,USER_0821,MERCHANT_110,609.43,2026-06-10 16:12:04.362924,DEVICE_0821_A,IP_0821_A,1252,1,0,0
TXN_001177,USER_1434,MERCHANT_048,168.55,2026-06-10 16:20:04.362924,DEVICE_1434_A,IP_1434_A,1320,0,0,0
TXN_000151,USER_1413,MERCHANT_086,724.01,2026-06-10 16:55:04.362924,DEVICE_1413_A,IP_1413_A,164,0,0,0
TXN_004313,USER_0346,MERCHANT_141,869.54,2026-06-10 17:19:04.362924,DEVICE_0346_A,IP_0346_A,815,0,0,0
TXN_003260,USER_1033,MERCHANT_114,1761.96,2026-06-10 18:28:04.362924,DEVICE_1033_A,IP_1033_A,596,1,0,0
TXN_005596,USER_0777,MERCHANT_141,162.37,2026-06-10 19:03:04.362924,DEVICE_0777_A,IP_0777_A,185,0,0,0
TXN_005974,USER_0001,MERCHANT_002,290.13,2026-06-10 19:07:04.362924,DEVICE_RING_A_01,IP_RING_A_02,6,5,5,1
TXN_003315,USER_1467,MERCHANT_025,457.53,2026-06-10 19:13:04.362924,DEVICE_1467_A,IP_1467_A,1082,0,0,0
TXN_005299,USER_1054,MERCHANT_120,1011.48,2026-06-10 19:31:04.362924,DEVICE_1054_A,IP_1054_A,38,1,0,0
TXN_000549,USER_1420,MERCHANT_150,792.58,2026-06-10 19:47:04.362924,DEVICE_1420_A,IP_1420_A,1218,2,0,0
TXN_003149,USER_0139,MERCHANT_109,552.21,2026-06-10 19:50:04.362924,DEVICE_0139_A,IP_0139_A,358,1,0,0
TXN_001017,USER_1441,MERCHANT_094,368.1,2026-06-10 20:33:04.362924,DEVICE_1441_A,IP_1441_A,613,0,0,0
TXN_005206,USER_1324,MERCHANT_069,1115.83,2026-06-10 20:48:04.362924,DEVICE_1324_A,IP_1324_A,1328,2,0,0
TXN_000048,USER_0505,MERCHANT_133,1325.8,2026-06-10 20:56:04.362924,DEVICE_0505_A,IP_0505_A,770,0,0,0
TXN_004337,USER_0499,MERCHANT_129,172.62,2026-06-10 21:00:04.362924,DEVICE_0499_A,IP_0499_A,914,1,2,0
TXN_001023,USER_0095,MERCHANT_010,2439.85,2026-06-10 21:14:04.362924,DEVICE_RING_D_01,IP_RING_D_02,50,4,2,1
TXN_005813,USER_0909,MERCHANT_024,707.09,2026-06-10 22:14:04.362924,DEVICE_0909_A,IP_0909_A,1254,0,0,0
TXN_004887,USER_0847,MERCHANT_018,336.33,2026-06-10 22:14:04.362924,DEVICE_0847_A,IP_0847_A,472,1,0,0
TXN_001041,USER_1175,MERCHANT_094,2121.49,2026-06-10 22:16:04.362924,DEVICE_1175_A,IP_1175_A,135,0,0,0
TXN_003769,USER_0662,MERCHANT_110,987.78,2026-06-10 23:30:04.362924,DEVICE_0662_A,IP_0662_A,866,0,0,0
TXN_002850,USER_1186,MERCHANT_053,400.45,2026-06-10 23:31:04.362924,DEVICE_1186_A,IP_1186_A,769,0,1,0
TXN_005148,USER_1106,MERCHANT_137,512.03,2026-06-10 23:33:04.362924,DEVICE_1106_A,IP_1106_A,729,0,0,0
TXN_003404,USER_0677,MERCHANT_102,557.13,2026-06-10 23:36:04.362924,DEVICE_0677_A,IP_0677_A,1430,1,0,0
TXN_001131,USER_0922,MERCHANT_068,763.53,2026-06-11 00:17:04.362924,DEVICE_0922_A,IP_0922_A,1043,0,0,0
TXN_001647,USER_1234,MERCHANT_069,521.43,2026-06-11 00:35:04.362924,DEVICE_1234_A,IP_1234_A,1315,0,0,0
TXN_001679,USER_0569,MERCHANT_101,1268.59,2026-06-11 00:51:04.362924,DEVICE_0569_A,IP_0569_A,406,1,2,0
TXN_002043,USER_1029,MERCHANT_016,404.99,2026-06-11 00:58:04.362924,DEVICE_1029_A,IP_1029_A,673,0,0,0
TXN_001534,USER_0317,MERCHANT_092,537.12,2026-06-11 01:35:04.362924,DEVICE_0317_A,IP_0317_A,1000,0,0,0
TXN_003605,USER_0127,MERCHANT_064,1078.72,2026-06-11 01:38:04.362924,DEVICE_0127_A,IP_0127_A,837,0,0,0
TXN_002358,USER_0922,MERCHANT_098,668.12,2026-06-11 01:48:04.362924,DEVICE_0922_A,IP_0922_A,343,2,0,0
TXN_000973,USER_1337,MERCHANT_056,1127.11,2026-06-11 02:47:04.362924,DEVICE_1337_A,IP_1337_A,1257,0,0,0
TXN_003401,USER_0893,MERCHANT_047,867.4,2026-06-11 03:24:04.362924,DEVICE_0893_A,IP_0893_A,1295,2,0,0
TXN_001365,USER_0607,MERCHANT_130,1471.97,2026-06-11 03:44:04.362924,DEVICE_0607_A,IP_0607_A,1175,1,0,0
TXN_003327,USER_0083,MERCHANT_008,2494.0,2026-06-11 04:00:04.362924,DEVICE_RING_C_01,IP_RING_C_02,59,4,4,1
TXN_003071,USER_0665,MERCHANT_104,231.58,2026-06-11 04:19:04.362924,DEVICE_0665_A,IP_0665_A,879,0,0,0
TXN_004757,USER_0101,MERCHANT_010,559.36,2026-06-11 04:28:04.362924,DEVICE_RING_D_01,IP_RING_D_02,6,4,1,1
TXN_004901,USER_1303,MERCHANT_134,447.21,2026-06-11 04:59:04.362924,DEVICE_1303_A,IP_1303_A,651,1,0,0
TXN_005638,USER_0105,MERCHANT_011,912.45,2026-06-11 05:18:04.362924,DEVICE_RING_D_02,IP_RING_D_01,84,5,2,1
TXN_002893,USER_1040,MERCHANT_036,1067.51,2026-06-11 05:38:04.362924,DEVICE_1040_A,IP_1040_A,855,1,0,0
TXN_003758,USER_1248,MERCHANT_036,2775.22,2026-06-11 06:27:04.362924,DEVICE_1248_A,IP_1248_A,576,1,0,0
TXN_001524,USER_0803,MERCHANT_040,292.17,2026-06-11 07:00:04.362924,DEVICE_0803_A,IP_0803_A,1497,0,0,0
TXN_001100,USER_1081,MERCHANT_031,778.05,2026-06-11 08:00:04.362924,DEVICE_1081_A,IP_1081_A,548,0,0,0
TXN_002630,USER_0171,MERCHANT_131,418.77,2026-06-11 09:21:04.362924,DEVICE_0171_A,IP_0171_A,477,0,0,0
TXN_003154,USER_0133,MERCHANT_138,452.96,2026-06-11 09:32:04.362924,DEVICE_0133_A,IP_0133_A,60,0,0,0
TXN_001791,USER_0556,MERCHANT_004,147.02,2026-06-11 10:11:04.362924,DEVICE_0556_A,IP_0556_A,1403,0,1,0
TXN_002455,USER_0520,MERCHANT_135,1000.71,2026-06-11 10:50:04.362924,DEVICE_0520_A,IP_0520_A,1062,0,0,0
TXN_005095,USER_0140,MERCHANT_100,550.37,2026-06-11 11:00:04.362924,DEVICE_0140_A,IP_0140_A,603,0,0,0
TXN_000106,USER_1101,MERCHANT_103,812.38,2026-06-11 11:24:04.362924,DEVICE_1101_A,IP_1101_A,903,0,0,0
TXN_000465,USER_0300,MERCHANT_072,551.52,2026-06-11 11:44:04.362924,DEVICE_0300_A,IP_0300_A,814,0,0,0
TXN_003659,USER_0398,MERCHANT_077,676.75,2026-06-11 11:46:04.362924,DEVICE_0398_A,IP_0398_A,464,1,0,0
TXN_003846,USER_1145,MERCHANT_119,1116.67,2026-06-11 12:06:04.362924,DEVICE_1145_A,IP_1145_A,280,0,1,0
TXN_003997,USER_0263,MERCHANT_103,126.29,2026-06-11 12:12:04.362924,DEVICE_0263_A,IP_0263_A,363,0,2,0
TXN_002772,USER_1476,MERCHANT_116,342.75,2026-06-11 12:23:04.362924,DEVICE_1476_A,IP_1476_A,492,0,0,0
TXN_005295,USER_0696,MERCHANT_113,1618.07,2026-06-11 12:44:04.362924,DEVICE_0696_A,IP_0696_A,625,2,0,0
TXN_004468,USER_0055,MERCHANT_006,3796.09,2026-06-11 12:44:04.362924,DEVICE_RING_B_01,IP_RING_B_01,19,6,3,1
TXN_004573,USER_0138,MERCHANT_114,1100.61,2026-06-11 12:50:04.362924,DEVICE_0138_A,IP_0138_A,199,0,0,0
TXN_005740,USER_0854,MERCHANT_054,646.21,2026-06-11 13:38:04.362924,DEVICE_0854_A,IP_0854_A,848,1,0,0
TXN_003136,USER_0586,MERCHANT_138,836.46,2026-06-11 13:41:04.362924,DEVICE_0586_A,IP_0586_A,1167,1,0,0
TXN_003376,USER_1443,MERCHANT_012,278.36,2026-06-11 13:51:04.362924,DEVICE_1443_A,IP_1443_A,1318,1,1,0
TXN_000978,USER_0904,MERCHANT_100,97.42,2026-06-11 14:49:04.362924,DEVICE_0904_A,IP_0904_A,711,2,0,0
TXN_004913,USER_0777,MERCHANT_058,1115.73,2026-06-11 15:39:04.362924,DEVICE_0777_A,IP_0777_A,109,0,1,0
TXN_001002,USER_0536,MERCHANT_110,1200.39,2026-06-11 16:23:04.362924,DEVICE_0536_A,IP_0536_A,720,1,2,0
TXN_004910,USER_1175,MERCHANT_081,323.53,2026-06-11 16:50:04.362924,DEVICE_1175_A,IP_1175_A,346,0,0,0
TXN_000396,USER_1215,MERCHANT_102,422.02,2026-06-11 16:52:04.362924,DEVICE_1215_A,IP_1215_A,476,2,1,0
TXN_004007,USER_1384,MERCHANT_088,78.94,2026-06-11 17:16:04.362924,DEVICE_1384_A,IP_1384_A,1133,0,0,0
TXN_004273,USER_0752,MERCHANT_124,216.59,2026-06-11 18:06:04.362924,DEVICE_0752_A,IP_0752_A,135,0,0,0
TXN_001419,USER_0938,MERCHANT_064,1888.01,2026-06-11 18:16:04.362924,DEVICE_0938_A,IP_0938_A,1106,0,0,0
TXN_005546,USER_1311,MERCHANT_054,171.32,2026-06-11 18:20:04.362924,DEVICE_1311_A,IP_1311_A,544,0,0,0
TXN_000700,USER_0659,MERCHANT_057,522.31,2026-06-11 18:31:04.362924,DEVICE_0659_A,IP_0659_A,789,0,0,0
TXN_005364,USER_0112,MERCHANT_011,988.8,2026-06-11 19:11:04.362924,DEVICE_RING_D_01,IP_RING_D_02,2,3,5,1
TXN_003280,USER_0268,MERCHANT_139,909.12,2026-06-11 19:14:04.362924,DEVICE_0268_A,IP_0268_A,644,0,1,0
TXN_001153,USER_1419,MERCHANT_053,371.56,2026-06-11 19:16:04.362924,DEVICE_1419_A,IP_1419_A,874,0,0,0
TXN_001461,USER_1127,MERCHANT_018,540.82,2026-06-11 19:41:04.362924,DEVICE_1127_A,IP_1127_A,424,0,2,0
TXN_004674,USER_0406,MERCHANT_119,271.94,2026-06-11 19:56:04.362924,DEVICE_0406_A,IP_0406_A,1251,0,0,0
TXN_002046,USER_0516,MERCHANT_129,1390.89,2026-06-11 20:25:04.362924,DEVICE_0516_A,IP_0516_A,332,1,0,0
TXN_001353,USER_0032,MERCHANT_005,4296.3,2026-06-11 20:35:04.362924,DEVICE_RING_B_02,IP_RING_B_01,79,7,4,1
TXN_004802,USER_0809,MERCHANT_107,574.72,2026-06-11 20:48:04.362924,DEVICE_0809_A,IP_0809_A,591,0,1,0
TXN_004162,USER_0987,MERCHANT_049,859.89,2026-06-11 21:05:04.362924,DEVICE_0987_A,IP_0987_A,496,1,0,0
TXN_003629,USER_0756,MERCHANT_058,188.64,2026-06-11 21:11:04.362924,DEVICE_0756_A,IP_0756_A,459,1,0,0
TXN_001684,USER_0554,MERCHANT_003,765.25,2026-06-11 21:13:04.362924,DEVICE_0554_A,IP_0554_A,663,0,0,0
TXN_001380,USER_0363,MERCHANT_037,2360.05,2026-06-11 21:21:04.362924,DEVICE_0363_A,IP_0363_A,297,1,0,0
TXN_002814,USER_0410,MERCHANT_103,471.54,2026-06-11 21:41:04.362924,DEVICE_0410_A,IP_0410_A,1297,0,0,0
TXN_003909,USER_0151,MERCHANT_099,931.09,2026-06-11 21:45:04.362924,DEVICE_0151_A,IP_0151_A,403,0,1,0
TXN_003379,USER_0754,MERCHANT_048,876.91,2026-06-11 22:05:04.362924,DEVICE_0754_A,IP_0754_A,684,0,1,0
TXN_003077,USER_0769,MERCHANT_045,1073.09,2026-06-11 22:13:04.362924,DEVICE_0769_A,IP_0769_A,116,0,0,0
TXN_001354,USER_0329,MERCHANT_015,1060.29,2026-06-11 22:15:04.362924,DEVICE_0329_A,IP_0329_A,1175,0,1,0
TXN_004606,USER_1253,MERCHANT_114,496.05,2026-06-11 22:38:04.362924,DEVICE_1253_A,IP_1253_A,1097,0,0,0
TXN_003038,USER_1462,MERCHANT_001,681.83,2026-06-11 22:45:04.362924,DEVICE_1462_A,IP_1462_A,469,1,0,0
TXN_002389,USER_0864,MERCHANT_081,1169.79,2026-06-11 22:45:04.362924,DEVICE_0864_A,IP_0864_A,1224,1,0,0
TXN_002674,USER_0221,MERCHANT_009,400.53,2026-06-11 22:50:04.362924,DEVICE_0221_A,IP_0221_A,546,0,1,0
TXN_003695,USER_0161,MERCHANT_015,1154.1,2026-06-11 23:20:04.362924,DEVICE_0161_A,IP_0161_A,1478,0,0,0
TXN_004281,USER_1005,MERCHANT_056,2883.7,2026-06-11 23:34:04.362924,DEVICE_1005_A,IP_1005_A,305,0,0,0
TXN_004562,USER_0797,MERCHANT_139,2178.1,2026-06-11 23:52:04.362924,DEVICE_0797_A,IP_0797_A,578,2,0,0
TXN_001426,USER_0060,MERCHANT_006,349.91,2026-06-12 00:20:04.362924,DEVICE_RING_B_02,IP_RING_B_02,16,4,1,1
TXN_002439,USER_0783,MERCHANT_123,432.4,2026-06-12 00:41:04.362924,DEVICE_0783_A,IP_0783_A,1274,0,0,0
TXN_005076,USER_1346,MERCHANT_064,647.11,2026-06-12 00:51:04.362924,DEVICE_1346_A,IP_1346_A,1335,1,0,0
TXN_001043,USER_0035,MERCHANT_006,7351.99,2026-06-12 00:54:04.362924,DEVICE_RING_B_02,IP_RING_B_01,15,7,4,1
TXN_005609,USER_0033,MERCHANT_005,6140.83,2026-06-12 01:07:04.362924,DEVICE_RING_B_02,IP_RING_B_02,38,7,3,1
TXN_003173,USER_1363,MERCHANT_100,223.43,2026-06-12 01:29:04.362924,DEVICE_1363_A,IP_1363_A,535,1,0,0
TXN_004197,USER_0915,MERCHANT_134,1366.36,2026-06-12 01:45:04.362924,DEVICE_0915_A,IP_0915_A,131,0,0,0
TXN_002354,USER_0616,MERCHANT_112,215.39,2026-06-12 01:46:04.362924,DEVICE_0616_A,IP_0616_A,1290,0,0,0
TXN_003855,USER_0543,MERCHANT_087,456.14,2026-06-12 02:12:04.362924,DEVICE_0543_A,IP_0543_A,456,1,2,0
TXN_004588,USER_0933,MERCHANT_039,1195.26,2026-06-12 05:47:04.362924,DEVICE_0933_A,IP_0933_A,888,0,0,0
TXN_000122,USER_0411,MERCHANT_008,303.35,2026-06-12 06:32:04.362924,DEVICE_0411_A,IP_0411_A,217,1,0,0
TXN_003660,USER_0823,MERCHANT_136,3153.69,2026-06-12 06:44:04.362924,DEVICE_0823_A,IP_0823_A,1046,0,0,0
TXN_004782,USER_0041,MERCHANT_005,3346.3,2026-06-12 06:52:04.362924,DEVICE_RING_B_01,IP_RING_B_02,54,3,1,1
TXN_003294,USER_0152,MERCHANT_009,773.13,2026-06-12 06:53:04.362924,DEVICE_0152_A,IP_0152_A,1200,0,1,0
TXN_003008,USER_0452,MERCHANT_015,188.0,2026-06-12 07:11:04.362924,DEVICE_0452_A,IP_0452_A,708,0,1,0
TXN_001413,USER_1052,MERCHANT_015,844.59,2026-06-12 07:24:04.362924,DEVICE_1052_A,IP_1052_A,784,0,0,0
TXN_005806,USER_1428,MERCHANT_145,664.8,2026-06-12 07:44:04.362924,DEVICE_1428_A,IP_1428_A,1338,0,0,0
TXN_002140,USER_0099,MERCHANT_011,576.24,2026-06-12 08:14:04.362924,DEVICE_RING_D_01,IP_RING_D_01,62,8,1,1
TXN_000637,USER_1298,MERCHANT_059,1112.44,2026-06-12 08:24:04.362924,DEVICE_1298_A,IP_1298_A,559,0,0,0
TXN_004164,USER_1359,MERCHANT_135,151.36,2026-06-12 08:45:04.362924,DEVICE_1359_A,IP_1359_A,335,1,0,0
TXN_003329,USER_0167,MERCHANT_042,264.49,2026-06-12 09:43:04.362924,DEVICE_0167_A,IP_0167_A,1255,0,0,0
TXN_003417,USER_1396,MERCHANT_128,1127.19,2026-06-12 09:53:04.362924,DEVICE_1396_A,IP_1396_A,226,0,0,0
TXN_001700,USER_0487,MERCHANT_118,686.51,2026-06-12 09:55:04.362924,DEVICE_0487_A,IP_0487_A,558,2,2,0
TXN_001474,USER_0958,MERCHANT_010,606.65,2026-06-12 10:08:04.362924,DEVICE_0958_A,IP_0958_A,284,0,0,0
TXN_001397,USER_0858,MERCHANT_010,218.46,2026-06-12 10:23:04.362924,DEVICE_0858_A,IP_0858_A,1148,0,0,0
TXN_004970,USER_0085,MERCHANT_007,10687.19,2026-06-12 11:41:04.362924,DEVICE_RING_C_02,IP_RING_C_02,79,5,4,1
TXN_002574,USER_0064,MERCHANT_007,2377.59,2026-06-12 11:55:04.362924,DEVICE_RING_C_02,IP_RING_C_02,9,3,3,1
TXN_004309,USER_0791,MERCHANT_039,517.62,2026-06-12 12:11:04.362924,DEVICE_0791_A,IP_0791_A,1331,0,1,0
TXN_005887,USER_0561,MERCHANT_100,345.12,2026-06-12 12:22:04.362924,DEVICE_0561_A,IP_0561_A,1167,0,0,0
TXN_004074,USER_1465,MERCHANT_050,538.21,2026-06-12 13:00:04.362924,DEVICE_1465_A,IP_1465_A,1017,0,0,0
TXN_000301,USER_0506,MERCHANT_144,322.2,2026-06-12 13:31:04.362924,DEVICE_0506_A,IP_0506_A,474,0,1,0
TXN_000624,USER_0771,MERCHANT_135,1645.82,2026-06-12 13:44:04.362924,DEVICE_0771_A,IP_0771_A,480,2,0,0
TXN_001707,USER_0577,MERCHANT_100,993.63,2026-06-12 13:57:04.362924,DEVICE_0577_A,IP_0577_A,976,0,0,0
TXN_001947,USER_0392,MERCHANT_132,796.12,2026-06-12 14:02:04.362924,DEVICE_0392_A,IP_0392_A,1114,1,1,0
TXN_005829,USER_1000,MERCHANT_082,676.8,2026-06-12 14:56:04.362924,DEVICE_1000_A,IP_1000_A,1034,0,0,0
TXN_000230,USER_0912,MERCHANT_130,998.87,2026-06-12 15:09:04.362924,DEVICE_0912_A,IP_0912_A,952,1,0,0
TXN_005269,USER_0346,MERCHANT_137,220.31,2026-06-12 15:28:04.362924,DEVICE_0346_A,IP_0346_A,94,0,0,0
TXN_000209,USER_0377,MERCHANT_082,882.9,2026-06-12 15:38:04.362924,DEVICE_0377_A,IP_0377_A,1345,0,0,0
TXN_004495,USER_1400,MERCHANT_016,1140.77,2026-06-12 16:34:04.362924,DEVICE_1400_A,IP_1400_A,349,0,0,0
TXN_000144,USER_0756,MERCHANT_119,689.11,2026-06-12 16:36:04.362924,DEVICE_0756_A,IP_0756_A,955,0,0,0
TXN_002411,USER_0483,MERCHANT_096,1108.78,2026-06-12 17:05:04.362924,DEVICE_0483_A,IP_0483_A,163,0,1,0
TXN_005773,USER_1083,MERCHANT_015,1012.44,2026-06-12 17:15:04.362924,DEVICE_1083_A,IP_1083_A,1081,0,0,0
TXN_001617,USER_1240,MERCHANT_088,750.69,2026-06-12 18:06:04.362924,DEVICE_1240_A,IP_1240_A,647,1,2,0
TXN_001624,USER_0459,MERCHANT_113,363.52,2026-06-12 18:20:04.362924,DEVICE_0459_A,IP_0459_A,1073,0,0,0
TXN_000084,USER_0409,MERCHANT_058,406.76,2026-06-12 19:01:04.362924,DEVICE_0409_A,IP_0409_A,1415,1,2,0
TXN_004723,USER_0619,MERCHANT_141,611.91,2026-06-12 19:30:04.362924,DEVICE_0619_A,IP_0619_A,1391,0,0,0
TXN_002697,USER_0439,MERCHANT_032,1350.53,2026-06-12 21:03:04.362924,DEVICE_0439_A,IP_0439_A,36,2,0,0
TXN_001657,USER_0125,MERCHANT_039,680.8,2026-06-12 21:21:04.362924,DEVICE_0125_A,IP_0125_A,1373,0,0,0
TXN_001927,USER_0094,MERCHANT_010,199.09,2026-06-12 23:47:04.362924,DEVICE_RING_D_01,IP_RING_D_01,42,6,3,1
TXN_001332,USER_0029,MERCHANT_002,8457.49,2026-06-12 23:53:04.362924,DEVICE_RING_A_02,IP_RING_A_01,49,8,5,1
TXN_000669,USER_1179,MERCHANT_065,82.16,2026-06-13 00:34:04.362924,DEVICE_1179_A,IP_1179_A,800,2,0,0
TXN_002935,USER_1378,MERCHANT_017,1157.44,2026-06-13 00:54:04.362924,DEVICE_1378_A,IP_1378_A,1315,0,0,0
TXN_005847,USER_0745,MERCHANT_037,5390.44,2026-06-13 01:18:04.362924,DEVICE_0745_A,IP_0745_A,1392,0,0,0
TXN_005316,USER_0615,MERCHANT_071,493.59,2026-06-13 01:27:04.362924,DEVICE_0615_A,IP_0615_A,1210,0,0,0
TXN_000814,USER_0235,MERCHANT_086,695.3,2026-06-13 01:58:04.362924,DEVICE_0235_A,IP_0235_A,742,1,0,0
TXN_004755,USER_0826,MERCHANT_148,401.76,2026-06-13 02:34:04.362924,DEVICE_0826_A,IP_0826_A,400,1,0,0
TXN_000070,USER_1369,MERCHANT_098,369.85,2026-06-13 03:02:04.362924,DEVICE_1369_A,IP_1369_A,1299,0,0,0
TXN_000299,USER_1042,MERCHANT_095,1103.87,2026-06-13 03:15:04.362924,DEVICE_1042_A,IP_1042_A,219,0,1,0
TXN_005478,USER_0463,MERCHANT_108,591.16,2026-06-13 03:26:04.362924,DEVICE_0463_A,IP_0463_A,1211,0,1,0
TXN_002417,USER_0913,MERCHANT_083,907.36,2026-06-13 04:00:04.362924,DEVICE_0913_A,IP_0913_A,1310,0,0,0
TXN_002721,USER_1245,MERCHANT_148,2598.13,2026-06-13 04:33:04.362924,DEVICE_1245_A,IP_1245_A,1444,0,1,0
TXN_005165,USER_1180,MERCHANT_140,1088.85,2026-06-13 04:42:04.362924,DEVICE_1180_A,IP_1180_A,516,0,0,0
TXN_004402,USER_0784,MERCHANT_124,1340.61,2026-06-13 04:56:04.362924,DEVICE_0784_A,IP_0784_A,232,1,1,0
TXN_004148,USER_1437,MERCHANT_135,558.81,2026-06-13 05:11:04.362924,DEVICE_1437_A,IP_1437_A,1335,0,0,0
TXN_004464,USER_1051,MERCHANT_033,1435.2,2026-06-13 05:19:04.362924,DEVICE_1051_A,IP_1051_A,660,0,0,0
TXN_000217,USER_0214,MERCHANT_148,336.07,2026-06-13 07:58:04.362924,DEVICE_0214_A,IP_0214_A,572,0,0,0
TXN_002449,USER_1204,MERCHANT_126,333.32,2026-06-13 08:09:04.362924,DEVICE_1204_A,IP_1204_A,977,0,1,0
TXN_005085,USER_0062,MERCHANT_009,6505.1,2026-06-13 08:32:04.362924,DEVICE_RING_C_01,IP_RING_C_01,32,3,1,1
TXN_003604,USER_0040,MERCHANT_004,2501.71,2026-06-13 09:18:04.362924,DEVICE_RING_B_02,IP_RING_B_02,14,3,5,1
TXN_005831,USER_0369,MERCHANT_034,502.5,2026-06-13 09:22:04.362924,DEVICE_0369_A,IP_0369_A,1398,1,0,0
TXN_005507,USER_0145,MERCHANT_045,272.74,2026-06-13 09:27:04.362924,DEVICE_0145_A,IP_0145_A,1299,1,0,0
TXN_002589,USER_0957,MERCHANT_114,329.28,2026-06-13 09:39:04.362924,DEVICE_0957_A,IP_0957_A,936,0,1,0
TXN_004470,USER_0081,MERCHANT_007,3682.76,2026-06-13 10:54:04.362924,DEVICE_RING_C_01,IP_RING_C_02,6,4,1,1
TXN_003251,USER_0557,MERCHANT_019,943.28,2026-06-13 11:04:04.362924,DEVICE_0557_A,IP_0557_A,102,0,0,0
TXN_002400,USER_0847,MERCHANT_127,632.03,2026-06-13 12:00:04.362924,DEVICE_0847_A,IP_0847_A,62,0,0,0
TXN_005921,USER_0962,MERCHANT_087,1534.78,2026-06-13 12:12:04.362924,DEVICE_0962_A,IP_0962_A,1216,0,0,0
TXN_005495,USER_0937,MERCHANT_005,828.88,2026-06-13 12:17:04.362924,DEVICE_0937_A,IP_0937_A,203,0,0,0
TXN_004501,USER_0291,MERCHANT_074,292.32,2026-06-13 13:34:04.362924,DEVICE_0291_A,IP_0291_A,341,0,0,0
TXN_003862,USER_0791,MERCHANT_116,331.93,2026-06-13 13:36:04.362924,DEVICE_0791_A,IP_0791_A,908,2,0,0
TXN_004330,USER_0785,MERCHANT_024,443.89,2026-06-13 14:42:04.362924,DEVICE_0785_A,IP_0785_A,162,0,0,0
TXN_005179,USER_0670,MERCHANT_016,546.35,2026-06-13 15:11:04.362924,DEVICE_0670_A,IP_0670_A,235,0,0,0
TXN_001842,USER_0233,MERCHANT_070,146.28,2026-06-13 15:28:04.362924,DEVICE_0233_A,IP_0233_A,1360,0,0,0
TXN_000341,USER_1266,MERCHANT_063,323.84,2026-06-13 15:33:04.362924,DEVICE_1266_A,IP_1266_A,1201,0,0,0
TXN_002560,USER_0419,MERCHANT_011,1200.07,2026-06-13 15:52:04.362924,DEVICE_0419_A,IP_0419_A,786,0,0,0
TXN_004445,USER_1434,MERCHANT_131,140.38,2026-06-13 16:13:04.362924,DEVICE_1434_A,IP_1434_A,1410,0,0,0
TXN_003100,USER_0734,MERCHANT_104,926.88,2026-06-13 16:29:04.362924,DEVICE_0734_A,IP_0734_A,217,1,0,0
TXN_004069,USER_1091,MERCHANT_094,245.92,2026-06-13 16:36:04.362924,DEVICE_1091_A,IP_1091_A,533,0,0,0
TXN_001266,USER_0665,MERCHANT_096,207.81,2026-06-13 16:43:04.362924,DEVICE_0665_A,IP_0665_A,1494,1,0,0
TXN_005034,USER_0558,MERCHANT_060,898.53,2026-06-13 17:02:04.362924,DEVICE_0558_A,IP_0558_A,737,1,0,0
TXN_001352,USER_0245,MERCHANT_009,155.31,2026-06-13 17:23:04.362924,DEVICE_0245_A,IP_0245_A,802,0,1,0
TXN_000016,USER_0615,MERCHANT_105,393.55,2026-06-13 17:33:04.362924,DEVICE_0615_A,IP_0615_A,1030,0,0,0
TXN_004974,USER_0791,MERCHANT_148,125.53,2026-06-13 18:06:04.362924,DEVICE_0791_A,IP_0791_A,1003,0,0,0
TXN_002921,USER_0926,MERCHANT_094,349.96,2026-06-13 18:48:04.362924,DEVICE_0926_A,IP_0926_A,60,1,0,0
TXN_005676,USER_0310,MERCHANT_106,609.12,2026-06-13 18:54:04.362924,DEVICE_0310_A,IP_0310_A,1347,2,0,0
TXN_005626,USER_0538,MERCHANT_129,557.68,2026-06-13 19:05:04.362924,DEVICE_0538_A,IP_0538_A,201,2,0,0
TXN_005621,USER_1254,MERCHANT_023,471.84,2026-06-13 19:09:04.362924,DEVICE_1254_A,IP_1254_A,263,0,0,0
TXN_002544,USER_1289,MERCHANT_048,476.07,2026-06-13 19:13:04.362924,DEVICE_1289_A,IP_1289_A,1391,0,0,0
TXN_001028,USER_0964,MERCHANT_134,656.52,2026-06-13 19:26:04.362924,DEVICE_0964_A,IP_0964_A,1031,1,0,0
TXN_000641,USER_0697,MERCHANT_113,466.42,2026-06-13 19:30:04.362924,DEVICE_0697_A,IP_0697_A,811,0,0,0
TXN_005737,USER_1007,MERCHANT_132,926.52,2026-06-13 19:35:04.362924,DEVICE_1007_A,IP_1007_A,732,0,0,0
TXN_003963,USER_1133,MERCHANT_145,622.6,2026-06-13 19:35:04.362924,DEVICE_1133_A,IP_1133_A,416,0,0,0
TXN_003382,USER_1133,MERCHANT_043,1465.34,2026-06-13 20:14:04.362924,DEVICE_1133_A,IP_1133_A,101,0,0,0
TXN_003390,USER_1159,MERCHANT_090,665.96,2026-06-13 20:49:04.362924,DEVICE_1159_A,IP_1159_A,101,0,0,0
TXN_000338,USER_0504,MERCHANT_111,471.49,2026-06-13 21:14:04.362924,DEVICE_0504_A,IP_0504_A,949,0,0,0
TXN_000499,USER_0724,MERCHANT_123,311.13,2026-06-13 21:57:04.362924,DEVICE_0724_A,IP_0724_A,438,0,0,0
TXN_004123,USER_1446,MERCHANT_110,1230.62,2026-06-13 22:10:04.362924,DEVICE_1446_A,IP_1446_A,574,1,0,0
TXN_005790,USER_1253,MERCHANT_049,644.13,2026-06-13 22:30:04.362924,DEVICE_1253_A,IP_1253_A,936,0,1,0
TXN_001783,USER_0512,MERCHANT_095,194.1,2026-06-13 22:48:04.362924,DEVICE_0512_A,IP_0512_A,1130,2,1,0
TXN_000590,USER_1141,MERCHANT_115,315.72,2026-06-13 22:48:04.362924,DEVICE_1141_A,IP_1141_A,677,0,0,0
TXN_004945,USER_0321,MERCHANT_050,2226.16,2026-06-13 23:10:04.362924,DEVICE_0321_A,IP_0321_A,1168,0,1,0
TXN_004933,USER_0725,MERCHANT_086,1896.55,2026-06-13 23:35:04.362924,DEVICE_0725_A,IP_0725_A,411,1,1,0
TXN_002851,USER_0176,MERCHANT_099,397.71,2026-06-13 23:36:04.362924,DEVICE_0176_A,IP_0176_A,345,0,0,0
TXN_002502,USER_1345,MERCHANT_095,1240.25,2026-06-13 23:40:04.362924,DEVICE_1345_A,IP_1345_A,964,1,0,0
TXN_001839,USER_0408,MERCHANT_078,585.23,2026-06-13 23:42:04.362924,DEVICE_0408_A,IP_0408_A,526,0,0,0
TXN_003105,USER_0094,MERCHANT_010,1205.25,2026-06-13 23:43:04.362924,DEVICE_RING_D_02,IP_RING_D_02,64,6,2,1
TXN_005226,USER_1201,MERCHANT_091,268.25,2026-06-14 00:04:04.362924,DEVICE_1201_A,IP_1201_A,891,2,0,0
TXN_002802,USER_0861,MERCHANT_133,4521.98,2026-06-14 00:16:04.362924,DEVICE_0861_A,IP_0861_A,593,0,0,0
TXN_001972,USER_1178,MERCHANT_055,66.13,2026-06-14 00:19:04.362924,DEVICE_1178_A,IP_1178_A,36,0,0,0
TXN_000572,USER_0347,MERCHANT_147,2109.61,2026-06-14 00:57:04.362924,DEVICE_0347_A,IP_0347_A,1400,0,1,0
TXN_000935,USER_1314,MERCHANT_003,834.59,2026-06-14 01:35:04.362924,DEVICE_1314_A,IP_1314_A,1282,2,0,0
TXN_001311,USER_0040,MERCHANT_004,2438.21,2026-06-14 02:19:04.362924,DEVICE_RING_B_02,IP_RING_B_01,79,4,2,1
TXN_003743,USER_0369,MERCHANT_065,763.71,2026-06-14 03:06:04.362924,DEVICE_0369_A,IP_0369_A,273,0,0,0
TXN_002829,USER_0314,MERCHANT_117,1224.78,2026-06-14 03:16:04.362924,DEVICE_0314_A,IP_0314_A,1107,0,1,0
TXN_000819,USER_0575,MERCHANT_111,638.19,2026-06-14 03:19:04.362924,DEVICE_0575_A,IP_0575_A,623,1,0,0
TXN_000081,USER_0725,MERCHANT_084,508.86,2026-06-14 03:25:04.362924,DEVICE_0725_A,IP_0725_A,880,0,0,0
TXN_001574,USER_1420,MERCHANT_021,216.91,2026-06-14 03:26:04.362924,DEVICE_1420_A,IP_1420_A,187,1,1,0
TXN_000707,USER_1246,MERCHANT_073,229.66,2026-06-14 03:30:04.362924,DEVICE_1246_A,IP_1246_A,1175,1,0,0
TXN_003132,USER_0791,MERCHANT_088,583.33,2026-06-14 03:47:04.362924,DEVICE_0791_A,IP_0791_A,1234,0,0,0
TXN_004698,USER_1467,MERCHANT_075,1558.31,2026-06-14 04:07:04.362924,DEVICE_1467_A,IP_1467_A,1361,0,0,0
TXN_000931,USER_0566,MERCHANT_036,395.65,2026-06-14 04:18:04.362924,DEVICE_0566_A,IP_0566_A,1219,1,0,0
TXN_000989,USER_0869,MERCHANT_137,508.37,2026-06-14 04:35:04.362924,DEVICE_0869_A,IP_0869_A,726,0,0,0
TXN_004911,USER_0299,MERCHANT_076,406.77,2026-06-14 04:37:04.362924,DEVICE_0299_A,IP_0299_A,852,0,0,0
TXN_001035,USER_0153,MERCHANT_123,417.61,2026-06-14 04:44:04.362924,DEVICE_0153_A,IP_0153_A,1400,0,0,0
TXN_002060,USER_0039,MERCHANT_005,3034.0,2026-06-14 04:47:04.362924,DEVICE_RING_B_01,IP_RING_B_02,5,2,5,1
TXN_000455,USER_0629,MERCHANT_092,403.12,2026-06-14 05:47:04.362924,DEVICE_0629_A,IP_0629_A,841,0,0,0
TXN_003606,USER_0260,MERCHANT_121,331.54,2026-06-14 06:12:04.362924,DEVICE_0260_A,IP_0260_A,515,2,0,0
TXN_002831,USER_1413,MERCHANT_051,167.17,2026-06-14 06:14:04.362924,DEVICE_1413_A,IP_1413_A,1038,0,0,0
TXN_002416,USER_0128,MERCHANT_111,735.5,2026-06-14 06:36:04.362924,DEVICE_0128_A,IP_0128_A,1434,0,0,0
TXN_005503,USER_0030,MERCHANT_003,2949.67,2026-06-14 06:36:04.362924,DEVICE_RING_A_01,IP_RING_A_01,61,2,1,1
TXN_001678,USER_1189,MERCHANT_097,1877.91,2026-06-14 07:22:04.362924,DEVICE_1189_A,IP_1189_A,286,1,0,0
TXN_002231,USER_0980,MERCHANT_017,359.05,2026-06-14 07:46:04.362924,DEVICE_0980_A,IP_0980_A,260,2,0,0
TXN_001288,USER_0248,MERCHANT_109,878.24,2026-06-14 08:03:04.362924,DEVICE_0248_A,IP_0248_A,296,0,0,0
TXN_002056,USER_1124,MERCHANT_091,324.57,2026-06-14 08:24:04.362924,DEVICE_1124_A,IP_1124_A,1215,0,0,0
TXN_002987,USER_0241,MERCHANT_097,547.25,2026-06-14 08:49:04.362924,DEVICE_0241_A,IP_0241_A,46,1,0,0
TXN_004324,USER_0355,MERCHANT_067,267.58,2026-06-14 09:14:04.362924,DEVICE_0355_A,IP_0355_A,1456,1,0,0
TXN_005304,USER_0669,MERCHANT_074,908.78,2026-06-14 09:18:04.362924,DEVICE_0669_A,IP_0669_A,631,0,2,0
TXN_004812,USER_0254,MERCHANT_139,142.79,2026-06-14 09:24:04.362924,DEVICE_0254_A,IP_0254_A,422,0,0,0
TXN_003199,USER_0062,MERCHANT_008,1722.84,2026-06-14 09:33:04.362924,DEVICE_RING_C_01,IP_RING_C_02,84,3,1,1
TXN_001223,USER_0203,MERCHANT_132,965.13,2026-06-14 09:34:04.362924,DEVICE_0203_A,IP_0203_A,729,2,0,0
TXN_004457,USER_0577,MERCHANT_108,251.92,2026-06-14 10:12:04.362924,DEVICE_0577_A,IP_0577_A,1389,0,0,0
TXN_000402,USER_1461,MERCHANT_093,382.76,2026-06-14 10:26:04.362924,DEVICE_1461_A,IP_1461_A,542,0,0,0
TXN_003712,USER_0344,MERCHANT_053,223.65,2026-06-14 10:50:04.362924,DEVICE_0344_A,IP_0344_A,1137,1,0,0
TXN_004540,USER_1275,MERCHANT_056,1065.94,2026-06-14 10:57:04.362924,DEVICE_1275_A,IP_1275_A,796,0,0,0
TXN_003948,USER_0298,MERCHANT_057,827.22,2026-06-14 11:06:04.362924,DEVICE_0298_A,IP_0298_A,812,1,0,0
TXN_001813,USER_0325,MERCHANT_078,2010.41,2026-06-14 11:40:04.362924,DEVICE_0325_A,IP_0325_A,717,0,0,0
TXN_005632,USER_0095,MERCHANT_012,5936.47,2026-06-14 12:05:04.362924,DEVICE_RING_D_01,IP_RING_D_02,52,5,1,1
TXN_000809,USER_0198,MERCHANT_118,1538.78,2026-06-14 12:30:04.362924,DEVICE_0198_A,IP_0198_A,758,0,0,0
TXN_002100,USER_0379,MERCHANT_038,1108.04,2026-06-14 13:07:04.362924,DEVICE_0379_A,IP_0379_A,1326,0,1,0
TXN_005294,USER_0041,MERCHANT_004,998.08,2026-06-14 13:14:04.362924,DEVICE_RING_B_01,IP_RING_B_02,50,4,1,1
TXN_004618,USER_1263,MERCHANT_150,71.44,2026-06-14 13:19:04.362924,DEVICE_1263_A,IP_1263_A,285,1,0,0
TXN_002020,USER_0246,MERCHANT_120,236.86,2026-06-14 13:26:04.362924,DEVICE_0246_A,IP_0246_A,1247,0,0,0
TXN_005715,USER_0442,MERCHANT_023,806.63,2026-06-14 13:38:04.362924,DEVICE_0442_A,IP_0442_A,1360,1,0,0
TXN_000576,USER_0214,MERCHANT_003,114.27,2026-06-14 14:03:04.362924,DEVICE_0214_A,IP_0214_A,313,0,0,0
TXN_003090,USER_1238,MERCHANT_022,668.22,2026-06-14 14:14:04.362924,DEVICE_1238_A,IP_1238_A,511,0,0,0
TXN_002004,USER_1269,MERCHANT_044,476.26,2026-06-14 14:54:04.362924,DEVICE_1269_A,IP_1269_A,455,1,0,0
TXN_000447,USER_1156,MERCHANT_035,789.88,2026-06-14 15:19:04.362924,DEVICE_1156_A,IP_1156_A,1335,1,0,0
TXN_001089,USER_1215,MERCHANT_149,494.06,2026-06-14 15:53:04.362924,DEVICE_1215_A,IP_1215_A,750,1,0,0
TXN_005393,USER_0364,MERCHANT_092,648.12,2026-06-14 16:00:04.362924,DEVICE_0364_A,IP_0364_A,42,0,0,0
TXN_001874,USER_0537,MERCHANT_009,1076.72,2026-06-14 16:41:04.362924,DEVICE_0537_A,IP_0537_A,317,1,0,0
TXN_003544,USER_0128,MERCHANT_083,267.44,2026-06-14 17:02:04.362924,DEVICE_0128_A,IP_0128_A,1323,0,1,0
TXN_002234,USER_1099,MERCHANT_127,1171.9,2026-06-14 17:07:04.362924,DEVICE_1099_A,IP_1099_A,1199,0,0,0
TXN_001348,USER_0178,MERCHANT_123,1209.15,2026-06-14 17:50:04.362924,DEVICE_0178_A,IP_0178_A,914,1,0,0
TXN_002322,USER_0437,MERCHANT_096,1076.14,2026-06-14 18:21:04.362924,DEVICE_0437_A,IP_0437_A,1205,0,0,0
TXN_002394,USER_0201,MERCHANT_035,368.49,2026-06-14 18:35:04.362924,DEVICE_0201_A,IP_0201_A,810,0,0,0
TXN_002145,USER_0796,MERCHANT_019,507.52,2026-06-14 18:42:04.362924,DEVICE_0796_A,IP_0796_A,968,1,0,0
TXN_002696,USER_0712,MERCHANT_080,1755.4,2026-06-14 19:45:04.362924,DEVICE_0712_A,IP_0712_A,1140,0,0,0
TXN_004785,USER_0054,MERCHANT_004,25000.0,2026-06-14 19:53:04.362924,DEVICE_RING_B_02,IP_RING_B_02,13,4,4,1
TXN_005146,USER_0849,MERCHANT_044,658.22,2026-06-14 19:54:04.362924,DEVICE_0849_A,IP_0849_A,860,0,0,0
TXN_004404,USER_1314,MERCHANT_080,779.28,2026-06-14 20:05:04.362924,DEVICE_1314_A,IP_1314_A,63,2,0,0
TXN_004712,USER_1336,MERCHANT_141,935.73,2026-06-14 20:30:04.362924,DEVICE_1336_A,IP_1336_A,534,0,1,0
TXN_000650,USER_0525,MERCHANT_149,1011.39,2026-06-14 21:03:04.362924,DEVICE_0525_A,IP_0525_A,1027,2,0,0
TXN_002165,USER_1220,MERCHANT_014,1963.21,2026-06-14 21:12:04.362924,DEVICE_1220_A,IP_1220_A,683,1,0,0
TXN_005199,USER_0574,MERCHANT_064,318.02,2026-06-14 21:56:04.362924,DEVICE_0574_A,IP_0574_A,70,2,0,0
TXN_002330,USER_1185,MERCHANT_024,1134.28,2026-06-14 22:19:04.362924,DEVICE_1185_A,IP_1185_A,1388,0,1,0
TXN_004296,USER_0587,MERCHANT_077,190.86,2026-06-14 22:32:04.362924,DEVICE_0587_A,IP_0587_A,590,0,0,0
TXN_000032,USER_0546,MERCHANT_055,2407.0,2026-06-14 23:18:04.362924,DEVICE_0546_A,IP_0546_A,571,0,0,0
TXN_001310,USER_1230,MERCHANT_044,856.58,2026-06-14 23:31:04.362924,DEVICE_1230_A,IP_1230_A,614,0,0,0
TXN_003082,USER_0425,MERCHANT_056,666.61,2026-06-15 00:03:04.362924,DEVICE_0425_A,IP_0425_A,1023,0,0,0
TXN_004915,USER_0218,MERCHANT_105,231.13,2026-06-15 00:34:04.362924,DEVICE_0218_A,IP_0218_A,768,0,0,0
TXN_000061,USER_1022,MERCHANT_026,418.87,2026-06-15 01:46:04.362924,DEVICE_1022_A,IP_1022_A,1107,1,0,0
TXN_000067,USER_1029,MERCHANT_043,568.45,2026-06-15 02:05:04.362924,DEVICE_1029_A,IP_1029_A,1451,0,0,0
TXN_003209,USER_0937,MERCHANT_069,1178.77,2026-06-15 02:14:04.362924,DEVICE_0937_A,IP_0937_A,1296,0,0,0
TXN_003798,USER_0210,MERCHANT_047,703.45,2026-06-15 02:38:04.362924,DEVICE_0210_A,IP_0210_A,216,0,1,0
TXN_005025,USER_0160,MERCHANT_020,3310.14,2026-06-15 02:40:04.362924,DEVICE_0160_A,IP_0160_A,972,0,0,0
TXN_000515,USER_0706,MERCHANT_138,389.3,2026-06-15 03:09:04.362924,DEVICE_0706_A,IP_0706_A,734,1,0,0
TXN_001946,USER_0379,MERCHANT_009,454.74,2026-06-15 03:09:04.362924,DEVICE_0379_A,IP_0379_A,913,0,0,0
TXN_005820,USER_1350,MERCHANT_109,491.77,2026-06-15 04:04:04.362924,DEVICE_1350_A,IP_1350_A,201,0,0,0
TXN_003344,USER_1175,MERCHANT_132,1509.34,2026-06-15 04:04:04.362924,DEVICE_1175_A,IP_1175_A,1333,1,0,0
TXN_004877,USER_0772,MERCHANT_129,219.61,2026-06-15 04:55:04.362924,DEVICE_0772_A,IP_0772_A,470,1,0,0
TXN_005004,USER_0809,MERCHANT_106,468.42,2026-06-15 05:01:04.362924,DEVICE_0809_A,IP_0809_A,1184,0,0,0
TXN_000007,USER_0738,MERCHANT_031,1961.25,2026-06-15 05:08:04.362924,DEVICE_0738_A,IP_0738_A,1189,1,0,0
TXN_002952,USER_0578,MERCHANT_130,1074.9,2026-06-15 05:50:04.362924,DEVICE_0578_A,IP_0578_A,247,0,0,0
TXN_000615,USER_1382,MERCHANT_144,3756.5,2026-06-15 06:24:04.362924,DEVICE_1382_A,IP_1382_A,489,1,0,0
TXN_004138,USER_0981,MERCHANT_036,773.09,2026-06-15 06:33:04.362924,DEVICE_0981_A,IP_0981_A,664,0,0,0
TXN_002263,USER_1408,MERCHANT_121,1515.9,2026-06-15 06:41:04.362924,DEVICE_1408_A,IP_1408_A,505,0,0,0
TXN_004546,USER_0683,MERCHANT_132,929.98,2026-06-15 07:36:04.362924,DEVICE_0683_A,IP_0683_A,1352,0,0,0
TXN_001603,USER_1149,MERCHANT_047,369.61,2026-06-15 07:40:04.362924,DEVICE_1149_A,IP_1149_A,416,2,0,0
TXN_000339,USER_0174,MERCHANT_023,817.81,2026-06-15 08:10:04.362924,DEVICE_0174_A,IP_0174_A,754,0,0,0
TXN_004770,USER_0978,MERCHANT_079,1090.57,2026-06-15 08:19:04.362924,DEVICE_0978_A,IP_0978_A,1276,0,0,0
TXN_005665,USER_0348,MERCHANT_069,416.22,2026-06-15 08:29:04.362924,DEVICE_0348_A,IP_0348_A,548,1,0,0
TXN_000148,USER_0824,MERCHANT_022,222.87,2026-06-15 08:38:04.362924,DEVICE_0824_A,IP_0824_A,1063,0,0,0
TXN_005277,USER_0348,MERCHANT_144,199.15,2026-06-15 08:56:04.362924,DEVICE_0348_A,IP_0348_A,1327,0,0,0
TXN_002273,USER_1120,MERCHANT_144,361.46,2026-06-15 09:38:04.362924,DEVICE_1120_A,IP_1120_A,1272,1,0,0
TXN_005465,USER_1058,MERCHANT_010,137.2,2026-06-15 10:07:04.362924,DEVICE_1058_A,IP_1058_A,914,0,1,0
TXN_003582,USER_0574,MERCHANT_001,1628.53,2026-06-15 10:32:04.362924,DEVICE_0574_A,IP_0574_A,1169,1,0,0
TXN_004491,USER_0285,MERCHANT_116,807.14,2026-06-15 10:37:04.362924,DEVICE_0285_A,IP_0285_A,1051,0,0,0
TXN_000362,USER_0074,MERCHANT_009,11577.11,2026-06-15 10:55:04.362924,DEVICE_RING_C_01,IP_RING_C_01,19,4,3,1
TXN_001286,USER_0792,MERCHANT_133,221.08,2026-06-15 12:24:04.362924,DEVICE_0792_A,IP_0792_A,1222,0,0,0
TXN_004235,USER_1289,MERCHANT_108,185.8,2026-06-15 14:08:04.362924,DEVICE_1289_A,IP_1289_A,355,0,0,0
TXN_001212,USER_0783,MERCHANT_040,356.83,2026-06-15 14:14:04.362924,DEVICE_0783_A,IP_0783_A,89,0,1,0
TXN_000222,USER_0774,MERCHANT_062,147.89,2026-06-15 14:29:04.362924,DEVICE_0774_A,IP_0774_A,985,0,0,0
TXN_003726,USER_1298,MERCHANT_029,928.88,2026-06-15 14:45:04.362924,DEVICE_1298_A,IP_1298_A,684,2,0,0
TXN_004764,USER_1125,MERCHANT_032,800.38,2026-06-15 15:05:04.362924,DEVICE_1125_A,IP_1125_A,256,0,1,0
TXN_004830,USER_1058,MERCHANT_006,272.86,2026-06-15 15:10:04.362924,DEVICE_1058_A,IP_1058_A,917,0,0,0
TXN_000692,USER_0437,MERCHANT_110,1431.43,2026-06-15 15:22:04.362924,DEVICE_0437_A,IP_0437_A,1364,0,0,0
TXN_005127,USER_0359,MERCHANT_149,488.64,2026-06-15 15:28:04.362924,DEVICE_0359_A,IP_0359_A,1323,1,0,0
TXN_002481,USER_0542,MERCHANT_052,380.9,2026-06-15 15:41:04.362924,DEVICE_0542_A,IP_0542_A,1197,1,0,0
TXN_003576,USER_0900,MERCHANT_075,744.08,2026-06-15 15:52:04.362924,DEVICE_0900_A,IP_0900_A,1226,0,0,0
TXN_003048,USER_0822,MERCHANT_082,466.26,2026-06-15 16:21:04.362924,DEVICE_0822_A,IP_0822_A,564,2,0,0
TXN_001749,USER_0411,MERCHANT_073,691.67,2026-06-15 16:26:04.362924,DEVICE_0411_A,IP_0411_A,566,1,0,0
TXN_003832,USER_0991,MERCHANT_020,403.71,2026-06-15 16:34:04.362924,DEVICE_0991_A,IP_0991_A,61,0,0,0
TXN_005630,USER_1300,MERCHANT_010,790.01,2026-06-15 17:47:04.362924,DEVICE_1300_A,IP_1300_A,1080,0,0,0
TXN_002459,USER_0681,MERCHANT_117,872.79,2026-06-15 17:54:04.362924,DEVICE_0681_A,IP_0681_A,595,0,0,0
TXN_005647,USER_0772,MERCHANT_134,380.41,2026-06-15 18:40:04.362924,DEVICE_0772_A,IP_0772_A,48,1,0,0
TXN_000118,USER_0838,MERCHANT_143,249.74,2026-06-15 18:56:04.362924,DEVICE_0838_A,IP_0838_A,782,0,0,0
TXN_004578,USER_0891,MERCHANT_094,2350.39,2026-06-15 19:11:04.362924,DEVICE_0891_A,IP_0891_A,1483,0,0,0
TXN_001709,USER_0933,MERCHANT_111,543.19,2026-06-15 19:13:04.362924,DEVICE_0933_A,IP_0933_A,438,0,0,0
TXN_003148,USER_0933,MERCHANT_086,351.71,2026-06-15 19:20:04.362924,DEVICE_0933_A,IP_0933_A,1266,0,0,0
TXN_002755,USER_0748,MERCHANT_109,567.63,2026-06-15 19:28:04.362924,DEVICE_0748_A,IP_0748_A,544,0,0,0
TXN_002842,USER_1225,MERCHANT_075,192.38,2026-06-15 20:19:04.362924,DEVICE_1225_A,IP_1225_A,492,0,0,0
TXN_004381,USER_1063,MERCHANT_036,675.04,2026-06-15 20:23:04.362924,DEVICE_1063_A,IP_1063_A,1228,1,0,0
TXN_001802,USER_0223,MERCHANT_064,573.31,2026-06-15 21:03:04.362924,DEVICE_0223_A,IP_0223_A,257,0,0,0
TXN_001491,USER_1424,MERCHANT_043,396.64,2026-06-15 21:04:04.362924,DEVICE_1424_A,IP_1424_A,193,0,0,0
TXN_005525,USER_0320,MERCHANT_030,315.66,2026-06-15 21:15:04.362924,DEVICE_0320_A,IP_0320_A,215,0,0,0
TXN_000357,USER_0629,MERCHANT_091,591.73,2026-06-15 21:27:04.362924,DEVICE_0629_A,IP_0629_A,370,0,0,0
TXN_003020,USER_1063,MERCHANT_018,907.54,2026-06-15 21:41:04.362924,DEVICE_1063_A,IP_1063_A,740,1,0,0
TXN_001964,USER_0366,MERCHANT_114,973.45,2026-06-15 21:59:04.362924,DEVICE_0366_A,IP_0366_A,915,0,0,0
TXN_002535,USER_0438,MERCHANT_020,438.74,2026-06-15 22:07:04.362924,DEVICE_0438_A,IP_0438_A,437,0,0,0
TXN_004542,USER_0102,MERCHANT_010,17487.49,2026-06-15 22:13:04.362924,DEVICE_RING_D_01,IP_RING_D_01,68,7,5,1
TXN_002750,USER_0669,MERCHANT_095,514.7,2026-06-15 22:26:04.362924,DEVICE_0669_A,IP_0669_A,1099,0,0,0
TXN_005212,USER_0803,MERCHANT_128,267.21,2026-06-15 22:59:04.362924,DEVICE_0803_A,IP_0803_A,673,0,1,0
TXN_001666,USER_0243,MERCHANT_090,589.8,2026-06-15 23:10:04.362924,DEVICE_0243_A,IP_0243_A,769,1,1,0
TXN_005975,USER_1342,MERCHANT_084,838.96,2026-06-15 23:12:04.362924,DEVICE_1342_A,IP_1342_A,265,0,2,0
TXN_001797,USER_0031,MERCHANT_005,1817.09,2026-06-15 23:16:04.362924,DEVICE_RING_B_02,IP_RING_B_01,4,5,5,1
TXN_001985,USER_1377,MERCHANT_085,1226.32,2026-06-15 23:31:04.362924,DEVICE_1377_A,IP_1377_A,294,0,0,0
TXN_003562,USER_0079,MERCHANT_009,1172.96,2026-06-16 00:17:04.362924,DEVICE_RING_C_02,IP_RING_C_01,89,4,3,1
TXN_001179,USER_0444,MERCHANT_064,285.86,2026-06-16 00:38:04.362924,DEVICE_0444_A,IP_0444_A,1087,1,0,0
TXN_001338,USER_0689,MERCHANT_146,478.22,2026-06-16 00:53:04.362924,DEVICE_0689_A,IP_0689_A,1054,0,0,0
TXN_002248,USER_0367,MERCHANT_141,221.23,2026-06-16 01:18:04.362924,DEVICE_0367_A,IP_0367_A,1489,0,1,0
TXN_005451,USER_0448,MERCHANT_028,430.76,2026-06-16 01:21:04.362924,DEVICE_0448_A,IP_0448_A,1158,0,1,0
TXN_004410,USER_0094,MERCHANT_010,6004.2,2026-06-16 01:27:04.362924,DEVICE_RING_D_02,IP_RING_D_01,83,3,1,1
TXN_003538,USER_0305,MERCHANT_121,326.24,2026-06-16 03:01:04.362924,DEVICE_0305_A,IP_0305_A,1289,0,1,0
TXN_005635,USER_0610,MERCHANT_053,333.61,2026-06-16 03:13:04.362924,DEVICE_0610_A,IP_0610_A,355,0,1,0
TXN_005798,USER_0503,MERCHANT_027,494.38,2026-06-16 03:24:04.362924,DEVICE_0503_A,IP_0503_A,1434,0,0,0
TXN_000902,USER_0887,MERCHANT_010,446.72,2026-06-16 03:42:04.362924,DEVICE_0887_A,IP_0887_A,443,1,0,0
TXN_002199,USER_1210,MERCHANT_041,370.86,2026-06-16 03:55:04.362924,DEVICE_1210_A,IP_1210_A,1081,1,0,0
TXN_001977,USER_0709,MERCHANT_108,1394.11,2026-06-16 04:00:04.362924,DEVICE_0709_A,IP_0709_A,945,0,0,0
TXN_004750,USER_1351,MERCHANT_102,645.67,2026-06-16 04:43:04.362924,DEVICE_1351_A,IP_1351_A,1119,1,0,0
TXN_002266,USER_1404,MERCHANT_120,1467.49,2026-06-16 05:01:04.362924,DEVICE_1404_A,IP_1404_A,902,0,1,0
TXN_000921,USER_0840,MERCHANT_123,1342.32,2026-06-16 05:08:04.362924,DEVICE_0840_A,IP_0840_A,974,1,0,0
TXN_003117,USER_0042,MERCHANT_006,2058.59,2026-06-16 05:16:04.362924,DEVICE_RING_B_01,IP_RING_B_01,53,2,2,1
TXN_005351,USER_0358,MERCHANT_020,950.76,2026-06-16 05:18:04.362924,DEVICE_0358_A,IP_0358_A,663,1,0,0
TXN_005513,USER_0836,MERCHANT_055,967.91,2026-06-16 05:23:04.362924,DEVICE_0836_A,IP_0836_A,932,0,1,0
TXN_005078,USER_0988,MERCHANT_147,1306.1,2026-06-16 05:33:04.362924,DEVICE_0988_A,IP_0988_A,81,0,0,0
TXN_001728,USER_0481,MERCHANT_118,1099.9,2026-06-16 06:12:04.362924,DEVICE_0481_A,IP_0481_A,907,0,0,0
TXN_000200,USER_0174,MERCHANT_048,254.6,2026-06-16 06:21:04.362924,DEVICE_0174_A,IP_0174_A,1052,0,1,0
TXN_004388,USER_0942,MERCHANT_064,204.88,2026-06-16 06:40:04.362924,DEVICE_0942_A,IP_0942_A,1192,0,0,0
TXN_004539,USER_0505,MERCHANT_038,509.17,2026-06-16 06:58:04.362924,DEVICE_0505_A,IP_0505_A,565,0,0,0
TXN_000578,USER_0941,MERCHANT_103,1069.64,2026-06-16 07:12:04.362924,DEVICE_0941_A,IP_0941_A,964,0,0,0
TXN_005225,USER_0955,MERCHANT_131,5424.46,2026-06-16 07:18:04.362924,DEVICE_0955_A,IP_0955_A,998,1,0,0
TXN_004496,USER_0921,MERCHANT_123,2111.1,2026-06-16 07:18:04.362924,DEVICE_0921_A,IP_0921_A,1312,0,1,0
TXN_000595,USER_0025,MERCHANT_002,7055.66,2026-06-16 07:37:04.362924,DEVICE_RING_A_01,IP_RING_A_01,46,8,3,1
TXN_000382,USER_0669,MERCHANT_140,382.75,2026-06-16 08:01:04.362924,DEVICE_0669_A,IP_0669_A,781,0,0,0
TXN_000372,USER_0833,MERCHANT_091,871.69,2026-06-16 08:04:04.362924,DEVICE_0833_A,IP_0833_A,967,0,1,0
TXN_004587,USER_0030,MERCHANT_003,6943.5,2026-06-16 08:12:04.362924,DEVICE_RING_A_02,IP_RING_A_01,90,2,1,1
TXN_002349,USER_0357,MERCHANT_041,1009.33,2026-06-16 08:24:04.362924,DEVICE_0357_A,IP_0357_A,1030,0,0,0
TXN_005073,USER_0112,MERCHANT_012,4598.9,2026-06-16 08:38:04.362924,DEVICE_RING_D_01,IP_RING_D_01,9,7,3,1
TXN_001734,USER_0058,MERCHANT_005,1846.17,2026-06-16 08:39:04.362924,DEVICE_RING_B_02,IP_RING_B_01,60,5,4,1
TXN_000648,USER_0492,MERCHANT_146,576.06,2026-06-16 08:55:04.362924,DEVICE_0492_A,IP_0492_A,141,1,1,0
TXN_005931,USER_0865,MERCHANT_008,290.59,2026-06-16 09:42:04.362924,DEVICE_0865_A,IP_0865_A,97,0,0,0
TXN_003028,USER_0004,MERCHANT_002,3917.72,2026-06-16 10:07:04.362924,DEVICE_RING_A_01,IP_RING_A_02,14,3,2,1
TXN_001508,USER_1108,MERCHANT_139,1228.33,2026-06-16 11:14:04.362924,DEVICE_1108_A,IP_1108_A,523,0,0,0
TXN_001515,USER_0716,MERCHANT_023,563.92,2026-06-16 11:15:04.362924,DEVICE_0716_A,IP_0716_A,258,0,0,0
TXN_001978,USER_0481,MERCHANT_119,1221.18,2026-06-16 11:32:04.362924,DEVICE_0481_A,IP_0481_A,683,0,0,0
TXN_003766,USER_0978,MERCHANT_018,607.98,2026-06-16 12:21:04.362924,DEVICE_0978_A,IP_0978_A,1316,0,0,0
TXN_005415,USER_0541,MERCHANT_052,352.43,2026-06-16 12:33:04.362924,DEVICE_0541_A,IP_0541_A,806,1,0,0
TXN_005099,USER_0121,MERCHANT_078,337.57,2026-06-16 12:37:04.362924,DEVICE_0121_A,IP_0121_A,1141,0,0,0
TXN_005342,USER_1406,MERCHANT_112,826.99,2026-06-16 12:44:04.362924,DEVICE_1406_A,IP_1406_A,1274,0,0,0
TXN_001235,USER_0148,MERCHANT_044,328.38,2026-06-16 13:25:04.362924,DEVICE_0148_A,IP_0148_A,1373,0,0,0
TXN_003806,USER_0034,MERCHANT_006,4178.3,2026-06-16 13:38:04.362924,DEVICE_RING_B_02,IP_RING_B_01,60,8,5,1
TXN_000303,USER_1101,MERCHANT_063,1050.9,2026-06-16 14:48:04.362924,DEVICE_1101_A,IP_1101_A,1454,0,0,0
TXN_005594,USER_0615,MERCHANT_130,799.45,2026-06-16 14:50:04.362924,DEVICE_0615_A,IP_0615_A,1051,0,0,0
TXN_001013,USER_1206,MERCHANT_025,2845.16,2026-06-16 15:13:04.362924,DEVICE_1206_A,IP_1206_A,1297,0,0,0
TXN_002014,USER_1012,MERCHANT_076,296.49,2026-06-16 15:23:04.362924,DEVICE_1012_A,IP_1012_A,1415,0,0,0
TXN_000201,USER_0085,MERCHANT_007,3575.4,2026-06-16 15:47:04.362924,DEVICE_RING_C_02,IP_RING_C_02,79,4,4,1
TXN_004377,USER_0390,MERCHANT_032,101.31,2026-06-16 15:55:04.362924,DEVICE_0390_A,IP_0390_A,614,0,0,0
TXN_005830,USER_1256,MERCHANT_111,1666.58,2026-06-16 16:02:04.362924,DEVICE_1256_A,IP_1256_A,128,1,0,0
TXN_001262,USER_0541,MERCHANT_093,635.2,2026-06-16 16:26:04.362924,DEVICE_0541_A,IP_0541_A,351,1,0,0
TXN_000889,USER_0015,MERCHANT_003,4512.93,2026-06-16 16:45:04.362924,DEVICE_RING_A_01,IP_RING_A_01,54,5,1,1
TXN_001742,USER_0117,MERCHANT_011,2111.65,2026-06-16 17:07:04.362924,DEVICE_RING_D_02,IP_RING_D_01,27,2,1,1
TXN_003056,USER_1174,MERCHANT_032,315.56,2026-06-16 17:25:04.362924,DEVICE_1174_A,IP_1174_A,109,0,1,0
TXN_003750,USER_0319,MERCHANT_063,198.61,2026-06-16 17:55:04.362924,DEVICE_0319_A,IP_0319_A,942,0,0,0
TXN_002765,USER_0026,MERCHANT_001,3220.24,2026-06-16 18:00:04.362924,DEVICE_RING_A_02,IP_RING_A_01,61,7,3,1
TXN_001949,USER_0810,MERCHANT_087,1396.14,2026-06-16 18:33:04.362924,DEVICE_0810_A,IP_0810_A,1241,0,0,0
TXN_001628,USER_0471,MERCHANT_058,1568.21,2026-06-16 18:43:04.362924,DEVICE_0471_A,IP_0471_A,123,0,0,0
TXN_002712,USER_1400,MERCHANT_009,1893.54,2026-06-16 20:08:04.362924,DEVICE_1400_A,IP_1400_A,1336,0,0,0
TXN_000974,USER_0297,MERCHANT_034,367.77,2026-06-16 20:37:04.362924,DEVICE_0297_A,IP_0297_A,799,0,1,0
TXN_004310,USER_0682,MERCHANT_076,423.47,2026-06-16 21:19:04.362924,DEVICE_0682_A,IP_0682_A,85,0,0,0
TXN_001219,USER_0732,MERCHANT_126,320.67,2026-06-16 21:59:04.362924,DEVICE_0732_A,IP_0732_A,915,1,1,0
TXN_000598,USER_0925,MERCHANT_056,287.97,2026-06-16 22:18:04.362924,DEVICE_0925_A,IP_0925_A,966,1,0,0
TXN_001005,USER_0681,MERCHANT_037,1012.92,2026-06-16 22:18:04.362924,DEVICE_0681_A,IP_0681_A,880,0,0,0
TXN_001945,USER_0978,MERCHANT_068,956.34,2026-06-16 22:24:04.362924,DEVICE_0978_A,IP_0978_A,1165,1,0,0
TXN_000050,USER_0180,MERCHANT_062,159.92,2026-06-16 23:47:04.362924,DEVICE_0180_A,IP_0180_A,1483,0,0,0
TXN_005320,USER_0916,MERCHANT_035,899.78,2026-06-16 23:48:04.362924,DEVICE_0916_A,IP_0916_A,724,0,0,0
TXN_001844,USER_1318,MERCHANT_131,643.27,2026-06-16 23:49:04.362924,DEVICE_1318_A,IP_1318_A,1498,0,0,0
TXN_000458,USER_0145,MERCHANT_016,276.03,2026-06-16 23:51:04.362924,DEVICE_0145_A,IP_0145_A,485,0,1,0
TXN_001540,USER_1122,MERCHANT_131,69.6,2026-06-17 01:09:04.362924,DEVICE_1122_A,IP_1122_A,490,0,0,0
TXN_001120,USER_0634,MERCHANT_126,1319.38,2026-06-17 01:27:04.362924,DEVICE_0634_A,IP_0634_A,1048,0,1,0
TXN_001163,USER_0762,MERCHANT_085,211.61,2026-06-17 01:39:04.362924,DEVICE_0762_A,IP_0762_A,1226,1,1,0
TXN_001548,USER_0201,MERCHANT_033,752.4,2026-06-17 03:19:04.362924,DEVICE_0201_A,IP_0201_A,1207,0,0,0
TXN_004303,USER_1349,MERCHANT_097,288.97,2026-06-17 03:28:04.362924,DEVICE_1349_A,IP_1349_A,880,0,2,0
TXN_000645,USER_0206,MERCHANT_002,499.01,2026-06-17 03:44:04.362924,DEVICE_0206_A,IP_0206_A,1202,0,0,0
TXN_005852,USER_1082,MERCHANT_076,421.69,2026-06-17 04:14:04.362924,DEVICE_1082_A,IP_1082_A,1406,1,1,0
TXN_000566,USER_1241,MERCHANT_065,441.81,2026-06-17 04:31:04.362924,DEVICE_1241_A,IP_1241_A,1001,1,0,0
TXN_001208,USER_0063,MERCHANT_007,1288.39,2026-06-17 04:39:04.362924,DEVICE_RING_C_01,IP_RING_C_02,22,7,5,1
TXN_002719,USER_0495,MERCHANT_148,384.78,2026-06-17 04:49:04.362924,DEVICE_0495_A,IP_0495_A,464,0,0,0
TXN_002830,USER_1235,MERCHANT_013,455.8,2026-06-17 04:55:04.362924,DEVICE_1235_A,IP_1235_A,1272,2,0,0
TXN_000212,USER_1182,MERCHANT_040,1406.14,2026-06-17 05:46:04.362924,DEVICE_1182_A,IP_1182_A,652,0,0,0
TXN_002264,USER_1229,MERCHANT_117,268.71,2026-06-17 07:18:04.362924,DEVICE_1229_A,IP_1229_A,344,0,2,0
TXN_000766,USER_0114,MERCHANT_010,1237.53,2026-06-17 07:41:04.362924,DEVICE_RING_D_01,IP_RING_D_01,20,2,4,1
TXN_003113,USER_0017,MERCHANT_003,1850.45,2026-06-17 07:43:04.362924,DEVICE_RING_A_01,IP_RING_A_02,52,6,5,1
TXN_001543,USER_0324,MERCHANT_084,2085.73,2026-06-17 08:06:04.362924,DEVICE_0324_A,IP_0324_A,160,1,1,0
TXN_004622,USER_1468,MERCHANT_136,2189.87,2026-06-17 08:10:04.362924,DEVICE_1468_A,IP_1468_A,1141,1,0,0
TXN_005173,USER_0721,MERCHANT_121,439.64,2026-06-17 08:23:04.362924,DEVICE_0721_A,IP_0721_A,1220,1,2,0
TXN_004299,USER_1218,MERCHANT_104,286.7,2026-06-17 08:25:04.362924,DEVICE_1218_A,IP_1218_A,621,0,2,0
TXN_000941,USER_0396,MERCHANT_003,229.68,2026-06-17 08:47:04.362924,DEVICE_0396_A,IP_0396_A,176,0,0,0
TXN_001841,USER_0112,MERCHANT_012,2198.45,2026-06-17 09:38:04.362924,DEVICE_RING_D_01,IP_RING_D_02,59,8,1,1
TXN_001598,USER_0439,MERCHANT_089,2807.5,2026-06-17 10:03:04.362924,DEVICE_0439_A,IP_0439_A,1054,0,0,0
TXN_005326,USER_1358,MERCHANT_015,595.88,2026-06-17 10:05:04.362924,DEVICE_1358_A,IP_1358_A,704,0,1,0
TXN_000108,USER_0684,MERCHANT_150,683.94,2026-06-17 10:12:04.362924,DEVICE_0684_A,IP_0684_A,1153,1,0,0
TXN_003781,USER_1060,MERCHANT_047,536.03,2026-06-17 10:15:04.362924,DEVICE_1060_A,IP_1060_A,837,0,0,0
TXN_003356,USER_0282,MERCHANT_046,529.91,2026-06-17 10:49:04.362924,DEVICE_0282_A,IP_0282_A,732,0,0,0
TXN_005868,USER_0001,MERCHANT_003,1244.3,2026-06-17 11:41:04.362924,DEVICE_RING_A_01,IP_RING_A_01,35,4,2,1
TXN_005263,USER_1120,MERCHANT_135,736.01,2026-06-17 12:09:04.362924,DEVICE_1120_A,IP_1120_A,1163,0,0,0
TXN_000936,USER_0723,MERCHANT_016,411.74,2026-06-17 13:10:04.362924,DEVICE_0723_A,IP_0723_A,786,1,2,0
TXN_001362,USER_0759,MERCHANT_150,926.49,2026-06-17 13:27:04.362924,DEVICE_0759_A,IP_0759_A,922,0,0,0
TXN_002837,USER_1344,MERCHANT_135,2502.47,2026-06-17 13:57:04.362924,DEVICE_1344_A,IP_1344_A,56,0,0,0
TXN_001133,USER_0871,MERCHANT_090,2012.66,2026-06-17 14:35:04.362924,DEVICE_0871_A,IP_0871_A,1225,0,1,0
TXN_005880,USER_1430,MERCHANT_083,763.49,2026-06-17 14:43:04.362924,DEVICE_1430_A,IP_1430_A,444,0,0,0
TXN_004759,USER_1172,MERCHANT_041,364.26,2026-06-17 14:46:04.362924,DEVICE_1172_A,IP_1172_A,605,0,0,0
TXN_002531,USER_1336,MERCHANT_008,855.9,2026-06-17 14:59:04.362924,DEVICE_1336_A,IP_1336_A,1066,0,0,0
TXN_005625,USER_0358,MERCHANT_030,2172.99,2026-06-17 15:04:04.362924,DEVICE_0358_A,IP_0358_A,338,0,0,0
TXN_004343,USER_0398,MERCHANT_035,2586.83,2026-06-17 15:44:04.362924,DEVICE_0398_A,IP_0398_A,599,0,2,0
TXN_005593,USER_0217,MERCHANT_058,340.88,2026-06-17 15:50:04.362924,DEVICE_0217_A,IP_0217_A,531,0,0,0
TXN_002849,USER_0994,MERCHANT_005,380.32,2026-06-17 15:52:04.362924,DEVICE_0994_A,IP_0994_A,116,2,1,0
TXN_004048,USER_0143,MERCHANT_099,4953.85,2026-06-17 15:55:04.362924,DEVICE_0143_A,IP_0143_A,883,0,2,0
TXN_001740,USER_1424,MERCHANT_100,2164.38,2026-06-17 16:03:04.362924,DEVICE_1424_A,IP_1424_A,385,0,0,0
TXN_001622,USER_0714,MERCHANT_012,204.02,2026-06-17 16:11:04.362924,DEVICE_0714_A,IP_0714_A,1189,0,2,0
TXN_004144,USER_0488,MERCHANT_066,757.99,2026-06-17 16:13:04.362924,DEVICE_0488_A,IP_0488_A,648,0,0,0
TXN_001703,USER_1023,MERCHANT_094,965.81,2026-06-17 16:18:04.362924,DEVICE_1023_A,IP_1023_A,1079,1,2,0
TXN_000131,USER_0899,MERCHANT_137,187.53,2026-06-17 16:44:04.362924,DEVICE_0899_A,IP_0899_A,1471,0,0,0
TXN_001292,USER_1172,MERCHANT_136,3892.0,2026-06-17 17:10:04.362924,DEVICE_1172_A,IP_1172_A,271,0,0,0
TXN_002235,USER_0413,MERCHANT_058,241.91,2026-06-17 18:06:04.362924,DEVICE_0413_A,IP_0413_A,1380,0,0,0
TXN_001416,USER_0542,MERCHANT_080,1203.28,2026-06-17 18:22:04.362924,DEVICE_0542_A,IP_0542_A,915,1,0,0
TXN_002894,USER_1342,MERCHANT_036,705.2,2026-06-17 18:35:04.362924,DEVICE_1342_A,IP_1342_A,735,0,0,0
TXN_005133,USER_0466,MERCHANT_032,805.45,2026-06-17 18:39:04.362924,DEVICE_0466_A,IP_0466_A,540,1,1,0
TXN_001189,USER_1004,MERCHANT_053,906.39,2026-06-17 18:57:04.362924,DEVICE_1004_A,IP_1004_A,1258,0,1,0
TXN_005553,USER_1041,MERCHANT_077,527.14,2026-06-17 19:41:04.362924,DEVICE_1041_A,IP_1041_A,524,0,0,0
TXN_001745,USER_1050,MERCHANT_092,299.29,2026-06-17 19:43:04.362924,DEVICE_1050_A,IP_1050_A,412,0,1,0
TXN_002385,USER_1117,MERCHANT_081,614.94,2026-06-17 19:44:04.362924,DEVICE_1117_A,IP_1117_A,1280,2,0,0
TXN_002405,USER_0024,MERCHANT_002,13326.34,2026-06-17 19:56:04.362924,DEVICE_RING_A_01,IP_RING_A_02,26,5,4,1
TXN_001529,USER_0783,MERCHANT_149,415.84,2026-06-17 20:29:04.362924,DEVICE_0783_A,IP_0783_A,140,1,0,0
TXN_000731,USER_1300,MERCHANT_059,694.93,2026-06-17 21:00:04.362924,DEVICE_1300_A,IP_1300_A,234,1,1,0
TXN_003978,USER_0915,MERCHANT_060,1776.52,2026-06-17 21:31:04.362924,DEVICE_0915_A,IP_0915_A,857,0,1,0
TXN_003190,USER_0538,MERCHANT_143,2366.45,2026-06-17 23:19:04.362924,DEVICE_0538_A,IP_0538_A,1358,0,0,0
TXN_004176,USER_1136,MERCHANT_070,867.45,2026-06-17 23:29:04.362924,DEVICE_1136_A,IP_1136_A,67,0,1,0
TXN_000580,USER_0241,MERCHANT_041,1414.8,2026-06-18 00:00:04.362924,DEVICE_0241_A,IP_0241_A,242,0,0,0
TXN_001450,USER_0801,MERCHANT_045,609.65,2026-06-18 00:55:04.362924,DEVICE_0801_A,IP_0801_A,1331,1,0,0
TXN_002290,USER_0909,MERCHANT_027,1743.6,2026-06-18 01:08:04.362924,DEVICE_0909_A,IP_0909_A,631,0,2,0
TXN_002946,USER_1211,MERCHANT_148,253.7,2026-06-18 01:17:04.362924,DEVICE_1211_A,IP_1211_A,581,1,1,0
TXN_001581,USER_1173,MERCHANT_091,697.4,2026-06-18 01:46:04.362924,DEVICE_1173_A,IP_1173_A,134,0,0,0
TXN_001181,USER_0654,MERCHANT_045,686.67,2026-06-18 02:11:04.362924,DEVICE_0654_A,IP_0654_A,1437,0,0,0
TXN_002078,USER_0939,MERCHANT_084,1480.07,2026-06-18 02:13:04.362924,DEVICE_0939_A,IP_0939_A,609,1,0,0
TXN_003530,USER_1500,MERCHANT_001,272.72,2026-06-18 02:18:04.362924,DEVICE_1500_A,IP_1500_A,117,1,0,0
TXN_000561,USER_0822,MERCHANT_126,745.65,2026-06-18 02:48:04.362924,DEVICE_0822_A,IP_0822_A,765,1,0,0
TXN_000853,USER_1149,MERCHANT_121,372.0,2026-06-18 03:27:04.362924,DEVICE_1149_A,IP_1149_A,1488,0,0,0
TXN_002299,USER_0779,MERCHANT_064,977.27,2026-06-18 04:20:04.362924,DEVICE_0779_A,IP_0779_A,1132,0,0,0
TXN_004589,USER_0942,MERCHANT_090,425.04,2026-06-18 04:27:04.362924,DEVICE_0942_A,IP_0942_A,1177,0,0,0
TXN_000601,USER_0091,MERCHANT_012,5329.62,2026-06-18 04:39:04.362924,DEVICE_RING_D_01,IP_RING_D_02,62,6,2,1
TXN_004126,USER_0168,MERCHANT_068,263.83,2026-06-18 06:00:04.362924,DEVICE_0168_A,IP_0168_A,724,0,0,0
TXN_004175,USER_0063,MERCHANT_009,2097.85,2026-06-18 06:02:04.362924,DEVICE_RING_C_01,IP_RING_C_02,39,7,1,1
TXN_003318,USER_1477,MERCHANT_040,287.21,2026-06-18 06:02:04.362924,DEVICE_1477_A,IP_1477_A,151,0,0,0
TXN_003676,USER_0097,MERCHANT_010,2688.99,2026-06-18 06:15:04.362924,DEVICE_RING_D_01,IP_RING_D_02,63,5,2,1
TXN_000281,USER_1434,MERCHANT_108,653.32,2026-06-18 06:22:04.362924,DEVICE_1434_A,IP_1434_A,796,2,0,0
TXN_004498,USER_0430,MERCHANT_051,1345.56,2026-06-18 06:30:04.362924,DEVICE_0430_A,IP_0430_A,1430,0,0,0
TXN_000345,USER_0744,MERCHANT_002,421.43,2026-06-18 06:30:04.362924,DEVICE_0744_A,IP_0744_A,840,0,0,0
TXN_005611,USER_1090,MERCHANT_099,983.95,2026-06-18 06:33:04.362924,DEVICE_1090_A,IP_1090_A,1305,1,0,0
TXN_001834,USER_0973,MERCHANT_142,744.17,2026-06-18 06:57:04.362924,DEVICE_0973_A,IP_0973_A,438,0,0,0
TXN_004685,USER_1091,MERCHANT_048,275.65,2026-06-18 07:00:04.362924,DEVICE_1091_A,IP_1091_A,1143,1,0,0
TXN_005550,USER_0391,MERCHANT_062,1624.53,2026-06-18 07:51:04.362924,DEVICE_0391_A,IP_0391_A,157,2,1,0
TXN_002256,USER_0735,MERCHANT_001,788.12,2026-06-18 07:53:04.362924,DEVICE_0735_A,IP_0735_A,183,0,0,0
TXN_002975,USER_0133,MERCHANT_011,1188.51,2026-06-18 07:54:04.362924,DEVICE_0133_A,IP_0133_A,117,0,0,0
TXN_003243,USER_0032,MERCHANT_004,471.28,2026-06-18 07:59:04.362924,DEVICE_RING_B_01,IP_RING_B_02,56,6,3,1
TXN_002731,USER_0949,MERCHANT_106,1510.33,2026-06-18 08:05:04.362924,DEVICE_0949_A,IP_0949_A,1214,0,0,0
TXN_005488,USER_0059,MERCHANT_006,3836.78,2026-06-18 08:21:04.362924,DEVICE_RING_B_02,IP_RING_B_01,83,8,4,1
TXN_005124,USER_1156,MERCHANT_088,569.47,2026-06-18 08:48:04.362924,DEVICE_1156_A,IP_1156_A,526,0,1,0
TXN_001965,USER_0691,MERCHANT_030,910.17,2026-06-18 09:25:04.362924,DEVICE_0691_A,IP_0691_A,754,1,0,0
TXN_005646,USER_0628,MERCHANT_056,162.34,2026-06-18 09:39:04.362924,DEVICE_0628_A,IP_0628_A,1443,0,0,0
TXN_003957,USER_0530,MERCHANT_026,559.6,2026-06-18 10:17:04.362924,DEVICE_0530_A,IP_0530_A,826,0,1,0
TXN_000252,USER_0344,MERCHANT_062,1194.31,2026-06-18 10:24:04.362924,DEVICE_0344_A,IP_0344_A,526,0,1,0
TXN_001004,USER_0779,MERCHANT_055,369.34,2026-06-18 10:32:04.362924,DEVICE_0779_A,IP_0779_A,123,0,0,0
TXN_004192,USER_0516,MERCHANT_136,731.13,2026-06-18 10:50:04.362924,DEVICE_0516_A,IP_0516_A,1470,1,1,0
TXN_002971,USER_1130,MERCHANT_087,142.98,2026-06-18 12:28:04.362924,DEVICE_1130_A,IP_1130_A,1074,0,0,0
TXN_004532,USER_0431,MERCHANT_007,1219.06,2026-06-18 12:41:04.362924,DEVICE_0431_A,IP_0431_A,130,1,0,0
TXN_000845,USER_1310,MERCHANT_139,679.78,2026-06-18 13:15:04.362924,DEVICE_1310_A,IP_1310_A,1430,1,1,0
TXN_001037,USER_0951,MERCHANT_048,239.27,2026-06-18 13:21:04.362924,DEVICE_0951_A,IP_0951_A,788,0,0,0
TXN_001782,USER_0336,MERCHANT_083,563.74,2026-06-18 13:36:04.362924,DEVICE_0336_A,IP_0336_A,1438,1,0,0
TXN_001858,USER_1079,MERCHANT_118,497.4,2026-06-18 14:50:04.362924,DEVICE_1079_A,IP_1079_A,597,0,0,0
TXN_002071,USER_0387,MERCHANT_086,1237.66,2026-06-18 15:22:04.362924,DEVICE_0387_A,IP_0387_A,140,2,0,0
TXN_003920,USER_0326,MERCHANT_149,573.85,2026-06-18 15:26:04.362924,DEVICE_0326_A,IP_0326_A,1340,0,0,0
TXN_002789,USER_0572,MERCHANT_023,426.17,2026-06-18 15:44:04.362924,DEVICE_0572_A,IP_0572_A,1090,0,0,0
TXN_002578,USER_0034,MERCHANT_004,6774.39,2026-06-18 15:46:04.362924,DEVICE_RING_B_02,IP_RING_B_01,9,4,1,1
TXN_000235,USER_0792,MERCHANT_082,2995.56,2026-06-18 15:53:04.362924,DEVICE_0792_A,IP_0792_A,362,0,0,0
TXN_003661,USER_1021,MERCHANT_021,458.01,2026-06-18 16:03:04.362924,DEVICE_1021_A,IP_1021_A,474,0,0,0
TXN_003431,USER_0982,MERCHANT_144,851.36,2026-06-18 16:58:04.362924,DEVICE_0982_A,IP_0982_A,980,0,0,0
TXN_004687,USER_0298,MERCHANT_082,330.24,2026-06-18 17:14:04.362924,DEVICE_0298_A,IP_0298_A,1004,0,0,0
TXN_002192,USER_0260,MERCHANT_081,848.58,2026-06-18 17:23:04.362924,DEVICE_0260_A,IP_0260_A,769,1,0,0
TXN_003761,USER_0189,MERCHANT_136,763.94,2026-06-18 17:58:04.362924,DEVICE_0189_A,IP_0189_A,739,0,0,0
TXN_000223,USER_0002,MERCHANT_003,4965.68,2026-06-18 18:17:04.362924,DEVICE_RING_A_02,IP_RING_A_02,54,3,2,1
TXN_005969,USER_0102,MERCHANT_012,3505.2,2026-06-18 18:53:04.362924,DEVICE_RING_D_01,IP_RING_D_02,75,5,2,1
TXN_004641,USER_1328,MERCHANT_051,1104.8,2026-06-18 19:11:04.362924,DEVICE_1328_A,IP_1328_A,66,0,0,0
TXN_004574,USER_0691,MERCHANT_037,387.06,2026-06-18 19:46:04.362924,DEVICE_0691_A,IP_0691_A,426,0,0,0
TXN_000998,USER_1122,MERCHANT_005,970.26,2026-06-18 19:50:04.362924,DEVICE_1122_A,IP_1122_A,995,1,0,0
TXN_001818,USER_0852,MERCHANT_128,349.87,2026-06-18 19:56:04.362924,DEVICE_0852_A,IP_0852_A,93,0,0,0
TXN_000479,USER_0348,MERCHANT_135,6039.58,2026-06-18 19:58:04.362924,DEVICE_0348_A,IP_0348_A,777,2,0,0
TXN_001715,USER_0262,MERCHANT_071,401.59,2026-06-18 20:09:04.362924,DEVICE_0262_A,IP_0262_A,859,0,1,0
TXN_001200,USER_0654,MERCHANT_030,1669.09,2026-06-18 20:17:04.362924,DEVICE_0654_A,IP_0654_A,671,0,0,0
TXN_003915,USER_0173,MERCHANT_109,194.94,2026-06-18 20:26:04.362924,DEVICE_0173_A,IP_0173_A,276,0,0,0
TXN_004597,USER_0756,MERCHANT_101,487.25,2026-06-18 20:42:04.362924,DEVICE_0756_A,IP_0756_A,1133,0,1,0
TXN_004561,USER_0314,MERCHANT_120,268.89,2026-06-18 20:47:04.362924,DEVICE_0314_A,IP_0314_A,1464,0,0,0
TXN_000947,USER_1199,MERCHANT_072,191.1,2026-06-18 20:55:04.362924,DEVICE_1199_A,IP_1199_A,982,0,0,0
TXN_001296,USER_0092,MERCHANT_010,2264.61,2026-06-18 21:02:04.362924,DEVICE_RING_D_02,IP_RING_D_02,24,8,4,1
TXN_003802,USER_0326,MERCHANT_130,180.68,2026-06-18 21:20:04.362924,DEVICE_0326_A,IP_0326_A,818,0,0,0
TXN_001373,USER_0716,MERCHANT_113,214.43,2026-06-18 21:36:04.362924,DEVICE_0716_A,IP_0716_A,428,0,1,0
TXN_000647,USER_0450,MERCHANT_048,79.38,2026-06-18 21:43:04.362924,DEVICE_0450_A,IP_0450_A,482,0,0,0
TXN_001644,USER_1405,MERCHANT_004,842.36,2026-06-18 22:07:04.362924,DEVICE_1405_A,IP_1405_A,49,2,0,0
TXN_004335,USER_0117,MERCHANT_012,4012.16,2026-06-18 22:27:04.362924,DEVICE_RING_D_01,IP_RING_D_01,10,4,3,1
TXN_000177,USER_0717,MERCHANT_110,605.88,2026-06-19 00:10:04.362924,DEVICE_0717_A,IP_0717_A,33,0,0,0
TXN_005595,USER_1235,MERCHANT_058,1394.97,2026-06-19 00:37:04.362924,DEVICE_1235_A,IP_1235_A,537,0,0,0
TXN_002372,USER_0208,MERCHANT_118,397.71,2026-06-19 01:04:04.362924,DEVICE_0208_A,IP_0208_A,870,1,0,0
TXN_001845,USER_1272,MERCHANT_127,676.43,2026-06-19 01:26:04.362924,DEVICE_1272_A,IP_1272_A,309,0,0,0
TXN_000062,USER_0960,MERCHANT_040,522.01,2026-06-19 01:26:04.362924,DEVICE_0960_A,IP_0960_A,183,0,2,0
TXN_003699,USER_0078,MERCHANT_009,6356.12,2026-06-19 01:32:04.362924,DEVICE_RING_C_02,IP_RING_C_01,72,5,2,1
TXN_003718,USER_0311,MERCHANT_102,3387.57,2026-06-19 01:35:04.362924,DEVICE_0311_A,IP_0311_A,61,0,0,0
TXN_005114,USER_0891,MERCHANT_058,209.3,2026-06-19 01:47:04.362924,DEVICE_0891_A,IP_0891_A,1047,0,0,0
TXN_005493,USER_1075,MERCHANT_150,451.63,2026-06-19 01:51:04.362924,DEVICE_1075_A,IP_1075_A,1102,0,0,0
TXN_005064,USER_1357,MERCHANT_096,219.45,2026-06-19 01:56:04.362924,DEVICE_1357_A,IP_1357_A,35,0,0,0
TXN_001721,USER_0082,MERCHANT_007,4176.18,2026-06-19 02:27:04.362924,DEVICE_RING_C_02,IP_RING_C_01,59,3,4,1
TXN_003428,USER_0214,MERCHANT_041,1694.81,2026-06-19 02:42:04.362924,DEVICE_0214_A,IP_0214_A,277,0,0,0
TXN_004700,USER_1253,MERCHANT_045,422.03,2026-06-19 02:45:04.362924,DEVICE_1253_A,IP_1253_A,516,0,0,0
TXN_000847,USER_1464,MERCHANT_145,745.31,2026-06-19 03:37:04.362924,DEVICE_1464_A,IP_1464_A,353,0,0,0
TXN_001269,USER_0023,MERCHANT_002,1198.13,2026-06-19 04:34:04.362924,DEVICE_RING_A_01,IP_RING_A_01,41,5,2,1
TXN_003166,USER_0524,MERCHANT_020,161.27,2026-06-19 04:41:04.362924,DEVICE_0524_A,IP_0524_A,258,0,0,0
TXN_001522,USER_1483,MERCHANT_009,928.44,2026-06-19 05:11:04.362924,DEVICE_1483_A,IP_1483_A,1256,0,0,0
TXN_004448,USER_0320,MERCHANT_057,646.68,2026-06-19 05:16:04.362924,DEVICE_0320_A,IP_0320_A,1383,0,1,0
TXN_000676,USER_0235,MERCHANT_043,334.81,2026-06-19 07:21:04.362924,DEVICE_0235_A,IP_0235_A,558,2,0,0
TXN_003158,USER_0348,MERCHANT_043,651.31,2026-06-19 08:15:04.362924,DEVICE_0348_A,IP_0348_A,139,0,0,0
TXN_005344,USER_0582,MERCHANT_148,393.83,2026-06-19 08:24:04.362924,DEVICE_0582_A,IP_0582_A,1394,0,0,0
TXN_003833,USER_0327,MERCHANT_095,1305.05,2026-06-19 08:26:04.362924,DEVICE_0327_A,IP_0327_A,175,0,0,0
TXN_001479,USER_0641,MERCHANT_064,308.37,2026-06-19 08:27:04.362924,DEVICE_0641_A,IP_0641_A,1263,0,0,0
TXN_004850,USER_1123,MERCHANT_118,859.59,2026-06-19 08:35:04.362924,DEVICE_1123_A,IP_1123_A,747,0,0,0
TXN_002458,USER_0111,MERCHANT_012,3176.23,2026-06-19 09:00:04.362924,DEVICE_RING_D_02,IP_RING_D_01,57,8,3,1
TXN_005861,USER_0681,MERCHANT_046,1524.59,2026-06-19 09:45:04.362924,DEVICE_0681_A,IP_0681_A,445,0,0,0
TXN_001240,USER_1091,MERCHANT_109,2034.95,2026-06-19 10:12:04.362924,DEVICE_1091_A,IP_1091_A,74,0,1,0
TXN_003493,USER_0816,MERCHANT_130,870.51,2026-06-19 10:34:04.362924,DEVICE_0816_A,IP_0816_A,161,0,0,0
TXN_005718,USER_1229,MERCHANT_111,493.05,2026-06-19 10:43:04.362924,DEVICE_1229_A,IP_1229_A,768,1,1,0
TXN_001226,USER_0382,MERCHANT_077,544.33,2026-06-19 11:10:04.362924,DEVICE_0382_A,IP_0382_A,539,0,0,0
TXN_004814,USER_0723,MERCHANT_001,328.31,2026-06-19 11:35:04.362924,DEVICE_0723_A,IP_0723_A,805,0,0,0
TXN_000037,USER_0665,MERCHANT_037,701.75,2026-06-19 12:00:04.362924,DEVICE_0665_A,IP_0665_A,176,0,0,0
TXN_002754,USER_0011,MERCHANT_001,2149.97,2026-06-19 12:14:04.362924,DEVICE_RING_A_02,IP_RING_A_02,62,3,2,1
TXN_005732,USER_0245,MERCHANT_048,619.68,2026-06-19 12:23:04.362924,DEVICE_0245_A,IP_0245_A,925,2,0,0
TXN_005346,USER_1421,MERCHANT_103,2107.11,2026-06-19 12:25:04.362924,DEVICE_1421_A,IP_1421_A,960,1,0,0
TXN_000029,USER_1273,MERCHANT_078,382.39,2026-06-19 12:27:04.362924,DEVICE_1273_A,IP_1273_A,204,2,0,0
TXN_000296,USER_0073,MERCHANT_007,1250.3,2026-06-19 12:30:04.362924,DEVICE_RING_C_01,IP_RING_C_02,29,4,2,1
TXN_001186,USER_0303,MERCHANT_095,1215.01,2026-06-19 12:34:04.362924,DEVICE_0303_A,IP_0303_A,378,2,0,0
TXN_002433,USER_0939,MERCHANT_094,589.49,2026-06-19 12:52:04.362924,DEVICE_0939_A,IP_0939_A,58,0,1,0
TXN_000733,USER_1089,MERCHANT_003,814.94,2026-06-19 13:13:04.362924,DEVICE_1089_A,IP_1089_A,391,0,0,0
TXN_004095,USER_0485,MERCHANT_021,1514.73,2026-06-19 13:21:04.362924,DEVICE_0485_A,IP_0485_A,1135,0,0,0
TXN_005774,USER_0307,MERCHANT_005,320.49,2026-06-19 13:22:04.362924,DEVICE_0307_A,IP_0307_A,1386,0,1,0
TXN_003418,USER_0750,MERCHANT_019,701.19,2026-06-19 13:29:04.362924,DEVICE_0750_A,IP_0750_A,443,0,0,0
TXN_004642,USER_0817,MERCHANT_004,660.76,2026-06-19 14:03:04.362924,DEVICE_0817_A,IP_0817_A,160,0,0,0
TXN_004870,USER_0616,MERCHANT_075,405.59,2026-06-19 14:14:04.362924,DEVICE_0616_A,IP_0616_A,569,0,0,0
TXN_000434,USER_0487,MERCHANT_010,1027.71,2026-06-19 14:23:04.362924,DEVICE_0487_A,IP_0487_A,1162,1,0,0
TXN_003036,USER_1342,MERCHANT_074,838.89,2026-06-19 14:29:04.362924,DEVICE_1342_A,IP_1342_A,799,0,1,0
TXN_000153,USER_0803,MERCHANT_021,360.29,2026-06-19 15:01:04.362924,DEVICE_0803_A,IP_0803_A,1223,0,1,0
TXN_004855,USER_0522,MERCHANT_057,1455.5,2026-06-19 15:23:04.362924,DEVICE_0522_A,IP_0522_A,789,0,0,0
TXN_003333,USER_1283,MERCHANT_021,1976.95,2026-06-19 16:02:04.362924,DEVICE_1283_A,IP_1283_A,445,2,0,0
TXN_000957,USER_1470,MERCHANT_115,775.86,2026-06-19 16:41:04.362924,DEVICE_1470_A,IP_1470_A,787,1,0,0
TXN_000411,USER_0110,MERCHANT_010,5093.2,2026-06-19 17:12:04.362924,DEVICE_RING_D_02,IP_RING_D_01,13,3,1,1
TXN_002226,USER_0042,MERCHANT_004,9370.77,2026-06-19 17:13:04.362924,DEVICE_RING_B_01,IP_RING_B_01,64,3,3,1
TXN_005107,USER_0461,MERCHANT_100,277.12,2026-06-19 17:55:04.362924,DEVICE_0461_A,IP_0461_A,1429,0,0,0
TXN_005207,USER_0432,MERCHANT_077,1431.97,2026-06-19 18:19:04.362924,DEVICE_0432_A,IP_0432_A,728,0,0,0
TXN_000850,USER_0505,MERCHANT_028,402.9,2026-06-19 18:29:04.362924,DEVICE_0505_A,IP_0505_A,299,0,0,0
TXN_003150,USER_0723,MERCHANT_047,306.26,2026-06-19 18:55:04.362924,DEVICE_0723_A,IP_0723_A,955,0,1,0
TXN_005313,USER_0522,MERCHANT_144,328.03,2026-06-19 19:05:04.362924,DEVICE_0522_A,IP_0522_A,744,1,0,0
TXN_003555,USER_0324,MERCHANT_139,150.94,2026-06-19 19:21:04.362924,DEVICE_0324_A,IP_0324_A,1070,1,0,0
TXN_001601,USER_1168,MERCHANT_048,523.09,2026-06-19 19:39:04.362924,DEVICE_1168_A,IP_1168_A,540,0,0,0
TXN_004221,USER_1258,MERCHANT_069,99.78,2026-06-19 20:27:04.362924,DEVICE_1258_A,IP_1258_A,254,0,0,0
TXN_005152,USER_0590,MERCHANT_035,316.64,2026-06-19 21:55:04.362924,DEVICE_0590_A,IP_0590_A,851,0,0,0
TXN_004989,USER_0084,MERCHANT_007,3030.99,2026-06-19 21:59:04.362924,DEVICE_RING_C_01,IP_RING_C_01,46,4,2,1
TXN_002777,USER_0971,MERCHANT_028,495.12,2026-06-19 22:22:04.362924,DEVICE_0971_A,IP_0971_A,920,0,1,0
TXN_003898,USER_0887,MERCHANT_085,1022.33,2026-06-19 22:52:04.362924,DEVICE_0887_A,IP_0887_A,734,1,0,0
TXN_000216,USER_0471,MERCHANT_087,1060.14,2026-06-19 23:22:04.362924,DEVICE_0471_A,IP_0471_A,1184,0,1,0
TXN_003400,USER_1482,MERCHANT_048,443.03,2026-06-19 23:34:04.362924,DEVICE_1482_A,IP_1482_A,395,1,0,0
TXN_001706,USER_0336,MERCHANT_075,500.69,2026-06-20 00:10:04.362924,DEVICE_0336_A,IP_0336_A,799,0,0,0
TXN_005157,USER_1246,MERCHANT_091,665.1,2026-06-20 00:33:04.362924,DEVICE_1246_A,IP_1246_A,288,0,0,0
TXN_002992,USER_1290,MERCHANT_009,942.48,2026-06-20 00:36:04.362924,DEVICE_1290_A,IP_1290_A,696,0,0,0
TXN_003842,USER_0891,MERCHANT_012,352.34,2026-06-20 00:37:04.362924,DEVICE_0891_A,IP_0891_A,1405,1,0,0
TXN_002326,USER_1376,MERCHANT_087,990.77,2026-06-20 01:41:04.362924,DEVICE_1376_A,IP_1376_A,961,2,0,0
TXN_005017,USER_1208,MERCHANT_068,123.76,2026-06-20 01:58:04.362924,DEVICE_1208_A,IP_1208_A,1316,0,0,0
TXN_001590,USER_1465,MERCHANT_065,640.04,2026-06-20 02:30:04.362924,DEVICE_1465_A,IP_1465_A,493,0,0,0
TXN_002058,USER_0053,MERCHANT_006,5993.53,2026-06-20 02:40:04.362924,DEVICE_RING_B_02,IP_RING_B_02,88,8,3,1
TXN_004421,USER_0919,MERCHANT_104,1676.07,2026-06-20 03:27:04.362924,DEVICE_0919_A,IP_0919_A,302,1,0,0
TXN_004366,USER_1433,MERCHANT_118,2893.97,2026-06-20 04:44:04.362924,DEVICE_1433_A,IP_1433_A,1350,0,0,0
TXN_001027,USER_1427,MERCHANT_044,617.35,2026-06-20 05:02:04.362924,DEVICE_1427_A,IP_1427_A,1213,2,1,0
TXN_002128,USER_0484,MERCHANT_103,1383.91,2026-06-20 05:26:04.362924,DEVICE_0484_A,IP_0484_A,620,0,1,0
TXN_000496,USER_0230,MERCHANT_026,898.85,2026-06-20 05:43:04.362924,DEVICE_0230_A,IP_0230_A,708,0,0,0
TXN_001391,USER_0069,MERCHANT_007,3960.07,2026-06-20 05:57:04.362924,DEVICE_RING_C_01,IP_RING_C_01,38,5,5,1
TXN_002664,USER_1438,MERCHANT_132,294.61,2026-06-20 06:21:04.362924,DEVICE_1438_A,IP_1438_A,226,0,0,0
TXN_000705,USER_0298,MERCHANT_071,186.69,2026-06-20 06:28:04.362924,DEVICE_0298_A,IP_0298_A,848,0,0,0
TXN_004564,USER_1067,MERCHANT_046,707.27,2026-06-20 06:47:04.362924,DEVICE_1067_A,IP_1067_A,1010,1,0,0
TXN_002844,USER_0562,MERCHANT_130,249.91,2026-06-20 06:59:04.362924,DEVICE_0562_A,IP_0562_A,332,0,0,0
TXN_001881,USER_0710,MERCHANT_020,1237.15,2026-06-20 07:23:04.362924,DEVICE_0710_A,IP_0710_A,1124,0,1,0
TXN_003271,USER_0976,MERCHANT_013,510.39,2026-06-20 07:29:04.362924,DEVICE_0976_A,IP_0976_A,191,0,0,0
TXN_000255,USER_0954,MERCHANT_122,191.98,2026-06-20 07:33:04.362924,DEVICE_0954_A,IP_0954_A,1007,0,0,0
TXN_003089,USER_1474,MERCHANT_008,138.88,2026-06-20 08:28:04.362924,DEVICE_1474_A,IP_1474_A,1321,1,0,0
TXN_001741,USER_1016,MERCHANT_060,554.79,2026-06-20 08:39:04.362924,DEVICE_1016_A,IP_1016_A,233,1,0,0
TXN_001417,USER_1357,MERCHANT_148,626.21,2026-06-20 09:23:04.362924,DEVICE_1357_A,IP_1357_A,665,0,0,0
TXN_003865,USER_1014,MERCHANT_020,453.97,2026-06-20 09:24:04.362924,DEVICE_1014_A,IP_1014_A,1231,1,0,0
TXN_004625,USER_0497,MERCHANT_109,783.77,2026-06-20 09:41:04.362924,DEVICE_0497_A,IP_0497_A,915,0,0,0
TXN_004111,USER_0421,MERCHANT_005,1417.22,2026-06-20 09:43:04.362924,DEVICE_0421_A,IP_0421_A,672,0,1,0
TXN_000523,USER_0255,MERCHANT_080,365.02,2026-06-20 09:48:04.362924,DEVICE_0255_A,IP_0255_A,1483,0,0,0
TXN_002124,USER_0108,MERCHANT_010,1922.06,2026-06-20 10:07:04.362924,DEVICE_RING_D_02,IP_RING_D_02,54,6,3,1
TXN_005401,USER_0785,MERCHANT_082,246.19,2026-06-20 10:13:04.362924,DEVICE_0785_A,IP_0785_A,1067,0,1,0
TXN_002797,USER_0295,MERCHANT_140,922.21,2026-06-20 10:28:04.362924,DEVICE_0295_A,IP_0295_A,332,0,0,0
TXN_005743,USER_1185,MERCHANT_060,609.26,2026-06-20 10:37:04.362924,DEVICE_1185_A,IP_1185_A,983,0,0,0
TXN_003262,USER_0542,MERCHANT_145,621.06,2026-06-20 10:52:04.362924,DEVICE_0542_A,IP_0542_A,404,1,0,0
TXN_002478,USER_0533,MERCHANT_066,1784.47,2026-06-20 11:45:04.362924,DEVICE_0533_A,IP_0533_A,715,0,1,0
TXN_003644,USER_1192,MERCHANT_101,584.45,2026-06-20 11:47:04.362924,DEVICE_1192_A,IP_1192_A,1101,0,0,0
TXN_003514,USER_0855,MERCHANT_146,161.77,2026-06-20 12:05:04.362924,DEVICE_0855_A,IP_0855_A,344,0,0,0
TXN_001510,USER_0789,MERCHANT_099,1817.25,2026-06-20 12:34:04.362924,DEVICE_0789_A,IP_0789_A,604,0,0,0
TXN_005606,USER_0761,MERCHANT_034,707.95,2026-06-20 13:02:04.362924,DEVICE_0761_A,IP_0761_A,1387,1,0,0
TXN_001103,USER_1146,MERCHANT_062,2873.28,2026-06-20 13:16:04.362924,DEVICE_1146_A,IP_1146_A,1064,0,0,0
TXN_001154,USER_0646,MERCHANT_061,222.43,2026-06-20 13:20:04.362924,DEVICE_0646_A,IP_0646_A,861,0,0,0
TXN_004460,USER_1432,MERCHANT_102,985.81,2026-06-20 13:39:04.362924,DEVICE_1432_A,IP_1432_A,635,0,0,0
TXN_000045,USER_0796,MERCHANT_106,197.95,2026-06-20 13:51:04.362924,DEVICE_0796_A,IP_0796_A,1450,0,0,0
TXN_003540,USER_1173,MERCHANT_051,532.01,2026-06-20 13:59:04.362924,DEVICE_1173_A,IP_1173_A,257,1,0,0
TXN_001693,USER_1148,MERCHANT_133,1153.32,2026-06-20 14:20:04.362924,DEVICE_1148_A,IP_1148_A,1276,0,1,0
TXN_002361,USER_0414,MERCHANT_141,277.24,2026-06-20 14:27:04.362924,DEVICE_0414_A,IP_0414_A,680,0,0,0
TXN_001691,USER_0431,MERCHANT_119,931.64,2026-06-20 14:43:04.362924,DEVICE_0431_A,IP_0431_A,191,1,0,0
TXN_003543,USER_1225,MERCHANT_087,1160.37,2026-06-20 14:53:04.362924,DEVICE_1225_A,IP_1225_A,426,0,0,0
TXN_001433,USER_0470,MERCHANT_005,1144.0,2026-06-20 15:02:04.362924,DEVICE_0470_A,IP_0470_A,1273,0,0,0
TXN_001480,USER_0146,MERCHANT_030,432.18,2026-06-20 15:10:04.362924,DEVICE_0146_A,IP_0146_A,219,0,1,0
TXN_000697,USER_0326,MERCHANT_055,766.27,2026-06-20 15:58:04.362924,DEVICE_0326_A,IP_0326_A,1071,0,0,0
TXN_002241,USER_0933,MERCHANT_083,649.6,2026-06-20 16:10:04.362924,DEVICE_0933_A,IP_0933_A,53,0,0,0
TXN_005555,USER_0703,MERCHANT_077,572.06,2026-06-20 16:19:04.362924,DEVICE_0703_A,IP_0703_A,965,1,0,0
TXN_000744,USER_0824,MERCHANT_059,611.86,2026-06-20 16:25:04.362924,DEVICE_0824_A,IP_0824_A,672,0,0,0
TXN_000165,USER_0529,MERCHANT_036,1235.79,2026-06-20 16:33:04.362924,DEVICE_0529_A,IP_0529_A,542,0,0,0
TXN_003941,USER_0624,MERCHANT_071,797.35,2026-06-20 17:34:04.362924,DEVICE_0624_A,IP_0624_A,208,0,0,0
TXN_001729,USER_0103,MERCHANT_012,3609.53,2026-06-20 17:51:04.362924,DEVICE_RING_D_02,IP_RING_D_02,37,7,5,1
TXN_002968,USER_0401,MERCHANT_085,391.18,2026-06-20 18:09:04.362924,DEVICE_0401_A,IP_0401_A,1171,1,1,0
TXN_001091,USER_0330,MERCHANT_056,568.63,2026-06-20 18:40:04.362924,DEVICE_0330_A,IP_0330_A,346,0,1,0
TXN_003803,USER_0248,MERCHANT_052,240.8,2026-06-20 18:57:04.362924,DEVICE_0248_A,IP_0248_A,245,0,0,0
TXN_000736,USER_0243,MERCHANT_056,855.24,2026-06-20 19:21:04.362924,DEVICE_0243_A,IP_0243_A,550,0,0,0
TXN_003487,USER_1476,MERCHANT_034,1890.46,2026-06-20 19:30:04.362924,DEVICE_1476_A,IP_1476_A,629,0,0,0
TXN_003504,USER_0012,MERCHANT_001,2631.33,2026-06-20 19:48:04.362924,DEVICE_RING_A_02,IP_RING_A_01,15,5,2,1
TXN_003373,USER_0023,MERCHANT_003,10667.68,2026-06-20 19:55:04.362924,DEVICE_RING_A_02,IP_RING_A_02,19,3,4,1
TXN_004884,USER_0597,MERCHANT_060,857.01,2026-06-20 20:57:04.362924,DEVICE_0597_A,IP_0597_A,37,1,0,0
TXN_002948,USER_0654,MERCHANT_021,63.66,2026-06-20 21:43:04.362924,DEVICE_0654_A,IP_0654_A,1431,0,0,0
TXN_002791,USER_0686,MERCHANT_087,937.49,2026-06-20 22:10:04.362924,DEVICE_0686_A,IP_0686_A,91,0,0,0
TXN_004515,USER_0691,MERCHANT_148,525.05,2026-06-20 22:17:04.362924,DEVICE_0691_A,IP_0691_A,619,1,1,0
TXN_002554,USER_0051,MERCHANT_004,3691.03,2026-06-20 22:23:04.362924,DEVICE_RING_B_02,IP_RING_B_02,34,5,1,1
TXN_001006,USER_1019,MERCHANT_063,805.97,2026-06-20 22:59:04.362924,DEVICE_1019_A,IP_1019_A,1221,0,0,0
TXN_001575,USER_1299,MERCHANT_015,851.29,2026-06-20 23:13:04.362924,DEVICE_1299_A,IP_1299_A,203,1,0,0
TXN_003087,USER_1003,MERCHANT_036,575.07,2026-06-20 23:17:04.362924,DEVICE_1003_A,IP_1003_A,83,0,0,0
TXN_003811,USER_0365,MERCHANT_006,284.73,2026-06-21 00:23:04.362924,DEVICE_0365_A,IP_0365_A,997,2,0,0
TXN_005058,USER_0178,MERCHANT_020,608.82,2026-06-21 00:45:04.362924,DEVICE_0178_A,IP_0178_A,564,0,0,0
TXN_001482,USER_0995,MERCHANT_065,453.64,2026-06-21 00:46:04.362924,DEVICE_0995_A,IP_0995_A,1446,0,2,0
TXN_003929,USER_0817,MERCHANT_120,247.75,2026-06-21 01:00:04.362924,DEVICE_0817_A,IP_0817_A,1497,0,0,0
TXN_002629,USER_0143,MERCHANT_026,430.37,2026-06-21 01:02:04.362924,DEVICE_0143_A,IP_0143_A,328,1,0,0
TXN_005047,USER_0781,MERCHANT_041,126.6,2026-06-21 02:01:04.362924,DEVICE_0781_A,IP_0781_A,803,0,0,0
TXN_004087,USER_1223,MERCHANT_089,1143.24,2026-06-21 02:10:04.362924,DEVICE_1223_A,IP_1223_A,190,0,0,0
TXN_004570,USER_1111,MERCHANT_122,606.4,2026-06-21 03:10:04.362924,DEVICE_1111_A,IP_1111_A,990,0,0,0
TXN_000428,USER_0882,MERCHANT_033,1003.72,2026-06-21 03:16:04.362924,DEVICE_0882_A,IP_0882_A,580,1,0,0
TXN_000343,USER_0099,MERCHANT_011,3193.95,2026-06-21 03:48:04.362924,DEVICE_RING_D_02,IP_RING_D_02,10,4,3,1
TXN_000961,USER_0552,MERCHANT_148,971.63,2026-06-21 03:58:04.362924,DEVICE_0552_A,IP_0552_A,736,0,0,0
TXN_002350,USER_0646,MERCHANT_102,447.16,2026-06-21 04:09:04.362924,DEVICE_0646_A,IP_0646_A,613,0,0,0
TXN_000633,USER_1222,MERCHANT_137,532.95,2026-06-21 04:12:04.362924,DEVICE_1222_A,IP_1222_A,45,0,0,0
TXN_003022,USER_1322,MERCHANT_090,423.93,2026-06-21 04:23:04.362924,DEVICE_1322_A,IP_1322_A,1389,0,0,0
TXN_004890,USER_0655,MERCHANT_117,966.72,2026-06-21 04:47:04.362924,DEVICE_0655_A,IP_0655_A,642,1,1,0
TXN_002950,USER_1299,MERCHANT_044,176.63,2026-06-21 04:50:04.362924,DEVICE_1299_A,IP_1299_A,856,2,0,0
TXN_004136,USER_0065,MERCHANT_009,1695.62,2026-06-21 05:15:04.362924,DEVICE_RING_C_01,IP_RING_C_02,64,2,3,1
TXN_002606,USER_0604,MERCHANT_005,522.45,2026-06-21 05:22:04.362924,DEVICE_0604_A,IP_0604_A,430,0,0,0
TXN_003542,USER_0125,MERCHANT_016,1781.45,2026-06-21 05:44:04.362924,DEVICE_0125_A,IP_0125_A,41,0,0,0
TXN_003738,USER_0256,MERCHANT_043,532.41,2026-06-21 05:54:04.362924,DEVICE_0256_A,IP_0256_A,438,1,0,0
TXN_004798,USER_0728,MERCHANT_142,139.06,2026-06-21 05:57:04.362924,DEVICE_0728_A,IP_0728_A,584,0,2,0
TXN_004339,USER_0711,MERCHANT_025,127.66,2026-06-21 05:58:04.362924,DEVICE_0711_A,IP_0711_A,226,0,0,0
TXN_000381,USER_1057,MERCHANT_145,319.62,2026-06-21 05:59:04.362924,DEVICE_1057_A,IP_1057_A,1044,0,0,0
TXN_003306,USER_0323,MERCHANT_044,1330.03,2026-06-21 06:04:04.362924,DEVICE_0323_A,IP_0323_A,168,0,1,0
TXN_004236,USER_1000,MERCHANT_008,247.73,2026-06-21 06:13:04.362924,DEVICE_1000_A,IP_1000_A,1346,0,0,0
TXN_002593,USER_0948,MERCHANT_054,581.04,2026-06-21 06:22:04.362924,DEVICE_0948_A,IP_0948_A,476,0,0,0
TXN_002319,USER_0124,MERCHANT_136,394.73,2026-06-21 06:39:04.362924,DEVICE_0124_A,IP_0124_A,55,0,0,0
TXN_005614,USER_0703,MERCHANT_074,643.42,2026-06-21 06:41:04.362924,DEVICE_0703_A,IP_0703_A,49,1,0,0
TXN_003936,USER_1258,MERCHANT_041,802.85,2026-06-21 07:13:04.362924,DEVICE_1258_A,IP_1258_A,383,0,0,0
TXN_002401,USER_0868,MERCHANT_065,349.19,2026-06-21 07:51:04.362924,DEVICE_0868_A,IP_0868_A,423,0,2,0
TXN_000953,USER_1294,MERCHANT_014,234.69,2026-06-21 07:53:04.362924,DEVICE_1294_A,IP_1294_A,1374,2,1,0
TXN_002155,USER_1196,MERCHANT_124,233.18,2026-06-21 07:59:04.362924,DEVICE_1196_A,IP_1196_A,389,0,0,0
TXN_000312,USER_0407,MERCHANT_140,1367.87,2026-06-21 08:17:04.362924,DEVICE_0407_A,IP_0407_A,1030,0,1,0
TXN_002728,USER_1164,MERCHANT_062,1640.96,2026-06-21 08:31:04.362924,DEVICE_1164_A,IP_1164_A,865,0,0,0
TXN_000342,USER_0405,MERCHANT_069,720.32,2026-06-21 08:48:04.362924,DEVICE_0405_A,IP_0405_A,646,0,0,0
TXN_003943,USER_1029,MERCHANT_011,383.45,2026-06-21 10:25:04.362924,DEVICE_1029_A,IP_1029_A,305,0,0,0
TXN_002805,USER_1302,MERCHANT_097,558.54,2026-06-21 10:25:04.362924,DEVICE_1302_A,IP_1302_A,115,0,0,0
TXN_001488,USER_0482,MERCHANT_096,160.18,2026-06-21 11:17:04.362924,DEVICE_0482_A,IP_0482_A,411,1,0,0
TXN_001810,USER_0140,MERCHANT_091,1174.04,2026-06-21 11:29:04.362924,DEVICE_0140_A,IP_0140_A,1000,0,0,0
TXN_001853,USER_1168,MERCHANT_140,245.11,2026-06-21 11:35:04.362924,DEVICE_1168_A,IP_1168_A,440,0,0,0
TXN_000872,USER_0079,MERCHANT_007,1125.24,2026-06-21 11:50:04.362924,DEVICE_RING_C_01,IP_RING_C_01,23,8,1,1
TXN_002920,USER_0490,MERCHANT_058,1585.78,2026-06-21 11:57:04.362924,DEVICE_0490_A,IP_0490_A,1318,0,0,0
TXN_005652,USER_0045,MERCHANT_006,2716.32,2026-06-21 12:18:04.362924,DEVICE_RING_B_02,IP_RING_B_01,64,3,2,1
TXN_001774,USER_1352,MERCHANT_084,694.29,2026-06-21 12:23:04.362924,DEVICE_1352_A,IP_1352_A,1240,0,0,0
TXN_002304,USER_0166,MERCHANT_144,723.85,2026-06-21 12:50:04.362924,DEVICE_0166_A,IP_0166_A,948,0,0,0
TXN_001105,USER_1221,MERCHANT_002,1377.56,2026-06-21 13:46:04.362924,DEVICE_1221_A,IP_1221_A,232,2,1,0
TXN_003932,USER_0777,MERCHANT_112,1887.4,2026-06-21 13:49:04.362924,DEVICE_0777_A,IP_0777_A,1485,1,0,0
TXN_005117,USER_0504,MERCHANT_009,2104.75,2026-06-21 15:07:04.362924,DEVICE_0504_A,IP_0504_A,863,0,1,0
TXN_003098,USER_0247,MERCHANT_007,929.45,2026-06-21 15:31:04.362924,DEVICE_0247_A,IP_0247_A,561,0,0,0
TXN_005686,USER_1118,MERCHANT_147,195.66,2026-06-21 15:50:04.362924,DEVICE_1118_A,IP_1118_A,707,1,0,0
TXN_005380,USER_0546,MERCHANT_013,395.08,2026-06-21 16:16:04.362924,DEVICE_0546_A,IP_0546_A,56,0,0,0
TXN_004696,USER_0561,MERCHANT_072,517.12,2026-06-21 16:59:04.362924,DEVICE_0561_A,IP_0561_A,499,1,0,0
TXN_004217,USER_0213,MERCHANT_086,2414.91,2026-06-21 17:14:04.362924,DEVICE_0213_A,IP_0213_A,129,0,0,0
TXN_002571,USER_0361,MERCHANT_075,617.46,2026-06-21 17:21:04.362924,DEVICE_0361_A,IP_0361_A,1337,0,0,0
TXN_000140,USER_1354,MERCHANT_040,238.36,2026-06-21 17:32:04.362924,DEVICE_1354_A,IP_1354_A,1372,0,2,0
TXN_002961,USER_0870,MERCHANT_055,323.29,2026-06-21 17:34:04.362924,DEVICE_0870_A,IP_0870_A,889,0,1,0
TXN_000033,USER_1251,MERCHANT_020,593.96,2026-06-21 18:14:04.362924,DEVICE_1251_A,IP_1251_A,350,0,0,0
TXN_002534,USER_0100,MERCHANT_011,997.61,2026-06-21 18:27:04.362924,DEVICE_RING_D_01,IP_RING_D_01,77,4,4,1
TXN_004463,USER_0556,MERCHANT_078,1129.19,2026-06-21 18:52:04.362924,DEVICE_0556_A,IP_0556_A,1079,0,0,0
TXN_005494,USER_0065,MERCHANT_008,20064.48,2026-06-21 19:04:04.362924,DEVICE_RING_C_02,IP_RING_C_01,87,7,3,1
TXN_003411,USER_1403,MERCHANT_018,361.67,2026-06-21 19:15:04.362924,DEVICE_1403_A,IP_1403_A,784,0,2,0
TXN_000740,USER_0703,MERCHANT_091,1283.96,2026-06-21 19:49:04.362924,DEVICE_0703_A,IP_0703_A,695,0,0,0
TXN_003162,USER_0755,MERCHANT_033,844.6,2026-06-21 20:27:04.362924,DEVICE_0755_A,IP_0755_A,282,0,0,0
TXN_004666,USER_1210,MERCHANT_069,533.05,2026-06-21 20:32:04.362924,DEVICE_1210_A,IP_1210_A,851,0,0,0
TXN_004027,USER_0983,MERCHANT_050,333.97,2026-06-21 21:19:04.362924,DEVICE_0983_A,IP_0983_A,1407,1,0,0
TXN_005565,USER_1220,MERCHANT_129,614.34,2026-06-21 22:08:04.362924,DEVICE_1220_A,IP_1220_A,350,2,1,0
TXN_000426,USER_0365,MERCHANT_004,1674.72,2026-06-21 22:14:04.362924,DEVICE_0365_A,IP_0365_A,1479,0,0,0
TXN_002799,USER_0712,MERCHANT_129,458.15,2026-06-21 22:24:04.362924,DEVICE_0712_A,IP_0712_A,1303,1,0,0
TXN_001019,USER_0444,MERCHANT_008,471.85,2026-06-21 22:45:04.362924,DEVICE_0444_A,IP_0444_A,1023,0,0,0
TXN_003384,USER_0175,MERCHANT_048,1296.17,2026-06-21 23:02:04.362924,DEVICE_0175_A,IP_0175_A,1208,1,1,0
TXN_001801,USER_1337,MERCHANT_071,2496.94,2026-06-22 00:25:04.362924,DEVICE_1337_A,IP_1337_A,1114,0,0,0
TXN_003258,USER_0772,MERCHANT_059,351.69,2026-06-22 00:55:04.362924,DEVICE_0772_A,IP_0772_A,813,2,0,0
TXN_002990,USER_0491,MERCHANT_090,3661.72,2026-06-22 01:04:04.362924,DEVICE_0491_A,IP_0491_A,1013,0,0,0
TXN_003106,USER_0100,MERCHANT_012,3588.41,2026-06-22 01:15:04.362924,DEVICE_RING_D_01,IP_RING_D_02,49,4,1,1
TXN_002914,USER_1234,MERCHANT_082,1059.31,2026-06-22 01:40:04.362924,DEVICE_1234_A,IP_1234_A,866,0,0,0
TXN_005925,USER_1122,MERCHANT_103,161.2,2026-06-22 01:46:04.362924,DEVICE_1122_A,IP_1122_A,974,0,0,0
TXN_003999,USER_1163,MERCHANT_021,2057.95,2026-06-22 01:52:04.362924,DEVICE_1163_A,IP_1163_A,1408,2,1,0
TXN_003549,USER_1259,MERCHANT_053,260.67,2026-06-22 01:52:04.362924,DEVICE_1259_A,IP_1259_A,1057,0,0,0
TXN_002964,USER_1056,MERCHANT_099,271.65,2026-06-22 01:54:04.362924,DEVICE_1056_A,IP_1056_A,1290,0,2,0
TXN_001411,USER_0186,MERCHANT_126,1624.69,2026-06-22 02:35:04.362924,DEVICE_0186_A,IP_0186_A,84,0,0,0
TXN_004904,USER_0561,MERCHANT_138,453.49,2026-06-22 02:58:04.362924,DEVICE_0561_A,IP_0561_A,450,2,0,0
TXN_005666,USER_1235,MERCHANT_029,204.33,2026-06-22 03:57:04.362924,DEVICE_1235_A,IP_1235_A,1477,0,0,0
TXN_000868,USER_1050,MERCHANT_052,771.06,2026-06-22 05:17:04.362924,DEVICE_1050_A,IP_1050_A,961,0,0,0
TXN_001122,USER_0904,MERCHANT_084,1461.48,2026-06-22 05:46:04.362924,DEVICE_0904_A,IP_0904_A,342,0,0,0
TXN_004336,USER_0522,MERCHANT_004,369.72,2026-06-22 06:00:04.362924,DEVICE_0522_A,IP_0522_A,857,0,0,0
TXN_001113,USER_0147,MERCHANT_126,1152.26,2026-06-22 06:12:04.362924,DEVICE_0147_A,IP_0147_A,1406,0,0,0
TXN_005864,USER_0342,MERCHANT_093,156.25,2026-06-22 07:12:04.362924,DEVICE_0342_A,IP_0342_A,145,0,0,0
TXN_000468,USER_0174,MERCHANT_082,1058.98,2026-06-22 07:20:04.362924,DEVICE_0174_A,IP_0174_A,1252,0,1,0
TXN_002084,USER_0992,MERCHANT_039,107.21,2026-06-22 07:28:04.362924,DEVICE_0992_A,IP_0992_A,613,0,0,0
TXN_005538,USER_0286,MERCHANT_068,460.2,2026-06-22 08:16:04.362924,DEVICE_0286_A,IP_0286_A,910,0,0,0
TXN_001897,USER_0699,MERCHANT_012,494.15,2026-06-22 09:02:04.362924,DEVICE_0699_A,IP_0699_A,673,0,0,0
TXN_001547,USER_1347,MERCHANT_047,283.76,2026-06-22 09:12:04.362924,DEVICE_1347_A,IP_1347_A,40,0,1,0
TXN_005051,USER_0888,MERCHANT_082,1036.63,2026-06-22 09:38:04.362924,DEVICE_0888_A,IP_0888_A,603,0,0,0
TXN_004639,USER_1191,MERCHANT_115,132.15,2026-06-22 09:49:04.362924,DEVICE_1191_A,IP_1191_A,1179,1,0,0
TXN_001542,USER_0907,MERCHANT_124,2266.79,2026-06-22 10:08:04.362924,DEVICE_0907_A,IP_0907_A,1350,1,0,0
TXN_000043,USER_1319,MERCHANT_112,550.15,2026-06-22 11:00:04.362924,DEVICE_1319_A,IP_1319_A,1330,1,2,0
TXN_004348,USER_1179,MERCHANT_097,183.15,2026-06-22 11:06:04.362924,DEVICE_1179_A,IP_1179_A,269,1,0,0
TXN_002208,USER_0327,MERCHANT_007,783.4,2026-06-22 11:12:04.362924,DEVICE_0327_A,IP_0327_A,1122,0,1,0
TXN_001489,USER_0015,MERCHANT_001,543.7,2026-06-22 12:05:04.362924,DEVICE_RING_A_01,IP_RING_A_01,8,7,2,1
TXN_002240,USER_0150,MERCHANT_037,1003.92,2026-06-22 12:29:04.362924,DEVICE_0150_A,IP_0150_A,1329,0,0,0
TXN_004191,USER_1043,MERCHANT_112,807.37,2026-06-22 13:06:04.362924,DEVICE_1043_A,IP_1043_A,1461,2,1,0
TXN_002050,USER_0297,MERCHANT_048,674.06,2026-06-22 13:12:04.362924,DEVICE_0297_A,IP_0297_A,680,0,2,0
TXN_003722,USER_0982,MERCHANT_091,2152.34,2026-06-22 13:29:04.362924,DEVICE_0982_A,IP_0982_A,676,0,1,0
TXN_003535,USER_0156,MERCHANT_079,2889.42,2026-06-22 14:21:04.362924,DEVICE_0156_A,IP_0156_A,1443,0,0,0
TXN_004973,USER_0245,MERCHANT_029,281.63,2026-06-22 15:48:04.362924,DEVICE_0245_A,IP_0245_A,841,1,1,0
TXN_005464,USER_0032,MERCHANT_005,1183.17,2026-06-22 15:57:04.362924,DEVICE_RING_B_02,IP_RING_B_02,87,2,4,1
TXN_003599,USER_0491,MERCHANT_032,772.04,2026-06-22 17:00:04.362924,DEVICE_0491_A,IP_0491_A,1277,0,0,0
TXN_000367,USER_0502,MERCHANT_111,709.81,2026-06-22 17:28:04.362924,DEVICE_0502_A,IP_0502_A,840,0,0,0
TXN_004673,USER_1272,MERCHANT_025,860.17,2026-06-22 18:39:04.362924,DEVICE_1272_A,IP_1272_A,668,0,0,0
TXN_001638,USER_0481,MERCHANT_049,824.38,2026-06-22 18:43:04.362924,DEVICE_0481_A,IP_0481_A,1196,0,0,0
TXN_004957,USER_0446,MERCHANT_135,518.09,2026-06-22 19:55:04.362924,DEVICE_0446_A,IP_0446_A,367,1,1,0
TXN_003714,USER_0366,MERCHANT_007,121.2,2026-06-22 20:03:04.362924,DEVICE_0366_A,IP_0366_A,549,0,1,0
TXN_005289,USER_1411,MERCHANT_104,381.1,2026-06-22 20:28:04.362924,DEVICE_1411_A,IP_1411_A,645,0,1,0
TXN_004885,USER_1137,MERCHANT_109,964.17,2026-06-22 20:42:04.362924,DEVICE_1137_A,IP_1137_A,615,1,0,0
TXN_003853,USER_0062,MERCHANT_008,9137.2,2026-06-22 20:43:04.362924,DEVICE_RING_C_02,IP_RING_C_02,33,3,1,1
TXN_005999,USER_1402,MERCHANT_009,852.26,2026-06-22 21:16:04.362924,DEVICE_1402_A,IP_1402_A,974,0,0,0
TXN_000784,USER_1234,MERCHANT_090,948.49,2026-06-22 22:13:04.362924,DEVICE_1234_A,IP_1234_A,692,1,0,0
TXN_003348,USER_0869,MERCHANT_015,1978.05,2026-06-22 22:17:04.362924,DEVICE_0869_A,IP_0869_A,776,0,0,0
TXN_005883,USER_1167,MERCHANT_121,993.42,2026-06-22 22:21:04.362924,DEVICE_1167_A,IP_1167_A,355,0,0,0
TXN_000620,USER_0476,MERCHANT_132,709.7,2026-06-22 22:59:04.362924,DEVICE_0476_A,IP_0476_A,274,0,0,0
TXN_004302,USER_0359,MERCHANT_143,215.45,2026-06-22 23:24:04.362924,DEVICE_0359_A,IP_0359_A,416,0,0,0
TXN_003874,USER_0181,MERCHANT_047,198.19,2026-06-22 23:26:04.362924,DEVICE_0181_A,IP_0181_A,876,2,2,0
TXN_004628,USER_1248,MERCHANT_138,346.26,2026-06-22 23:36:04.362924,DEVICE_1248_A,IP_1248_A,1277,0,0,0
TXN_001808,USER_0801,MERCHANT_117,878.73,2026-06-22 23:47:04.362924,DEVICE_0801_A,IP_0801_A,320,2,0,0
TXN_001724,USER_0981,MERCHANT_140,951.9,2026-06-23 00:28:04.362924,DEVICE_0981_A,IP_0981_A,370,0,0,0
TXN_001792,USER_0094,MERCHANT_012,2804.76,2026-06-23 01:02:04.362924,DEVICE_RING_D_02,IP_RING_D_01,68,6,3,1
TXN_005556,USER_0249,MERCHANT_027,202.09,2026-06-23 01:20:04.362924,DEVICE_0249_A,IP_0249_A,296,0,0,0
TXN_002708,USER_0128,MERCHANT_147,610.85,2026-06-23 01:24:04.362924,DEVICE_0128_A,IP_0128_A,757,0,0,0
TXN_000147,USER_0779,MERCHANT_122,237.27,2026-06-23 01:44:04.362924,DEVICE_0779_A,IP_0779_A,1056,0,0,0
TXN_002517,USER_0122,MERCHANT_130,639.92,2026-06-23 01:56:04.362924,DEVICE_0122_A,IP_0122_A,250,0,1,0
TXN_001047,USER_1058,MERCHANT_023,978.65,2026-06-23 01:59:04.362924,DEVICE_1058_A,IP_1058_A,194,0,0,0
TXN_002321,USER_1424,MERCHANT_128,834.27,2026-06-23 02:16:04.362924,DEVICE_1424_A,IP_1424_A,402,0,2,0
TXN_005964,USER_0503,MERCHANT_031,213.85,2026-06-23 02:17:04.362924,DEVICE_0503_A,IP_0503_A,537,0,0,0
TXN_000058,USER_0610,MERCHANT_147,475.81,2026-06-23 02:39:04.362924,DEVICE_0610_A,IP_0610_A,814,0,0,0
TXN_005721,USER_1088,MERCHANT_003,433.34,2026-06-23 03:13:04.362924,DEVICE_1088_A,IP_1088_A,1245,1,0,0
TXN_002356,USER_0551,MERCHANT_082,729.87,2026-06-23 03:20:04.362924,DEVICE_0551_A,IP_0551_A,119,0,1,0
TXN_000690,USER_0132,MERCHANT_002,837.25,2026-06-23 03:27:04.362924,DEVICE_0132_A,IP_0132_A,1213,0,0,0
TXN_002701,USER_1237,MERCHANT_065,801.94,2026-06-23 04:03:04.362924,DEVICE_1237_A,IP_1237_A,67,1,0,0
TXN_002421,USER_0374,MERCHANT_020,1316.09,2026-06-23 04:09:04.362924,DEVICE_0374_A,IP_0374_A,415,0,0,0
TXN_003511,USER_1038,MERCHANT_128,1498.99,2026-06-23 04:25:04.362924,DEVICE_1038_A,IP_1038_A,557,0,1,0
TXN_002347,USER_1120,MERCHANT_065,418.97,2026-06-23 04:29:04.362924,DEVICE_1120_A,IP_1120_A,1259,0,0,0
TXN_000863,USER_0717,MERCHANT_113,1915.16,2026-06-23 05:16:04.362924,DEVICE_0717_A,IP_0717_A,845,1,0,0
TXN_001518,USER_0915,MERCHANT_109,962.99,2026-06-23 05:17:04.362924,DEVICE_0915_A,IP_0915_A,684,1,0,0
TXN_003583,USER_1484,MERCHANT_011,2533.12,2026-06-23 05:29:04.362924,DEVICE_1484_A,IP_1484_A,705,0,0,0
TXN_001623,USER_0935,MERCHANT_127,1195.54,2026-06-23 06:00:04.362924,DEVICE_0935_A,IP_0935_A,1432,0,0,0
TXN_002053,USER_0392,MERCHANT_080,366.26,2026-06-23 07:58:04.362924,DEVICE_0392_A,IP_0392_A,139,0,0,0
TXN_005168,USER_1422,MERCHANT_079,535.91,2026-06-23 08:22:04.362924,DEVICE_1422_A,IP_1422_A,434,0,0,0
TXN_001335,USER_0305,MERCHANT_078,670.77,2026-06-23 08:53:04.362924,DEVICE_0305_A,IP_0305_A,1500,0,2,0
TXN_000022,USER_0564,MERCHANT_124,506.54,2026-06-23 08:57:04.362924,DEVICE_0564_A,IP_0564_A,596,1,2,0
TXN_003590,USER_0108,MERCHANT_011,1682.13,2026-06-23 09:03:04.362924,DEVICE_RING_D_02,IP_RING_D_02,73,2,5,1
TXN_002568,USER_0807,MERCHANT_133,977.78,2026-06-23 09:37:04.362924,DEVICE_0807_A,IP_0807_A,1414,0,0,0
TXN_005930,USER_0531,MERCHANT_004,811.91,2026-06-23 09:56:04.362924,DEVICE_0531_A,IP_0531_A,1421,1,1,0
TXN_001605,USER_0420,MERCHANT_110,417.75,2026-06-23 10:21:04.362924,DEVICE_0420_A,IP_0420_A,66,0,0,0
TXN_005631,USER_0778,MERCHANT_101,344.32,2026-06-23 10:23:04.362924,DEVICE_0778_A,IP_0778_A,1180,1,0,0
TXN_005659,USER_0418,MERCHANT_062,1687.12,2026-06-23 11:04:04.362924,DEVICE_0418_A,IP_0418_A,1119,0,0,0
TXN_000021,USER_0767,MERCHANT_031,1801.12,2026-06-23 11:14:04.362924,DEVICE_0767_A,IP_0767_A,1127,2,0,0
TXN_001739,USER_1383,MERCHANT_101,1223.73,2026-06-23 11:24:04.362924,DEVICE_1383_A,IP_1383_A,135,1,0,0
TXN_005576,USER_1452,MERCHANT_034,138.23,2026-06-23 11:52:04.362924,DEVICE_1452_A,IP_1452_A,957,0,0,0
TXN_000993,USER_0172,MERCHANT_062,498.47,2026-06-23 12:21:04.362924,DEVICE_0172_A,IP_0172_A,1031,0,0,0
TXN_000652,USER_0771,MERCHANT_125,1396.68,2026-06-23 13:14:04.362924,DEVICE_0771_A,IP_0771_A,952,0,0,0
TXN_003256,USER_1325,MERCHANT_141,670.48,2026-06-23 13:48:04.362924,DEVICE_1325_A,IP_1325_A,478,2,2,0
TXN_001087,USER_1407,MERCHANT_047,1299.38,2026-06-23 13:55:04.362924,DEVICE_1407_A,IP_1407_A,223,0,0,0
TXN_003821,USER_0397,MERCHANT_055,444.52,2026-06-23 14:40:04.362924,DEVICE_0397_A,IP_0397_A,839,2,0,0
TXN_001475,USER_1014,MERCHANT_066,333.04,2026-06-23 14:49:04.362924,DEVICE_1014_A,IP_1014_A,743,0,0,0
TXN_004852,USER_0986,MERCHANT_056,4058.98,2026-06-23 14:59:04.362924,DEVICE_0986_A,IP_0986_A,549,0,0,0
TXN_002868,USER_0479,MERCHANT_049,308.56,2026-06-23 15:19:04.362924,DEVICE_0479_A,IP_0479_A,251,0,0,0
TXN_004775,USER_0984,MERCHANT_031,105.29,2026-06-23 15:21:04.362924,DEVICE_0984_A,IP_0984_A,525,0,0,0
TXN_002312,USER_0630,MERCHANT_046,2306.16,2026-06-23 15:41:04.362924,DEVICE_0630_A,IP_0630_A,401,0,1,0
TXN_001682,USER_0673,MERCHANT_028,589.21,2026-06-23 15:55:04.362924,DEVICE_0673_A,IP_0673_A,243,0,0,0
TXN_003380,USER_0366,MERCHANT_109,347.49,2026-06-23 16:13:04.362924,DEVICE_0366_A,IP_0366_A,84,0,0,0
TXN_000378,USER_0907,MERCHANT_144,688.45,2026-06-23 16:47:04.362924,DEVICE_0907_A,IP_0907_A,1065,0,0,0
TXN_001366,USER_0531,MERCHANT_052,532.74,2026-06-23 17:24:04.362924,DEVICE_0531_A,IP_0531_A,170,0,0,0
TXN_005945,USER_0442,MERCHANT_126,868.35,2026-06-23 17:32:04.362924,DEVICE_0442_A,IP_0442_A,986,0,0,0
TXN_003061,USER_1162,MERCHANT_011,761.29,2026-06-23 17:34:04.362924,DEVICE_1162_A,IP_1162_A,866,0,0,0
TXN_005640,USER_1477,MERCHANT_128,713.82,2026-06-23 18:21:04.362924,DEVICE_1477_A,IP_1477_A,1345,0,0,0
TXN_003156,USER_0006,MERCHANT_001,489.2,2026-06-23 18:26:04.362924,DEVICE_RING_A_02,IP_RING_A_02,35,5,2,1
TXN_001376,USER_0165,MERCHANT_046,512.83,2026-06-23 18:40:04.362924,DEVICE_0165_A,IP_0165_A,566,1,0,0
TXN_001891,USER_1215,MERCHANT_098,903.83,2026-06-23 19:04:04.362924,DEVICE_1215_A,IP_1215_A,1426,0,0,0
TXN_003339,USER_0748,MERCHANT_049,874.82,2026-06-23 19:27:04.362924,DEVICE_0748_A,IP_0748_A,1498,0,0,0
TXN_000619,USER_0517,MERCHANT_076,860.65,2026-06-23 19:43:04.362924,DEVICE_0517_A,IP_0517_A,949,0,0,0
TXN_004367,USER_1401,MERCHANT_141,404.52,2026-06-23 19:49:04.362924,DEVICE_1401_A,IP_1401_A,489,0,0,0
TXN_005301,USER_0534,MERCHANT_010,513.08,2026-06-23 21:28:04.362924,DEVICE_0534_A,IP_0534_A,939,0,0,0
TXN_002418,USER_1135,MERCHANT_048,774.62,2026-06-23 21:32:04.362924,DEVICE_1135_A,IP_1135_A,990,0,0,0
TXN_000368,USER_1041,MERCHANT_110,605.69,2026-06-23 21:35:04.362924,DEVICE_1041_A,IP_1041_A,826,0,0,0
TXN_002384,USER_0429,MERCHANT_106,578.5,2026-06-23 22:39:04.362924,DEVICE_0429_A,IP_0429_A,678,0,1,0
TXN_003908,USER_0016,MERCHANT_003,612.31,2026-06-23 23:15:04.362924,DEVICE_RING_A_02,IP_RING_A_02,48,4,2,1
TXN_004603,USER_0601,MERCHANT_082,2045.16,2026-06-23 23:23:04.362924,DEVICE_0601_A,IP_0601_A,891,1,1,0
TXN_005757,USER_1447,MERCHANT_110,920.34,2026-06-23 23:32:04.362924,DEVICE_1447_A,IP_1447_A,1099,0,0,0
TXN_002996,USER_1028,MERCHANT_056,635.9,2026-06-23 23:46:04.362924,DEVICE_1028_A,IP_1028_A,1186,0,2,0
TXN_004275,USER_0941,MERCHANT_138,131.71,2026-06-24 00:03:04.362924,DEVICE_0941_A,IP_0941_A,939,0,0,0
TXN_003203,USER_0155,MERCHANT_118,708.85,2026-06-24 00:17:04.362924,DEVICE_0155_A,IP_0155_A,857,1,0,0
TXN_002288,USER_0312,MERCHANT_024,496.84,2026-06-24 00:25:04.362924,DEVICE_0312_A,IP_0312_A,1487,0,1,0
TXN_003080,USER_1069,MERCHANT_113,497.97,2026-06-24 00:31:04.362924,DEVICE_1069_A,IP_1069_A,1433,0,0,0
TXN_002251,USER_0845,MERCHANT_135,545.26,2026-06-24 00:33:04.362924,DEVICE_0845_A,IP_0845_A,1260,1,0,0
TXN_002756,USER_1408,MERCHANT_103,427.6,2026-06-24 02:16:04.362924,DEVICE_1408_A,IP_1408_A,1401,1,0,0
TXN_004015,USER_1040,MERCHANT_012,565.45,2026-06-24 02:48:04.362924,DEVICE_1040_A,IP_1040_A,264,0,1,0
TXN_001763,USER_1282,MERCHANT_091,634.92,2026-06-24 02:49:04.362924,DEVICE_1282_A,IP_1282_A,795,1,1,0
TXN_004686,USER_0627,MERCHANT_114,988.27,2026-06-24 02:59:04.362924,DEVICE_0627_A,IP_0627_A,542,0,2,0
TXN_002454,USER_1443,MERCHANT_049,350.76,2026-06-24 03:34:04.362924,DEVICE_1443_A,IP_1443_A,1253,0,0,0
TXN_000202,USER_0372,MERCHANT_035,913.71,2026-06-24 03:49:04.362924,DEVICE_0372_A,IP_0372_A,181,0,1,0
TXN_002986,USER_1363,MERCHANT_037,292.04,2026-06-24 03:50:04.362924,DEVICE_1363_A,IP_1363_A,1351,0,0,0
TXN_001116,USER_1339,MERCHANT_104,788.91,2026-06-24 04:00:04.362924,DEVICE_1339_A,IP_1339_A,281,0,0,0
TXN_005615,USER_1014,MERCHANT_060,408.99,2026-06-24 04:02:04.362924,DEVICE_1014_A,IP_1014_A,623,0,0,0
TXN_001151,USER_0867,MERCHANT_119,285.26,2026-06-24 04:51:04.362924,DEVICE_0867_A,IP_0867_A,332,0,0,0
TXN_000980,USER_1370,MERCHANT_101,1061.29,2026-06-24 04:54:04.362924,DEVICE_1370_A,IP_1370_A,395,0,0,0
TXN_000525,USER_0008,MERCHANT_001,1165.36,2026-06-24 05:01:04.362924,DEVICE_RING_A_01,IP_RING_A_02,47,7,2,1
TXN_002352,USER_0381,MERCHANT_133,953.07,2026-06-24 05:09:04.362924,DEVICE_0381_A,IP_0381_A,103,0,0,0
TXN_000348,USER_1102,MERCHANT_081,208.79,2026-06-24 05:18:04.362924,DEVICE_1102_A,IP_1102_A,393,2,2,0
TXN_002332,USER_0699,MERCHANT_083,568.63,2026-06-24 05:28:04.362924,DEVICE_0699_A,IP_0699_A,307,0,0,0
TXN_004213,USER_1204,MERCHANT_105,1091.5,2026-06-24 06:54:04.362924,DEVICE_1204_A,IP_1204_A,1124,2,0,0
TXN_004555,USER_1480,MERCHANT_051,565.32,2026-06-24 07:43:04.362924,DEVICE_1480_A,IP_1480_A,357,0,0,0
TXN_001618,USER_1213,MERCHANT_040,341.41,2026-06-24 07:48:04.362924,DEVICE_1213_A,IP_1213_A,119,0,0,0
TXN_001455,USER_0431,MERCHANT_097,916.96,2026-06-24 07:50:04.362924,DEVICE_0431_A,IP_0431_A,448,0,0,0
TXN_005970,USER_0717,MERCHANT_102,384.81,2026-06-24 08:00:04.362924,DEVICE_0717_A,IP_0717_A,986,0,0,0
TXN_005623,USER_0559,MERCHANT_111,296.47,2026-06-24 08:05:04.362924,DEVICE_0559_A,IP_0559_A,1447,0,0,0
TXN_000274,USER_1293,MERCHANT_138,604.62,2026-06-24 08:09:04.362924,DEVICE_1293_A,IP_1293_A,336,0,1,0
TXN_005251,USER_0068,MERCHANT_007,951.71,2026-06-24 08:14:04.362924,DEVICE_RING_C_01,IP_RING_C_01,4,6,1,1
TXN_003507,USER_0714,MERCHANT_076,764.45,2026-06-24 08:35:04.362924,DEVICE_0714_A,IP_0714_A,648,0,1,0
TXN_002547,USER_0422,MERCHANT_077,213.52,2026-06-24 08:47:04.362924,DEVICE_0422_A,IP_0422_A,302,1,0,0
TXN_005189,USER_0414,MERCHANT_145,301.4,2026-06-24 09:32:04.362924,DEVICE_0414_A,IP_0414_A,62,0,0,0
TXN_000856,USER_0539,MERCHANT_017,391.06,2026-06-24 09:37:04.362924,DEVICE_0539_A,IP_0539_A,392,2,2,0
TXN_000307,USER_0880,MERCHANT_081,1564.28,2026-06-24 10:16:04.362924,DEVICE_0880_A,IP_0880_A,877,0,1,0
TXN_001665,USER_0156,MERCHANT_093,1587.12,2026-06-24 10:36:04.362924,DEVICE_0156_A,IP_0156_A,1173,0,0,0
TXN_004534,USER_0540,MERCHANT_055,310.47,2026-06-24 11:10:04.362924,DEVICE_0540_A,IP_0540_A,896,1,0,0
TXN_004060,USER_1178,MERCHANT_148,502.29,2026-06-24 12:27:04.362924,DEVICE_1178_A,IP_1178_A,1045,0,1,0
TXN_003991,USER_0744,MERCHANT_044,169.02,2026-06-24 12:56:04.362924,DEVICE_0744_A,IP_0744_A,1456,0,0,0
TXN_004223,USER_0085,MERCHANT_008,2486.14,2026-06-24 13:35:04.362924,DEVICE_RING_C_02,IP_RING_C_02,66,2,5,1
TXN_005384,USER_1297,MERCHANT_030,2122.44,2026-06-24 13:43:04.362924,DEVICE_1297_A,IP_1297_A,920,1,0,0
TXN_005893,USER_0033,MERCHANT_004,617.06,2026-06-24 13:47:04.362924,DEVICE_RING_B_02,IP_RING_B_01,88,8,3,1
TXN_005643,USER_0244,MERCHANT_109,71.68,2026-06-24 16:03:04.362924,DEVICE_0244_A,IP_0244_A,847,1,0,0
TXN_005770,USER_1294,MERCHANT_107,177.57,2026-06-24 16:19:04.362924,DEVICE_1294_A,IP_1294_A,496,0,0,0
TXN_002376,USER_0624,MERCHANT_056,1778.11,2026-06-24 16:21:04.362924,DEVICE_0624_A,IP_0624_A,1489,0,0,0
TXN_003897,USER_0475,MERCHANT_002,1706.19,2026-06-24 17:10:04.362924,DEVICE_0475_A,IP_0475_A,373,0,0,0
TXN_002741,USER_0918,MERCHANT_091,819.0,2026-06-24 18:15:04.362924,DEVICE_0918_A,IP_0918_A,415,1,1,0
TXN_004592,USER_0854,MERCHANT_126,695.14,2026-06-24 18:46:04.362924,DEVICE_0854_A,IP_0854_A,212,0,0,0
TXN_002520,USER_0057,MERCHANT_005,1067.04,2026-06-24 18:55:04.362924,DEVICE_RING_B_01,IP_RING_B_01,58,2,4,1
TXN_005467,USER_1317,MERCHANT_054,747.76,2026-06-24 19:10:04.362924,DEVICE_1317_A,IP_1317_A,547,0,0,0
TXN_004290,USER_0735,MERCHANT_075,944.95,2026-06-24 19:23:04.362924,DEVICE_0735_A,IP_0735_A,817,1,0,0
TXN_001428,USER_1157,MERCHANT_012,262.31,2026-06-24 19:32:04.362924,DEVICE_1157_A,IP_1157_A,976,0,0,0
TXN_002059,USER_0821,MERCHANT_129,730.59,2026-06-24 19:42:04.362924,DEVICE_0821_A,IP_0821_A,1159,1,0,0
TXN_004744,USER_1060,MERCHANT_026,818.94,2026-06-24 19:45:04.362924,DEVICE_1060_A,IP_1060_A,430,0,1,0
TXN_005821,USER_0408,MERCHANT_020,615.37,2026-06-24 19:54:04.362924,DEVICE_0408_A,IP_0408_A,428,0,0,0
TXN_002164,USER_0587,MERCHANT_063,1410.98,2026-06-24 20:19:04.362924,DEVICE_0587_A,IP_0587_A,1229,1,0,0
TXN_003740,USER_0031,MERCHANT_004,649.37,2026-06-24 21:12:04.362924,DEVICE_RING_B_01,IP_RING_B_01,71,6,4,1
TXN_004285,USER_0198,MERCHANT_035,334.49,2026-06-24 21:44:04.362924,DEVICE_0198_A,IP_0198_A,1186,1,0,0
TXN_005924,USER_0960,MERCHANT_050,638.05,2026-06-24 22:10:04.362924,DEVICE_0960_A,IP_0960_A,1441,0,0,0
TXN_002183,USER_1476,MERCHANT_066,524.08,2026-06-24 22:14:04.362924,DEVICE_1476_A,IP_1476_A,633,1,0,0
TXN_004817,USER_1088,MERCHANT_095,1615.24,2026-06-24 22:25:04.362924,DEVICE_1088_A,IP_1088_A,239,2,0,0
TXN_002475,USER_0591,MERCHANT_150,753.55,2026-06-24 22:44:04.362924,DEVICE_0591_A,IP_0591_A,1036,0,0,0
TXN_005135,USER_0048,MERCHANT_004,513.79,2026-06-24 22:46:04.362924,DEVICE_RING_B_02,IP_RING_B_02,67,5,2,1
TXN_002827,USER_0848,MERCHANT_050,1528.59,2026-06-24 22:57:04.362924,DEVICE_0848_A,IP_0848_A,1107,0,0,0
TXN_001146,USER_0832,MERCHANT_020,607.05,2026-06-25 00:42:04.362924,DEVICE_0832_A,IP_0832_A,1364,1,0,0
TXN_001725,USER_0512,MERCHANT_148,297.48,2026-06-25 00:46:04.362924,DEVICE_0512_A,IP_0512_A,59,0,0,0
TXN_001615,USER_0093,MERCHANT_012,2087.17,2026-06-25 01:21:04.362924,DEVICE_RING_D_01,IP_RING_D_01,78,2,1,1
TXN_003021,USER_1289,MERCHANT_024,1476.05,2026-06-25 01:23:04.362924,DEVICE_1289_A,IP_1289_A,76,1,0,0
TXN_003181,USER_1216,MERCHANT_093,1249.81,2026-06-25 01:51:04.362924,DEVICE_1216_A,IP_1216_A,1439,0,0,0
TXN_005979,USER_0820,MERCHANT_006,718.25,2026-06-25 02:06:04.362924,DEVICE_0820_A,IP_0820_A,734,0,0,0
TXN_003483,USER_0003,MERCHANT_003,1741.91,2026-06-25 02:36:04.362924,DEVICE_RING_A_01,IP_RING_A_01,75,6,3,1
TXN_002640,USER_0003,MERCHANT_002,3721.84,2026-06-25 02:37:04.362924,DEVICE_RING_A_01,IP_RING_A_01,62,8,1,1
TXN_002017,USER_0090,MERCHANT_009,1918.95,2026-06-25 02:38:04.362924,DEVICE_RING_C_01,IP_RING_C_01,61,2,3,1
TXN_002730,USER_1376,MERCHANT_100,416.94,2026-06-25 03:29:04.362924,DEVICE_1376_A,IP_1376_A,424,1,0,0
TXN_003234,USER_0399,MERCHANT_072,2516.17,2026-06-25 04:03:04.362924,DEVICE_0399_A,IP_0399_A,992,2,0,0
TXN_003309,USER_1217,MERCHANT_096,2248.06,2026-06-25 04:25:04.362924,DEVICE_1217_A,IP_1217_A,710,0,0,0
TXN_001714,USER_0167,MERCHANT_109,1132.85,2026-06-25 04:32:04.362924,DEVICE_0167_A,IP_0167_A,582,0,0,0
TXN_000672,USER_0036,MERCHANT_006,314.4,2026-06-25 04:35:04.362924,DEVICE_RING_B_01,IP_RING_B_02,16,7,2,1
TXN_005655,USER_1391,MERCHANT_030,311.08,2026-06-25 04:43:04.362924,DEVICE_1391_A,IP_1391_A,1209,2,0,0
TXN_000996,USER_1460,MERCHANT_134,485.95,2026-06-25 04:57:04.362924,DEVICE_1460_A,IP_1460_A,968,2,1,0
TXN_000831,USER_0538,MERCHANT_140,218.89,2026-06-25 05:22:04.362924,DEVICE_0538_A,IP_0538_A,1101,1,0,0
TXN_005910,USER_1152,MERCHANT_107,305.18,2026-06-25 06:48:04.362924,DEVICE_1152_A,IP_1152_A,1130,0,0,0
TXN_003587,USER_0215,MERCHANT_089,356.08,2026-06-25 07:31:04.362924,DEVICE_0215_A,IP_0215_A,829,1,0,0
TXN_005824,USER_1099,MERCHANT_019,1472.35,2026-06-25 08:16:04.362924,DEVICE_1099_A,IP_1099_A,994,0,0,0
TXN_003118,USER_1094,MERCHANT_105,340.39,2026-06-25 08:35:04.362924,DEVICE_1094_A,IP_1094_A,30,0,2,0
TXN_000405,USER_1097,MERCHANT_020,428.11,2026-06-25 08:45:04.362924,DEVICE_1097_A,IP_1097_A,301,0,0,0
TXN_004146,USER_0319,MERCHANT_082,83.42,2026-06-25 09:34:04.362924,DEVICE_0319_A,IP_0319_A,1452,2,1,0
TXN_000251,USER_0534,MERCHANT_138,233.05,2026-06-25 09:59:04.362924,DEVICE_0534_A,IP_0534_A,585,2,0,0
TXN_003615,USER_0851,MERCHANT_037,1008.86,2026-06-25 11:49:04.362924,DEVICE_0851_A,IP_0851_A,639,0,0,0
TXN_004832,USER_1193,MERCHANT_067,246.45,2026-06-25 11:58:04.362924,DEVICE_1193_A,IP_1193_A,1496,2,0,0
TXN_004032,USER_0956,MERCHANT_005,207.42,2026-06-25 12:05:04.362924,DEVICE_0956_A,IP_0956_A,1229,0,1,0
TXN_005978,USER_0075,MERCHANT_009,4661.69,2026-06-25 12:07:04.362924,DEVICE_RING_C_02,IP_RING_C_02,61,6,5,1
TXN_002185,USER_1385,MERCHANT_129,114.21,2026-06-25 12:09:04.362924,DEVICE_1385_A,IP_1385_A,931,1,0,0
TXN_004390,USER_1096,MERCHANT_108,930.67,2026-06-25 13:10:04.362924,DEVICE_1096_A,IP_1096_A,1017,0,0,0
TXN_000419,USER_0202,MERCHANT_016,1453.02,2026-06-25 13:49:04.362924,DEVICE_0202_A,IP_0202_A,845,0,0,0
TXN_002484,USER_0491,MERCHANT_086,337.63,2026-06-25 15:19:04.362924,DEVICE_0491_A,IP_0491_A,452,0,0,0
TXN_002024,USER_0694,MERCHANT_046,224.82,2026-06-25 15:21:04.362924,DEVICE_0694_A,IP_0694_A,568,0,0,0
TXN_002027,USER_0308,MERCHANT_038,2315.34,2026-06-25 15:21:04.362924,DEVICE_0308_A,IP_0308_A,323,0,1,0
TXN_004575,USER_0227,MERCHANT_090,342.03,2026-06-25 15:43:04.362924,DEVICE_0227_A,IP_0227_A,1378,0,1,0
TXN_003398,USER_0433,MERCHANT_037,1833.1,2026-06-25 15:54:04.362924,DEVICE_0433_A,IP_0433_A,360,1,0,0
TXN_005839,USER_0985,MERCHANT_002,238.93,2026-06-25 16:54:04.362924,DEVICE_0985_A,IP_0985_A,1092,0,0,0
TXN_000767,USER_0821,MERCHANT_108,584.46,2026-06-25 16:59:04.362924,DEVICE_0821_A,IP_0821_A,668,1,0,0
TXN_003182,USER_1043,MERCHANT_142,887.61,2026-06-25 17:32:04.362924,DEVICE_1043_A,IP_1043_A,249,0,0,0
TXN_004786,USER_0020,MERCHANT_002,1841.68,2026-06-25 17:56:04.362924,DEVICE_RING_A_01,IP_RING_A_01,77,5,5,1
TXN_003645,USER_1428,MERCHANT_008,326.58,2026-06-25 17:58:04.362924,DEVICE_1428_A,IP_1428_A,459,0,0,0
TXN_004412,USER_0799,MERCHANT_014,573.14,2026-06-25 18:18:04.362924,DEVICE_0799_A,IP_0799_A,871,0,0,0
TXN_001626,USER_1333,MERCHANT_003,1348.79,2026-06-25 18:20:04.362924,DEVICE_1333_A,IP_1333_A,1080,0,0,0
TXN_004781,USER_0035,MERCHANT_004,3304.8,2026-06-25 18:23:04.362924,DEVICE_RING_B_02,IP_RING_B_02,57,8,3,1
TXN_005335,USER_0271,MERCHANT_016,336.34,2026-06-25 18:52:04.362924,DEVICE_0271_A,IP_0271_A,570,0,0,0
TXN_004171,USER_0538,MERCHANT_020,188.64,2026-06-25 19:30:04.362924,DEVICE_0538_A,IP_0538_A,878,1,0,0
TXN_003952,USER_1197,MERCHANT_091,320.93,2026-06-25 19:36:04.362924,DEVICE_1197_A,IP_1197_A,51,0,0,0
TXN_000627,USER_1387,MERCHANT_136,285.64,2026-06-25 19:44:04.362924,DEVICE_1387_A,IP_1387_A,1002,2,1,0
TXN_004386,USER_0794,MERCHANT_057,443.04,2026-06-25 19:44:04.362924,DEVICE_0794_A,IP_0794_A,1258,0,0,0
TXN_005111,USER_1184,MERCHANT_034,418.4,2026-06-25 19:49:04.362924,DEVICE_1184_A,IP_1184_A,869,1,0,0
TXN_003451,USER_1299,MERCHANT_137,419.35,2026-06-25 19:54:04.362924,DEVICE_1299_A,IP_1299_A,1345,1,0,0
TXN_003776,USER_1419,MERCHANT_077,854.56,2026-06-25 20:25:04.362924,DEVICE_1419_A,IP_1419_A,814,1,0,0
TXN_000078,USER_1424,MERCHANT_049,479.47,2026-06-25 20:57:04.362924,DEVICE_1424_A,IP_1424_A,1301,0,0,0
TXN_002641,USER_1080,MERCHANT_043,2330.67,2026-06-25 21:09:04.362924,DEVICE_1080_A,IP_1080_A,1407,0,0,0
TXN_004981,USER_1019,MERCHANT_062,244.31,2026-06-25 21:19:04.362924,DEVICE_1019_A,IP_1019_A,797,1,0,0
TXN_003541,USER_1005,MERCHANT_109,768.98,2026-06-25 21:41:04.362924,DEVICE_1005_A,IP_1005_A,869,0,0,0
TXN_003479,USER_0525,MERCHANT_065,1425.28,2026-06-25 21:57:04.362924,DEVICE_0525_A,IP_0525_A,866,0,0,0
TXN_004306,USER_0671,MERCHANT_140,181.01,2026-06-25 23:31:04.362924,DEVICE_0671_A,IP_0671_A,111,0,2,0
TXN_004615,USER_0271,MERCHANT_023,625.67,2026-06-25 23:45:04.362924,DEVICE_0271_A,IP_0271_A,104,2,0,0
TXN_004905,USER_0758,MERCHANT_137,972.94,2026-06-25 23:52:04.362924,DEVICE_0758_A,IP_0758_A,1201,0,1,0
TXN_002587,USER_0693,MERCHANT_028,223.07,2026-06-25 23:52:04.362924,DEVICE_0693_A,IP_0693_A,36,0,0,0
TXN_005846,USER_0079,MERCHANT_008,1449.33,2026-06-26 00:05:04.362924,DEVICE_RING_C_01,IP_RING_C_02,19,6,3,1
TXN_000761,USER_0659,MERCHANT_021,389.63,2026-06-26 00:25:04.362924,DEVICE_0659_A,IP_0659_A,894,0,0,0
TXN_004418,USER_0001,MERCHANT_003,355.84,2026-06-26 01:06:04.362924,DEVICE_RING_A_02,IP_RING_A_01,81,7,3,1
TXN_002586,USER_0616,MERCHANT_118,375.28,2026-06-26 01:15:04.362924,DEVICE_0616_A,IP_0616_A,1278,0,0,0
TXN_002148,USER_0880,MERCHANT_145,322.32,2026-06-26 01:21:04.362924,DEVICE_0880_A,IP_0880_A,772,1,0,0
TXN_005403,USER_0289,MERCHANT_114,895.79,2026-06-26 01:25:04.362924,DEVICE_0289_A,IP_0289_A,595,0,0,0
TXN_002340,USER_0776,MERCHANT_019,365.65,2026-06-26 02:33:04.362924,DEVICE_0776_A,IP_0776_A,1492,0,0,0
TXN_000018,USER_0113,MERCHANT_012,3423.07,2026-06-26 02:37:04.362924,DEVICE_RING_D_01,IP_RING_D_02,75,4,4,1
TXN_002947,USER_0519,MERCHANT_140,639.6,2026-06-26 03:55:04.362924,DEVICE_0519_A,IP_0519_A,1202,2,0,0
TXN_000547,USER_0848,MERCHANT_058,924.94,2026-06-26 04:03:04.362924,DEVICE_0848_A,IP_0848_A,658,0,1,0
TXN_004729,USER_0971,MERCHANT_003,1981.15,2026-06-26 04:04:04.362924,DEVICE_0971_A,IP_0971_A,516,0,0,0
TXN_001966,USER_0273,MERCHANT_084,641.7,2026-06-26 04:27:04.362924,DEVICE_0273_A,IP_0273_A,350,0,0,0
TXN_005171,USER_1182,MERCHANT_012,756.99,2026-06-26 05:14:04.362924,DEVICE_1182_A,IP_1182_A,350,0,0,0
TXN_002686,USER_1041,MERCHANT_068,760.55,2026-06-26 05:27:04.362924,DEVICE_1041_A,IP_1041_A,644,1,1,0
TXN_003523,USER_1461,MERCHANT_138,290.81,2026-06-26 05:45:04.362924,DEVICE_1461_A,IP_1461_A,112,0,0,0
TXN_004218,USER_0183,MERCHANT_072,418.05,2026-06-26 06:25:04.362924,DEVICE_0183_A,IP_0183_A,171,0,0,0
TXN_004347,USER_1300,MERCHANT_026,579.06,2026-06-26 07:03:04.362924,DEVICE_1300_A,IP_1300_A,424,0,0,0
TXN_002648,USER_0569,MERCHANT_064,209.09,2026-06-26 07:03:04.362924,DEVICE_0569_A,IP_0569_A,980,1,1,0
TXN_001959,USER_0467,MERCHANT_074,1324.74,2026-06-26 07:04:04.362924,DEVICE_0467_A,IP_0467_A,561,2,0,0
TXN_002370,USER_0416,MERCHANT_074,1515.94,2026-06-26 07:31:04.362924,DEVICE_0416_A,IP_0416_A,1334,1,2,0
TXN_005938,USER_1207,MERCHANT_007,183.36,2026-06-26 08:14:04.362924,DEVICE_1207_A,IP_1207_A,811,0,1,0
TXN_002131,USER_0404,MERCHANT_129,833.63,2026-06-26 08:17:04.362924,DEVICE_0404_A,IP_0404_A,194,0,0,0
TXN_001188,USER_0537,MERCHANT_049,506.97,2026-06-26 08:55:04.362924,DEVICE_0537_A,IP_0537_A,575,0,0,0
TXN_004705,USER_0294,MERCHANT_010,925.15,2026-06-26 10:06:04.362924,DEVICE_0294_A,IP_0294_A,1434,0,0,0
TXN_002359,USER_0497,MERCHANT_050,158.34,2026-06-26 10:34:04.362924,DEVICE_0497_A,IP_0497_A,717,0,0,0
TXN_003305,USER_1248,MERCHANT_002,1369.97,2026-06-26 11:28:04.362924,DEVICE_1248_A,IP_1248_A,400,0,0,0
TXN_004893,USER_0852,MERCHANT_022,391.44,2026-06-26 11:29:04.362924,DEVICE_0852_A,IP_0852_A,1130,1,0,0
TXN_000253,USER_1427,MERCHANT_060,2947.01,2026-06-26 11:31:04.362924,DEVICE_1427_A,IP_1427_A,137,0,0,0
TXN_004077,USER_0979,MERCHANT_023,456.96,2026-06-26 11:42:04.362924,DEVICE_0979_A,IP_0979_A,1208,1,0,0
TXN_001789,USER_0309,MERCHANT_068,762.28,2026-06-26 11:52:04.362924,DEVICE_0309_A,IP_0309_A,636,1,0,0
TXN_005253,USER_0157,MERCHANT_126,422.78,2026-06-26 12:17:04.362924,DEVICE_0157_A,IP_0157_A,1446,2,0,0
TXN_005639,USER_0275,MERCHANT_097,465.03,2026-06-26 12:26:04.362924,DEVICE_0275_A,IP_0275_A,457,0,0,0
TXN_000119,USER_0999,MERCHANT_144,1413.81,2026-06-26 12:35:04.362924,DEVICE_0999_A,IP_0999_A,1303,0,0,0
TXN_000558,USER_0826,MERCHANT_080,433.77,2026-06-26 12:49:04.362924,DEVICE_0826_A,IP_0826_A,294,0,0,0
TXN_004793,USER_0722,MERCHANT_003,550.57,2026-06-26 13:01:04.362924,DEVICE_0722_A,IP_0722_A,1476,1,0,0
TXN_001804,USER_1391,MERCHANT_104,192.8,2026-06-26 13:15:04.362924,DEVICE_1391_A,IP_1391_A,832,0,0,0
TXN_005122,USER_0125,MERCHANT_103,432.6,2026-06-26 13:28:04.362924,DEVICE_0125_A,IP_0125_A,1283,0,0,0
TXN_001097,USER_0750,MERCHANT_033,636.45,2026-06-26 13:29:04.362924,DEVICE_0750_A,IP_0750_A,459,0,0,0
TXN_004287,USER_0479,MERCHANT_077,425.69,2026-06-26 13:38:04.362924,DEVICE_0479_A,IP_0479_A,215,0,2,0
TXN_002317,USER_0840,MERCHANT_021,1125.67,2026-06-26 13:38:04.362924,DEVICE_0840_A,IP_0840_A,725,0,0,0
TXN_001257,USER_0368,MERCHANT_144,2103.5,2026-06-26 13:44:04.362924,DEVICE_0368_A,IP_0368_A,488,0,2,0
TXN_005037,USER_1006,MERCHANT_104,3089.46,2026-06-26 13:47:04.362924,DEVICE_1006_A,IP_1006_A,1407,2,0,0
TXN_005894,USER_0057,MERCHANT_006,546.62,2026-06-26 13:56:04.362924,DEVICE_RING_B_01,IP_RING_B_02,58,3,5,1
TXN_002513,USER_0806,MERCHANT_126,905.6,2026-06-26 13:56:04.362924,DEVICE_0806_A,IP_0806_A,269,0,1,0
TXN_002373,USER_0944,MERCHANT_033,676.51,2026-06-26 14:23:04.362924,DEVICE_0944_A,IP_0944_A,1313,0,1,0
TXN_002623,USER_1020,MERCHANT_065,638.93,2026-06-26 14:34:04.362924,DEVICE_1020_A,IP_1020_A,1026,0,0,0
TXN_003843,USER_0906,MERCHANT_005,1250.25,2026-06-26 14:36:04.362924,DEVICE_0906_A,IP_0906_A,344,0,0,0
TXN_000756,USER_0304,MERCHANT_114,4320.89,2026-06-26 14:42:04.362924,DEVICE_0304_A,IP_0304_A,660,0,0,0
TXN_003492,USER_1220,MERCHANT_113,511.24,2026-06-26 15:16:04.362924,DEVICE_1220_A,IP_1220_A,345,1,0,0
TXN_001923,USER_1411,MERCHANT_045,268.37,2026-06-26 15:20:04.362924,DEVICE_1411_A,IP_1411_A,330,1,0,0
TXN_002422,USER_0453,MERCHANT_102,1442.48,2026-06-26 15:59:04.362924,DEVICE_0453_A,IP_0453_A,1331,1,0,0
TXN_002804,USER_0779,MERCHANT_095,282.56,2026-06-26 16:16:04.362924,DEVICE_0779_A,IP_0779_A,1384,0,0,0
TXN_003114,USER_0029,MERCHANT_002,745.88,2026-06-26 16:30:04.362924,DEVICE_RING_A_02,IP_RING_A_01,51,5,2,1
TXN_005345,USER_1469,MERCHANT_046,468.63,2026-06-26 16:51:04.362924,DEVICE_1469_A,IP_1469_A,733,0,1,0
TXN_003047,USER_0387,MERCHANT_033,1431.15,2026-06-26 17:02:04.362924,DEVICE_0387_A,IP_0387_A,606,0,1,0
TXN_002162,USER_1055,MERCHANT_046,721.84,2026-06-26 17:20:04.362924,DEVICE_1055_A,IP_1055_A,112,2,0,0
TXN_002598,USER_0672,MERCHANT_094,703.02,2026-06-26 17:49:04.362924,DEVICE_0672_A,IP_0672_A,562,0,0,0
TXN_002353,USER_0198,MERCHANT_100,1001.85,2026-06-26 18:00:04.362924,DEVICE_0198_A,IP_0198_A,407,0,0,0
TXN_003040,USER_1050,MERCHANT_031,513.87,2026-06-26 18:29:04.362924,DEVICE_1050_A,IP_1050_A,320,0,0,0
TXN_000041,USER_1299,MERCHANT_006,1043.96,2026-06-26 18:37:04.362924,DEVICE_1299_A,IP_1299_A,1406,1,0,0
TXN_003912,USER_0325,MERCHANT_124,706.86,2026-06-26 18:57:04.362924,DEVICE_0325_A,IP_0325_A,792,0,0,0
TXN_002688,USER_0204,MERCHANT_057,189.66,2026-06-26 19:16:04.362924,DEVICE_0204_A,IP_0204_A,950,0,0,0
TXN_004430,USER_0413,MERCHANT_142,417.72,2026-06-26 19:35:04.362924,DEVICE_0413_A,IP_0413_A,333,0,0,0
TXN_005372,USER_0995,MERCHANT_091,257.94,2026-06-26 19:56:04.362924,DEVICE_0995_A,IP_0995_A,625,0,0,0
TXN_005120,USER_0637,MERCHANT_072,1107.16,2026-06-26 20:30:04.362924,DEVICE_0637_A,IP_0637_A,806,0,0,0
TXN_002483,USER_1281,MERCHANT_065,2673.96,2026-06-26 20:33:04.362924,DEVICE_1281_A,IP_1281_A,474,0,0,0
TXN_001992,USER_1414,MERCHANT_064,1056.43,2026-06-26 20:59:04.362924,DEVICE_1414_A,IP_1414_A,99,0,0,0
TXN_004610,USER_0222,MERCHANT_068,319.82,2026-06-26 21:13:04.362924,DEVICE_0222_A,IP_0222_A,1476,0,0,0
TXN_004142,USER_1421,MERCHANT_024,2050.21,2026-06-26 21:50:04.362924,DEVICE_1421_A,IP_1421_A,896,0,0,0
TXN_001879,USER_0226,MERCHANT_139,169.75,2026-06-26 22:13:04.362924,DEVICE_0226_A,IP_0226_A,707,0,1,0
TXN_005324,USER_0039,MERCHANT_006,3085.13,2026-06-26 22:40:04.362924,DEVICE_RING_B_01,IP_RING_B_02,13,7,5,1
TXN_004043,USER_0092,MERCHANT_011,496.79,2026-06-26 22:46:04.362924,DEVICE_RING_D_02,IP_RING_D_02,78,8,5,1
TXN_005662,USER_1126,MERCHANT_023,300.4,2026-06-26 22:54:04.362924,DEVICE_1126_A,IP_1126_A,296,0,0,0
TXN_001938,USER_1054,MERCHANT_081,852.1,2026-06-26 22:55:04.362924,DEVICE_1054_A,IP_1054_A,266,0,0,0
TXN_004263,USER_0579,MERCHANT_071,1060.57,2026-06-26 23:05:04.362924,DEVICE_0579_A,IP_0579_A,1476,0,1,0
TXN_005331,USER_0123,MERCHANT_013,400.56,2026-06-26 23:08:04.362924,DEVICE_0123_A,IP_0123_A,1407,1,0,0
TXN_000837,USER_0900,MERCHANT_131,1919.47,2026-06-26 23:31:04.362924,DEVICE_0900_A,IP_0900_A,1483,0,0,0
TXN_004128,USER_0350,MERCHANT_148,2312.24,2026-06-26 23:44:04.362924,DEVICE_0350_A,IP_0350_A,1359,1,2,0
TXN_001607,USER_0575,MERCHANT_087,657.82,2026-06-27 00:05:04.362924,DEVICE_0575_A,IP_0575_A,902,0,0,0
TXN_001866,USER_0318,MERCHANT_028,172.44,2026-06-27 00:41:04.362924,DEVICE_0318_A,IP_0318_A,1052,2,0,0
TXN_002175,USER_0040,MERCHANT_006,1084.53,2026-06-27 00:54:04.362924,DEVICE_RING_B_02,IP_RING_B_02,61,2,3,1
TXN_002604,USER_0309,MERCHANT_014,245.84,2026-06-27 00:56:04.362924,DEVICE_0309_A,IP_0309_A,1202,0,0,0
TXN_003468,USER_1479,MERCHANT_116,662.4,2026-06-27 01:19:04.362924,DEVICE_1479_A,IP_1479_A,1492,0,0,0
TXN_004344,USER_1323,MERCHANT_034,1294.35,2026-06-27 01:34:04.362924,DEVICE_1323_A,IP_1323_A,407,0,0,0
TXN_004278,USER_1429,MERCHANT_078,290.61,2026-06-27 01:36:04.362924,DEVICE_1429_A,IP_1429_A,1315,0,0,0
TXN_000852,USER_0593,MERCHANT_007,395.57,2026-06-27 01:44:04.362924,DEVICE_0593_A,IP_0593_A,765,0,0,0
TXN_001052,USER_0074,MERCHANT_008,3713.94,2026-06-27 02:03:04.362924,DEVICE_RING_C_02,IP_RING_C_02,76,7,5,1
TXN_003163,USER_1152,MERCHANT_084,425.22,2026-06-27 02:34:04.362924,DEVICE_1152_A,IP_1152_A,548,0,0,0
TXN_001453,USER_0164,MERCHANT_032,718.74,2026-06-27 02:40:04.362924,DEVICE_0164_A,IP_0164_A,662,0,0,0
TXN_000476,USER_1353,MERCHANT_057,497.78,2026-06-27 02:42:04.362924,DEVICE_1353_A,IP_1353_A,70,0,0,0
TXN_001924,USER_0355,MERCHANT_010,717.92,2026-06-27 02:48:04.362924,DEVICE_0355_A,IP_0355_A,407,0,1,0
TXN_002445,USER_0081,MERCHANT_009,1511.82,2026-06-27 04:29:04.362924,DEVICE_RING_C_02,IP_RING_C_02,44,6,3,1
TXN_004284,USER_0334,MERCHANT_131,1244.83,2026-06-27 04:40:04.362924,DEVICE_0334_A,IP_0334_A,835,2,0,0
TXN_003265,USER_0003,MERCHANT_003,4863.25,2026-06-27 04:46:04.362924,DEVICE_RING_A_01,IP_RING_A_02,50,2,5,1
TXN_002364,USER_0133,MERCHANT_098,1382.22,2026-06-27 04:58:04.362924,DEVICE_0133_A,IP_0133_A,37,0,1,0
TXN_002859,USER_1442,MERCHANT_096,1453.49,2026-06-27 05:09:04.362924,DEVICE_1442_A,IP_1442_A,1288,1,0,0
TXN_005291,USER_0254,MERCHANT_143,1953.21,2026-06-27 05:09:04.362924,DEVICE_0254_A,IP_0254_A,123,0,1,0
TXN_003633,USER_0818,MERCHANT_042,502.68,2026-06-27 05:36:04.362924,DEVICE_0818_A,IP_0818_A,224,1,0,0
TXN_000291,USER_1300,MERCHANT_082,513.29,2026-06-27 06:04:04.362924,DEVICE_1300_A,IP_1300_A,1212,0,0,0
TXN_000290,USER_1226,MERCHANT_056,376.12,2026-06-27 06:27:04.362924,DEVICE_1226_A,IP_1226_A,145,0,2,0
TXN_001390,USER_0931,MERCHANT_056,340.99,2026-06-27 06:33:04.362924,DEVICE_0931_A,IP_0931_A,656,0,0,0
TXN_005139,USER_0519,MERCHANT_047,356.98,2026-06-27 06:42:04.362924,DEVICE_0519_A,IP_0519_A,1139,0,0,0
TXN_005268,USER_1067,MERCHANT_020,397.82,2026-06-27 07:15:04.362924,DEVICE_1067_A,IP_1067_A,644,0,0,0
TXN_003779,USER_0837,MERCHANT_143,126.5,2026-06-27 07:37:04.362924,DEVICE_0837_A,IP_0837_A,893,0,2,0
TXN_005799,USER_0093,MERCHANT_010,4163.75,2026-06-27 08:11:04.362924,DEVICE_RING_D_01,IP_RING_D_01,43,8,3,1
TXN_002081,USER_0876,MERCHANT_093,600.24,2026-06-27 08:14:04.362924,DEVICE_0876_A,IP_0876_A,726,0,0,0
TXN_005657,USER_0998,MERCHANT_127,1280.03,2026-06-27 08:21:04.362924,DEVICE_0998_A,IP_0998_A,1141,0,0,0
TXN_000938,USER_1005,MERCHANT_101,1020.65,2026-06-27 08:25:04.362924,DEVICE_1005_A,IP_1005_A,1310,0,0,0
TXN_001020,USER_1031,MERCHANT_149,824.73,2026-06-27 08:33:04.362924,DEVICE_1031_A,IP_1031_A,697,0,0,0
TXN_005311,USER_0333,MERCHANT_117,489.13,2026-06-27 08:40:04.362924,DEVICE_0333_A,IP_0333_A,473,2,1,0
TXN_005660,USER_0963,MERCHANT_066,362.6,2026-06-27 08:44:04.362924,DEVICE_0963_A,IP_0963_A,929,0,0,0
TXN_003498,USER_0830,MERCHANT_142,578.75,2026-06-27 09:26:04.362924,DEVICE_0830_A,IP_0830_A,881,1,0,0
TXN_002009,USER_0780,MERCHANT_119,983.74,2026-06-27 09:30:04.362924,DEVICE_0780_A,IP_0780_A,1481,0,0,0
TXN_002074,USER_0537,MERCHANT_112,695.7,2026-06-27 10:29:04.362924,DEVICE_0537_A,IP_0537_A,214,1,0,0
TXN_003924,USER_0641,MERCHANT_083,179.16,2026-06-27 10:39:04.362924,DEVICE_0641_A,IP_0641_A,1464,2,0,0
TXN_004371,USER_1382,MERCHANT_140,162.43,2026-06-27 10:52:04.362924,DEVICE_1382_A,IP_1382_A,1376,0,0,0
TXN_003707,USER_0921,MERCHANT_107,404.85,2026-06-27 11:03:04.362924,DEVICE_0921_A,IP_0921_A,307,0,0,0
TXN_002907,USER_1046,MERCHANT_053,439.12,2026-06-27 11:11:04.362924,DEVICE_1046_A,IP_1046_A,1426,0,0,0
TXN_005455,USER_1464,MERCHANT_007,1247.58,2026-06-27 11:57:04.362924,DEVICE_1464_A,IP_1464_A,776,0,0,0
TXN_000616,USER_1167,MERCHANT_074,661.06,2026-06-27 13:34:04.362924,DEVICE_1167_A,IP_1167_A,1449,0,1,0
TXN_000901,USER_0882,MERCHANT_116,791.11,2026-06-27 13:40:04.362924,DEVICE_0882_A,IP_0882_A,649,0,0,0
TXN_004256,USER_1336,MERCHANT_103,1304.42,2026-06-27 14:00:04.362924,DEVICE_1336_A,IP_1336_A,1425,0,0,0
TXN_005404,USER_0161,MERCHANT_066,642.42,2026-06-27 14:21:04.362924,DEVICE_0161_A,IP_0161_A,764,1,0,0
TXN_001895,USER_0033,MERCHANT_005,2288.57,2026-06-27 14:49:04.362924,DEVICE_RING_B_01,IP_RING_B_01,69,6,1,1
TXN_005164,USER_1314,MERCHANT_106,607.25,2026-06-27 14:56:04.362924,DEVICE_1314_A,IP_1314_A,354,0,0,0
TXN_000175,USER_0980,MERCHANT_118,738.37,2026-06-27 15:24:04.362924,DEVICE_0980_A,IP_0980_A,158,0,1,0
TXN_002276,USER_0859,MERCHANT_149,265.75,2026-06-27 15:47:04.362924,DEVICE_0859_A,IP_0859_A,1407,1,0,0
TXN_003755,USER_0074,MERCHANT_008,1251.12,2026-06-27 17:00:04.362924,DEVICE_RING_C_02,IP_RING_C_01,42,5,5,1
TXN_002135,USER_0479,MERCHANT_121,460.08,2026-06-27 17:19:04.362924,DEVICE_0479_A,IP_0479_A,1489,2,0,0
TXN_003361,USER_0148,MERCHANT_117,252.63,2026-06-27 17:47:04.362924,DEVICE_0148_A,IP_0148_A,595,0,0,0
TXN_003669,USER_1086,MERCHANT_125,539.33,2026-06-27 18:47:04.362924,DEVICE_1086_A,IP_1086_A,402,0,1,0
TXN_003346,USER_0090,MERCHANT_008,12740.16,2026-06-27 19:02:04.362924,DEVICE_RING_C_01,IP_RING_C_02,29,3,5,1
TXN_002582,USER_0593,MERCHANT_057,803.36,2026-06-27 20:18:04.362924,DEVICE_0593_A,IP_0593_A,1296,0,0,0
TXN_000319,USER_0514,MERCHANT_135,765.14,2026-06-27 20:56:04.362924,DEVICE_0514_A,IP_0514_A,546,1,0,0
TXN_005710,USER_0244,MERCHANT_148,2492.35,2026-06-27 21:15:04.362924,DEVICE_0244_A,IP_0244_A,966,0,0,0
TXN_004322,USER_0599,MERCHANT_017,553.62,2026-06-27 21:26:04.362924,DEVICE_0599_A,IP_0599_A,547,2,0,0
TXN_005180,USER_0343,MERCHANT_030,607.11,2026-06-27 22:35:04.362924,DEVICE_0343_A,IP_0343_A,972,0,0,0
TXN_005203,USER_0592,MERCHANT_089,671.17,2026-06-27 22:35:04.362924,DEVICE_0592_A,IP_0592_A,121,0,0,0
TXN_004594,USER_1155,MERCHANT_106,117.71,2026-06-28 00:12:04.362924,DEVICE_1155_A,IP_1155_A,1327,0,0,0
TXN_004265,USER_0768,MERCHANT_012,573.67,2026-06-28 00:31:04.362924,DEVICE_0768_A,IP_0768_A,891,0,0,0
TXN_001242,USER_0533,MERCHANT_076,515.04,2026-06-28 00:33:04.362924,DEVICE_0533_A,IP_0533_A,1196,1,0,0
TXN_000999,USER_1449,MERCHANT_034,390.94,2026-06-28 00:40:04.362924,DEVICE_1449_A,IP_1449_A,59,0,0,0
TXN_005059,USER_0783,MERCHANT_069,540.8,2026-06-28 01:13:04.362924,DEVICE_0783_A,IP_0783_A,152,1,0,0
TXN_002186,USER_0041,MERCHANT_004,11585.15,2026-06-28 01:40:04.362924,DEVICE_RING_B_02,IP_RING_B_02,85,5,4,1
TXN_002655,USER_1371,MERCHANT_043,366.34,2026-06-28 01:53:04.362924,DEVICE_1371_A,IP_1371_A,718,0,0,0
TXN_004504,USER_0007,MERCHANT_002,3778.36,2026-06-28 02:00:04.362924,DEVICE_RING_A_01,IP_RING_A_02,45,6,5,1
TXN_001454,USER_1390,MERCHANT_021,4222.54,2026-06-28 02:34:04.362924,DEVICE_1390_A,IP_1390_A,152,0,0,0
TXN_002107,USER_0221,MERCHANT_096,305.35,2026-06-28 03:01:04.362924,DEVICE_0221_A,IP_0221_A,1204,0,0,0
TXN_005462,USER_0940,MERCHANT_145,984.04,2026-06-28 03:59:04.362924,DEVICE_0940_A,IP_0940_A,802,1,2,0
TXN_001898,USER_0719,MERCHANT_034,1990.05,2026-06-28 04:05:04.362924,DEVICE_0719_A,IP_0719_A,1271,0,0,0
TXN_003457,USER_0002,MERCHANT_003,7426.54,2026-06-28 04:30:04.362924,DEVICE_RING_A_02,IP_RING_A_02,56,8,3,1
TXN_002161,USER_0645,MERCHANT_047,260.69,2026-06-28 05:04:04.362924,DEVICE_0645_A,IP_0645_A,1442,2,1,0
TXN_002146,USER_0071,MERCHANT_008,11091.22,2026-06-28 05:09:04.362924,DEVICE_RING_C_02,IP_RING_C_02,58,7,3,1
TXN_002758,USER_0062,MERCHANT_008,1171.18,2026-06-28 05:29:04.362924,DEVICE_RING_C_02,IP_RING_C_02,31,6,3,1
TXN_003835,USER_0052,MERCHANT_005,947.59,2026-06-28 05:53:04.362924,DEVICE_RING_B_02,IP_RING_B_01,71,2,1,1
TXN_002293,USER_0583,MERCHANT_113,639.65,2026-06-28 06:30:04.362924,DEVICE_0583_A,IP_0583_A,1356,1,0,0
TXN_004503,USER_1287,MERCHANT_138,182.95,2026-06-28 07:10:04.362924,DEVICE_1287_A,IP_1287_A,1186,1,0,0
TXN_000464,USER_1446,MERCHANT_076,704.45,2026-06-28 07:27:04.362924,DEVICE_1446_A,IP_1446_A,1051,0,0,0
TXN_001662,USER_0905,MERCHANT_108,549.15,2026-06-28 07:43:04.362924,DEVICE_0905_A,IP_0905_A,1155,0,0,0
TXN_003054,USER_0635,MERCHANT_123,333.32,2026-06-28 08:08:04.362924,DEVICE_0635_A,IP_0635_A,247,0,1,0
TXN_000823,USER_0617,MERCHANT_019,3364.73,2026-06-28 08:27:04.362924,DEVICE_0617_A,IP_0617_A,575,1,0,0
TXN_001318,USER_1257,MERCHANT_033,477.24,2026-06-28 08:37:04.362924,DEVICE_1257_A,IP_1257_A,653,0,0,0
TXN_004369,USER_1490,MERCHANT_148,362.33,2026-06-28 08:41:04.362924,DEVICE_1490_A,IP_1490_A,83,0,0,0
TXN_000335,USER_0271,MERCHANT_022,1246.72,2026-06-28 08:54:04.362924,DEVICE_0271_A,IP_0271_A,578,0,0,0
TXN_002452,USER_0578,MERCHANT_001,321.52,2026-06-28 09:12:04.362924,DEVICE_0578_A,IP_0578_A,700,0,0,0
TXN_004465,USER_0110,MERCHANT_012,1399.72,2026-06-28 09:14:04.362924,DEVICE_RING_D_01,IP_RING_D_02,44,4,4,1
TXN_001030,USER_0628,MERCHANT_084,278.62,2026-06-28 09:21:04.362924,DEVICE_0628_A,IP_0628_A,919,0,1,0
TXN_000858,USER_0996,MERCHANT_104,854.48,2026-06-28 09:38:04.362924,DEVICE_0996_A,IP_0996_A,115,0,1,0
TXN_001477,USER_0617,MERCHANT_123,547.97,2026-06-28 09:39:04.362924,DEVICE_0617_A,IP_0617_A,100,2,0,0
TXN_004559,USER_0867,MERCHANT_062,400.89,2026-06-28 09:55:04.362924,DEVICE_0867_A,IP_0867_A,536,0,0,0
TXN_001383,USER_0230,MERCHANT_072,3025.74,2026-06-28 10:29:04.362924,DEVICE_0230_A,IP_0230_A,288,1,2,0
TXN_004289,USER_1315,MERCHANT_111,1860.83,2026-06-28 11:04:04.362924,DEVICE_1315_A,IP_1315_A,826,0,0,0
TXN_000286,USER_1064,MERCHANT_089,138.78,2026-06-28 11:13:04.362924,DEVICE_1064_A,IP_1064_A,347,0,1,0
TXN_001811,USER_1088,MERCHANT_029,417.65,2026-06-28 11:13:04.362924,DEVICE_1088_A,IP_1088_A,122,1,0,0
TXN_000470,USER_1466,MERCHANT_062,389.58,2026-06-28 11:59:04.362924,DEVICE_1466_A,IP_1466_A,575,0,0,0
TXN_003332,USER_1229,MERCHANT_071,188.22,2026-06-28 12:10:04.362924,DEVICE_1229_A,IP_1229_A,166,0,0,0
TXN_003984,USER_1030,MERCHANT_069,258.35,2026-06-28 12:15:04.362924,DEVICE_1030_A,IP_1030_A,900,0,0,0
TXN_003443,USER_0732,MERCHANT_085,666.92,2026-06-28 12:19:04.362924,DEVICE_0732_A,IP_0732_A,566,1,1,0
TXN_000413,USER_1254,MERCHANT_073,189.87,2026-06-28 12:39:04.362924,DEVICE_1254_A,IP_1254_A,1444,0,1,0
TXN_004117,USER_0790,MERCHANT_148,500.15,2026-06-28 12:43:04.362924,DEVICE_0790_A,IP_0790_A,799,2,0,0
TXN_001551,USER_0736,MERCHANT_012,556.58,2026-06-28 13:02:04.362924,DEVICE_0736_A,IP_0736_A,1093,1,0,0
TXN_005271,USER_1492,MERCHANT_147,1579.71,2026-06-28 13:28:04.362924,DEVICE_1492_A,IP_1492_A,867,0,0,0
TXN_003741,USER_0718,MERCHANT_104,351.05,2026-06-28 13:45:04.362924,DEVICE_0718_A,IP_0718_A,958,0,0,0
TXN_001990,USER_0148,MERCHANT_010,829.54,2026-06-28 13:50:04.362924,DEVICE_0148_A,IP_0148_A,71,1,0,0
TXN_001831,USER_1425,MERCHANT_099,1020.54,2026-06-28 13:53:04.362924,DEVICE_1425_A,IP_1425_A,895,0,1,0
TXN_004823,USER_1286,MERCHANT_110,318.2,2026-06-28 13:54:04.362924,DEVICE_1286_A,IP_1286_A,1269,1,0,0
TXN_002594,USER_0716,MERCHANT_060,626.69,2026-06-28 13:58:04.362924,DEVICE_0716_A,IP_0716_A,807,0,0,0
TXN_004091,USER_1354,MERCHANT_030,263.21,2026-06-28 14:12:04.362924,DEVICE_1354_A,IP_1354_A,845,0,0,0
TXN_000771,USER_0909,MERCHANT_114,1020.19,2026-06-28 14:23:04.362924,DEVICE_0909_A,IP_0909_A,536,1,0,0
TXN_005636,USER_0678,MERCHANT_068,1019.64,2026-06-28 14:30:04.362924,DEVICE_0678_A,IP_0678_A,1243,0,0,0
TXN_002171,USER_0819,MERCHANT_071,1258.19,2026-06-28 14:31:04.362924,DEVICE_0819_A,IP_0819_A,1418,0,0,0
TXN_003794,USER_0126,MERCHANT_110,500.91,2026-06-28 14:39:04.362924,DEVICE_0126_A,IP_0126_A,508,0,0,0
TXN_005192,USER_0786,MERCHANT_082,581.7,2026-06-28 15:23:04.362924,DEVICE_0786_A,IP_0786_A,562,0,0,0
TXN_005210,USER_0828,MERCHANT_006,628.72,2026-06-28 15:30:04.362924,DEVICE_0828_A,IP_0828_A,745,1,0,0
TXN_005649,USER_0494,MERCHANT_056,1777.17,2026-06-28 15:53:04.362924,DEVICE_0494_A,IP_0494_A,640,0,0,0
TXN_000391,USER_0420,MERCHANT_083,305.86,2026-06-28 15:57:04.362924,DEVICE_0420_A,IP_0420_A,536,1,0,0
TXN_002187,USER_0694,MERCHANT_097,206.22,2026-06-28 16:19:04.362924,DEVICE_0694_A,IP_0694_A,151,0,0,0
TXN_002005,USER_0292,MERCHANT_037,145.0,2026-06-28 16:35:04.362924,DEVICE_0292_A,IP_0292_A,855,0,0,0
TXN_001347,USER_0524,MERCHANT_043,88.37,2026-06-28 16:37:04.362924,DEVICE_0524_A,IP_0524_A,704,0,0,0
TXN_005527,USER_0961,MERCHANT_109,1388.4,2026-06-28 17:17:04.362924,DEVICE_0961_A,IP_0961_A,1077,0,0,0
TXN_002033,USER_0018,MERCHANT_001,4025.5,2026-06-28 17:50:04.362924,DEVICE_RING_A_02,IP_RING_A_02,4,8,3,1
TXN_000983,USER_0091,MERCHANT_012,950.58,2026-06-28 17:58:04.362924,DEVICE_RING_D_02,IP_RING_D_01,82,2,1,1
TXN_000214,USER_0523,MERCHANT_142,977.96,2026-06-28 17:59:04.362924,DEVICE_0523_A,IP_0523_A,592,0,0,0
TXN_004054,USER_1366,MERCHANT_064,694.41,2026-06-28 19:52:04.362924,DEVICE_1366_A,IP_1366_A,225,0,0,0
TXN_005449,USER_0271,MERCHANT_050,762.73,2026-06-28 19:53:04.362924,DEVICE_0271_A,IP_0271_A,886,2,0,0
TXN_000747,USER_0284,MERCHANT_054,690.22,2026-06-28 20:15:04.362924,DEVICE_0284_A,IP_0284_A,371,0,0,0
TXN_005685,USER_0067,MERCHANT_007,1422.04,2026-06-28 20:46:04.362924,DEVICE_RING_C_02,IP_RING_C_02,2,7,4,1
TXN_002743,USER_0127,MERCHANT_111,619.9,2026-06-28 21:16:04.362924,DEVICE_0127_A,IP_0127_A,979,0,0,0
TXN_005330,USER_1397,MERCHANT_132,161.86,2026-06-28 21:51:04.362924,DEVICE_1397_A,IP_1397_A,197,0,0,0
TXN_005147,USER_0685,MERCHANT_044,546.6,2026-06-28 22:55:04.362924,DEVICE_0685_A,IP_0685_A,134,0,0,0
TXN_001170,USER_1252,MERCHANT_099,1137.96,2026-06-28 23:10:04.362924,DEVICE_1252_A,IP_1252_A,663,0,0,0
TXN_002507,USER_0402,MERCHANT_086,5479.4,2026-06-28 23:39:04.362924,DEVICE_0402_A,IP_0402_A,764,0,0,0
TXN_000187,USER_0195,MERCHANT_049,855.65,2026-06-28 23:54:04.362924,DEVICE_0195_A,IP_0195_A,615,0,0,0
TXN_005202,USER_0021,MERCHANT_003,1501.0,2026-06-29 00:18:04.362924,DEVICE_RING_A_02,IP_RING_A_01,59,3,1,1
TXN_003188,USER_0892,MERCHANT_060,1172.86,2026-06-29 00:57:04.362924,DEVICE_0892_A,IP_0892_A,104,1,1,0
TXN_003880,USER_0693,MERCHANT_097,517.87,2026-06-29 00:58:04.362924,DEVICE_0693_A,IP_0693_A,1212,0,0,0
TXN_003338,USER_0736,MERCHANT_010,536.57,2026-06-29 03:00:04.362924,DEVICE_0736_A,IP_0736_A,933,2,0,0
TXN_003292,USER_0497,MERCHANT_150,92.86,2026-06-29 03:05:04.362924,DEVICE_0497_A,IP_0497_A,155,0,0,0
TXN_004053,USER_1196,MERCHANT_045,847.37,2026-06-29 03:10:04.362924,DEVICE_1196_A,IP_1196_A,130,0,1,0
TXN_003672,USER_0646,MERCHANT_018,1154.2,2026-06-29 03:20:04.362924,DEVICE_0646_A,IP_0646_A,1473,0,0,0
TXN_003291,USER_0387,MERCHANT_101,1738.59,2026-06-29 03:48:04.362924,DEVICE_0387_A,IP_0387_A,406,0,0,0
TXN_003342,USER_0564,MERCHANT_106,500.16,2026-06-29 05:10:04.362924,DEVICE_0564_A,IP_0564_A,1392,0,1,0
TXN_003303,USER_1067,MERCHANT_119,705.85,2026-06-29 05:24:04.362924,DEVICE_1067_A,IP_1067_A,80,0,0,0
TXN_005906,USER_0134,MERCHANT_118,448.52,2026-06-29 05:25:04.362924,DEVICE_0134_A,IP_0134_A,66,0,0,0
TXN_005996,USER_0054,MERCHANT_005,2967.62,2026-06-29 06:29:04.362924,DEVICE_RING_B_01,IP_RING_B_02,67,4,5,1
TXN_004948,USER_1188,MERCHANT_083,220.52,2026-06-29 06:32:04.362924,DEVICE_1188_A,IP_1188_A,533,0,2,0
TXN_002763,USER_0144,MERCHANT_105,1174.32,2026-06-29 06:46:04.362924,DEVICE_0144_A,IP_0144_A,276,2,0,0
TXN_005842,USER_0199,MERCHANT_142,244.57,2026-06-29 07:12:04.362924,DEVICE_0199_A,IP_0199_A,513,0,0,0
TXN_000956,USER_0150,MERCHANT_029,1387.0,2026-06-29 07:51:04.362924,DEVICE_0150_A,IP_0150_A,1266,0,0,0
TXN_000083,USER_1107,MERCHANT_076,1817.74,2026-06-29 07:53:04.362924,DEVICE_1107_A,IP_1107_A,723,1,0,0
TXN_002695,USER_0972,MERCHANT_042,770.72,2026-06-29 08:09:04.362924,DEVICE_0972_A,IP_0972_A,903,0,0,0
TXN_005489,USER_0365,MERCHANT_113,351.9,2026-06-29 08:18:04.362924,DEVICE_0365_A,IP_0365_A,84,0,0,0
TXN_000311,USER_1121,MERCHANT_126,509.62,2026-06-29 08:40:04.362924,DEVICE_1121_A,IP_1121_A,973,0,0,0
TXN_004521,USER_0672,MERCHANT_036,416.19,2026-06-29 08:50:04.362924,DEVICE_0672_A,IP_0672_A,179,0,0,0
TXN_002318,USER_0162,MERCHANT_016,377.66,2026-06-29 09:38:04.362924,DEVICE_0162_A,IP_0162_A,1170,0,0,0
TXN_005109,USER_0899,MERCHANT_136,268.18,2026-06-29 09:45:04.362924,DEVICE_0899_A,IP_0899_A,744,1,0,0
TXN_005742,USER_0386,MERCHANT_039,285.0,2026-06-29 09:51:04.362924,DEVICE_0386_A,IP_0386_A,1121,2,0,0
TXN_004907,USER_0097,MERCHANT_012,1521.59,2026-06-29 10:34:04.362924,DEVICE_RING_D_02,IP_RING_D_01,78,8,2,1
TXN_001157,USER_0689,MERCHANT_141,358.1,2026-06-29 11:00:04.362924,DEVICE_0689_A,IP_0689_A,390,0,0,0
TXN_004008,USER_1364,MERCHANT_136,374.1,2026-06-29 11:09:04.362924,DEVICE_1364_A,IP_1364_A,362,2,0,0
TXN_000546,USER_1265,MERCHANT_047,330.05,2026-06-29 11:34:04.362924,DEVICE_1265_A,IP_1265_A,1422,1,0,0
TXN_005479,USER_0972,MERCHANT_108,417.88,2026-06-29 11:38:04.362924,DEVICE_0972_A,IP_0972_A,778,0,0,0
TXN_005961,USER_0802,MERCHANT_007,326.2,2026-06-29 11:40:04.362924,DEVICE_0802_A,IP_0802_A,515,0,1,0
TXN_002205,USER_0577,MERCHANT_150,292.83,2026-06-29 12:00:04.362924,DEVICE_0577_A,IP_0577_A,1411,1,0,0
TXN_001234,USER_1500,MERCHANT_028,4153.52,2026-06-29 13:01:04.362924,DEVICE_1500_A,IP_1500_A,918,0,0,0
TXN_003852,USER_0928,MERCHANT_136,868.85,2026-06-29 13:33:04.362924,DEVICE_0928_A,IP_0928_A,854,2,1,0
TXN_004950,USER_1062,MERCHANT_145,831.15,2026-06-29 13:40:04.362924,DEVICE_1062_A,IP_1062_A,127,2,0,0
TXN_004212,USER_0025,MERCHANT_001,1459.72,2026-06-29 14:32:04.362924,DEVICE_RING_A_02,IP_RING_A_02,19,8,2,1
TXN_000456,USER_0477,MERCHANT_008,331.05,2026-06-29 14:52:04.362924,DEVICE_0477_A,IP_0477_A,858,1,0,0
TXN_004514,USER_1204,MERCHANT_113,297.45,2026-06-29 14:54:04.362924,DEVICE_1204_A,IP_1204_A,1077,0,0,0
TXN_002781,USER_1362,MERCHANT_055,1156.11,2026-06-29 15:00:04.362924,DEVICE_1362_A,IP_1362_A,71,0,0,0
TXN_003349,USER_0535,MERCHANT_009,998.37,2026-06-29 16:07:04.362924,DEVICE_0535_A,IP_0535_A,1442,0,0,0
TXN_004831,USER_1393,MERCHANT_113,1151.14,2026-06-29 16:23:04.362924,DEVICE_1393_A,IP_1393_A,198,0,2,0
TXN_000449,USER_0766,MERCHANT_101,408.11,2026-06-29 16:40:04.362924,DEVICE_0766_A,IP_0766_A,1465,1,0,0
TXN_002788,USER_0078,MERCHANT_007,683.98,2026-06-29 17:00:04.362924,DEVICE_RING_C_01,IP_RING_C_01,55,5,2,1
TXN_005918,USER_0492,MERCHANT_031,147.21,2026-06-29 17:32:04.362924,DEVICE_0492_A,IP_0492_A,89,1,0,0
TXN_005911,USER_1022,MERCHANT_035,876.76,2026-06-29 17:59:04.362924,DEVICE_1022_A,IP_1022_A,903,0,0,0
TXN_004590,USER_1080,MERCHANT_087,266.95,2026-06-29 18:07:04.362924,DEVICE_1080_A,IP_1080_A,1254,0,0,0
TXN_005276,USER_0281,MERCHANT_072,1079.71,2026-06-29 18:31:04.362924,DEVICE_0281_A,IP_0281_A,220,0,0,0
TXN_003762,USER_0786,MERCHANT_035,595.03,2026-06-29 19:03:04.362924,DEVICE_0786_A,IP_0786_A,987,0,1,0
TXN_005976,USER_1333,MERCHANT_119,371.66,2026-06-29 19:41:04.362924,DEVICE_1333_A,IP_1333_A,1004,0,0,0
TXN_005010,USER_1219,MERCHANT_124,539.58,2026-06-29 19:47:04.362924,DEVICE_1219_A,IP_1219_A,303,0,1,0
TXN_005445,USER_1337,MERCHANT_014,1057.52,2026-06-29 19:56:04.362924,DEVICE_1337_A,IP_1337_A,415,0,0,0
TXN_000964,USER_0418,MERCHANT_136,1021.15,2026-06-29 20:14:04.362924,DEVICE_0418_A,IP_0418_A,920,0,1,0
TXN_005283,USER_0845,MERCHANT_100,1296.08,2026-06-29 20:21:04.362924,DEVICE_0845_A,IP_0845_A,586,0,0,0
TXN_000385,USER_0834,MERCHANT_023,339.54,2026-06-29 20:39:04.362924,DEVICE_0834_A,IP_0834_A,929,1,0,0
TXN_005758,USER_0392,MERCHANT_135,467.95,2026-06-29 21:13:04.362924,DEVICE_0392_A,IP_0392_A,1168,0,1,0
TXN_002403,USER_1040,MERCHANT_111,398.19,2026-06-29 21:18:04.362924,DEVICE_1040_A,IP_1040_A,721,0,0,0
TXN_001602,USER_0627,MERCHANT_110,1682.59,2026-06-29 22:13:04.362924,DEVICE_0627_A,IP_0627_A,436,0,0,0
TXN_005843,USER_0695,MERCHANT_145,195.74,2026-06-29 22:24:04.362924,DEVICE_0695_A,IP_0695_A,751,0,0,0
TXN_005272,USER_1051,MERCHANT_024,4179.14,2026-06-29 22:34:04.362924,DEVICE_1051_A,IP_1051_A,1056,0,0,0
TXN_002856,USER_0715,MERCHANT_011,408.31,2026-06-29 22:46:04.362924,DEVICE_0715_A,IP_0715_A,267,0,1,0
TXN_001632,USER_0044,MERCHANT_004,1072.44,2026-06-29 23:20:04.362924,DEVICE_RING_B_02,IP_RING_B_02,81,8,1,1
TXN_005098,USER_0114,MERCHANT_011,814.27,2026-06-29 23:40:04.362924,DEVICE_RING_D_02,IP_RING_D_02,34,8,3,1
TXN_001736,USER_0087,MERCHANT_007,496.58,2026-06-30 00:20:04.362924,DEVICE_RING_C_02,IP_RING_C_01,54,2,1,1
TXN_005532,USER_0042,MERCHANT_004,1181.89,2026-06-30 00:46:04.362924,DEVICE_RING_B_02,IP_RING_B_01,43,8,3,1
TXN_005956,USER_1027,MERCHANT_021,1142.0,2026-06-30 01:36:04.362924,DEVICE_1027_A,IP_1027_A,744,0,0,0
TXN_004865,USER_0428,MERCHANT_006,566.81,2026-06-30 01:44:04.362924,DEVICE_0428_A,IP_0428_A,1013,0,0,0
TXN_003014,USER_1256,MERCHANT_126,210.42,2026-06-30 02:06:04.362924,DEVICE_1256_A,IP_1256_A,1272,1,0,0
TXN_004154,USER_0621,MERCHANT_002,342.66,2026-06-30 02:13:04.362924,DEVICE_0621_A,IP_0621_A,1345,0,0,0
TXN_000719,USER_0544,MERCHANT_059,456.79,2026-06-30 02:19:04.362924,DEVICE_0544_A,IP_0544_A,445,1,1,0
TXN_003684,USER_0523,MERCHANT_006,1508.45,2026-06-30 03:21:04.362924,DEVICE_0523_A,IP_0523_A,1344,2,1,0
TXN_002778,USER_1186,MERCHANT_143,500.6,2026-06-30 03:55:04.362924,DEVICE_1186_A,IP_1186_A,1416,0,1,0
TXN_002662,USER_1336,MERCHANT_075,306.63,2026-06-30 06:31:04.362924,DEVICE_1336_A,IP_1336_A,1290,1,0,0
TXN_005989,USER_0204,MERCHANT_127,831.42,2026-06-30 06:31:04.362924,DEVICE_0204_A,IP_0204_A,103,2,0,0
TXN_000745,USER_0099,MERCHANT_012,4195.24,2026-06-30 06:50:04.362924,DEVICE_RING_D_02,IP_RING_D_02,76,6,4,1
TXN_003412,USER_0268,MERCHANT_020,443.47,2026-06-30 07:15:04.362924,DEVICE_0268_A,IP_0268_A,1189,1,0,0
TXN_005446,USER_1108,MERCHANT_125,508.02,2026-06-30 07:38:04.362924,DEVICE_1108_A,IP_1108_A,183,0,0,0
TXN_005778,USER_1276,MERCHANT_055,459.41,2026-06-30 07:46:04.362924,DEVICE_1276_A,IP_1276_A,1255,2,0,0
TXN_003513,USER_0499,MERCHANT_116,2166.7,2026-06-30 08:00:04.362924,DEVICE_0499_A,IP_0499_A,1049,0,0,0
TXN_003269,USER_0022,MERCHANT_001,3151.05,2026-06-30 08:05:04.362924,DEVICE_RING_A_01,IP_RING_A_01,86,3,2,1
TXN_003570,USER_1405,MERCHANT_122,1181.98,2026-06-30 08:14:04.362924,DEVICE_1405_A,IP_1405_A,322,1,0,0
TXN_002566,USER_0676,MERCHANT_074,441.8,2026-06-30 08:27:04.362924,DEVICE_0676_A,IP_0676_A,1247,0,0,0
TXN_004166,USER_0821,MERCHANT_033,1088.21,2026-06-30 09:34:04.362924,DEVICE_0821_A,IP_0821_A,826,0,1,0
TXN_005285,USER_0232,MERCHANT_117,2020.34,2026-06-30 09:43:04.362924,DEVICE_0232_A,IP_0232_A,578,0,0,0
TXN_000763,USER_0966,MERCHANT_049,4092.83,2026-06-30 09:47:04.362924,DEVICE_0966_A,IP_0966_A,170,0,0,0
TXN_003735,USER_1165,MERCHANT_112,1087.69,2026-06-30 10:12:04.362924,DEVICE_1165_A,IP_1165_A,583,0,2,0
TXN_002723,USER_0227,MERCHANT_036,271.17,2026-06-30 10:16:04.362924,DEVICE_0227_A,IP_0227_A,170,0,1,0
TXN_001937,USER_0057,MERCHANT_005,3222.09,2026-06-30 10:34:04.362924,DEVICE_RING_B_02,IP_RING_B_01,32,8,3,1
TXN_004028,USER_0568,MERCHANT_084,493.77,2026-06-30 10:52:04.362924,DEVICE_0568_A,IP_0568_A,1248,0,0,0
TXN_003076,USER_1296,MERCHANT_001,2346.02,2026-06-30 11:23:04.362924,DEVICE_1296_A,IP_1296_A,675,0,2,0
TXN_003545,USER_0621,MERCHANT_136,1684.63,2026-06-30 12:41:04.362924,DEVICE_0621_A,IP_0621_A,511,0,0,0
TXN_004222,USER_1199,MERCHANT_004,1130.61,2026-06-30 13:00:04.362924,DEVICE_1199_A,IP_1199_A,641,0,0,0
TXN_003678,USER_1049,MERCHANT_030,536.06,2026-06-30 13:38:04.362924,DEVICE_1049_A,IP_1049_A,1113,1,0,0
TXN_005692,USER_0747,MERCHANT_119,161.92,2026-06-30 14:19:04.362924,DEVICE_0747_A,IP_0747_A,1217,0,0,0
TXN_004082,USER_1131,MERCHANT_111,355.41,2026-06-30 14:23:04.362924,DEVICE_1131_A,IP_1131_A,82,0,2,0
TXN_001010,USER_1192,MERCHANT_116,401.62,2026-06-30 14:25:04.362924,DEVICE_1192_A,IP_1192_A,873,0,0,0
TXN_004927,USER_1137,MERCHANT_147,428.6,2026-06-30 14:31:04.362924,DEVICE_1137_A,IP_1137_A,1480,0,0,0
TXN_002211,USER_0598,MERCHANT_056,234.89,2026-06-30 14:42:04.362924,DEVICE_0598_A,IP_0598_A,757,0,1,0
TXN_004012,USER_1479,MERCHANT_057,209.09,2026-06-30 14:42:04.362924,DEVICE_1479_A,IP_1479_A,1418,0,1,0
TXN_004320,USER_0711,MERCHANT_066,466.15,2026-06-30 14:43:04.362924,DEVICE_0711_A,IP_0711_A,1155,0,0,0
TXN_005730,USER_1141,MERCHANT_123,576.83,2026-06-30 15:31:04.362924,DEVICE_1141_A,IP_1141_A,1212,0,1,0
TXN_003127,USER_0015,MERCHANT_003,370.44,2026-06-30 15:37:04.362924,DEVICE_RING_A_02,IP_RING_A_02,14,8,2,1
TXN_005383,USER_0412,MERCHANT_071,303.49,2026-06-30 16:06:04.362924,DEVICE_0412_A,IP_0412_A,434,2,0,0
TXN_000967,USER_0807,MERCHANT_070,361.27,2026-06-30 18:00:04.362924,DEVICE_0807_A,IP_0807_A,576,1,0,0
TXN_002055,USER_0529,MERCHANT_046,218.66,2026-06-30 18:28:04.362924,DEVICE_0529_A,IP_0529_A,634,0,0,0
TXN_003568,USER_1495,MERCHANT_112,1343.01,2026-06-30 18:32:04.362924,DEVICE_1495_A,IP_1495_A,1316,0,0,0
TXN_005960,USER_1194,MERCHANT_102,2799.77,2026-06-30 18:40:04.362924,DEVICE_1194_A,IP_1194_A,674,1,0,0
TXN_005915,USER_1233,MERCHANT_091,503.07,2026-06-30 19:16:04.362924,DEVICE_1233_A,IP_1233_A,504,0,0,0
TXN_001435,USER_0435,MERCHANT_113,529.32,2026-06-30 19:27:04.362924,DEVICE_0435_A,IP_0435_A,763,0,0,0
TXN_001323,USER_1345,MERCHANT_065,569.1,2026-06-30 19:34:04.362924,DEVICE_1345_A,IP_1345_A,1422,0,0,0
TXN_002729,USER_1302,MERCHANT_049,343.8,2026-06-30 19:35:04.362924,DEVICE_1302_A,IP_1302_A,1038,0,0,0
TXN_004131,USER_1411,MERCHANT_036,500.01,2026-06-30 19:41:04.362924,DEVICE_1411_A,IP_1411_A,119,0,0,0
TXN_002292,USER_0174,MERCHANT_127,1250.22,2026-06-30 20:37:04.362924,DEVICE_0174_A,IP_0174_A,489,1,2,0
TXN_000526,USER_0875,MERCHANT_119,154.98,2026-06-30 21:02:04.362924,DEVICE_0875_A,IP_0875_A,1064,0,1,0
TXN_001343,USER_0370,MERCHANT_133,832.67,2026-06-30 21:10:04.362924,DEVICE_0370_A,IP_0370_A,985,0,0,0
TXN_001998,USER_1060,MERCHANT_052,309.68,2026-06-30 21:12:04.362924,DEVICE_1060_A,IP_1060_A,234,0,0,0
TXN_001916,USER_0296,MERCHANT_064,399.38,2026-06-30 21:57:04.362924,DEVICE_0296_A,IP_0296_A,1141,0,0,0
TXN_004424,USER_0348,MERCHANT_057,1219.67,2026-06-30 22:05:04.362924,DEVICE_0348_A,IP_0348_A,40,2,0,0
TXN_004509,USER_0027,MERCHANT_001,4826.17,2026-06-30 22:49:04.362924,DEVICE_RING_A_02,IP_RING_A_02,90,5,4,1
TXN_005281,USER_0218,MERCHANT_099,370.97,2026-06-30 23:02:04.362924,DEVICE_0218_A,IP_0218_A,958,0,0,0
TXN_000463,USER_0694,MERCHANT_115,355.01,2026-06-30 23:14:04.362924,DEVICE_0694_A,IP_0694_A,334,0,0,0
TXN_001539,USER_1416,MERCHANT_114,249.51,2026-06-30 23:45:04.362924,DEVICE_1416_A,IP_1416_A,782,0,0,0
TXN_004023,USER_0302,MERCHANT_020,149.61,2026-07-01 00:36:04.362924,DEVICE_0302_A,IP_0302_A,888,0,0,0
TXN_004108,USER_1254,MERCHANT_087,1659.66,2026-07-01 00:45:04.362924,DEVICE_1254_A,IP_1254_A,1178,0,0,0
TXN_000841,USER_0247,MERCHANT_066,578.15,2026-07-01 01:11:04.362924,DEVICE_0247_A,IP_0247_A,822,1,1,0
TXN_002188,USER_0075,MERCHANT_008,1914.85,2026-07-01 01:33:04.362924,DEVICE_RING_C_02,IP_RING_C_01,18,7,1,1
TXN_004094,USER_0158,MERCHANT_064,708.46,2026-07-01 02:06:04.362924,DEVICE_0158_A,IP_0158_A,1267,2,0,0
TXN_001015,USER_0229,MERCHANT_050,2205.93,2026-07-01 02:23:04.362924,DEVICE_0229_A,IP_0229_A,260,1,0,0
TXN_000655,USER_0857,MERCHANT_035,4133.79,2026-07-01 02:56:04.362924,DEVICE_0857_A,IP_0857_A,1421,1,1,0
TXN_001492,USER_0252,MERCHANT_088,4087.05,2026-07-01 03:07:04.362924,DEVICE_0252_A,IP_0252_A,90,0,0,0
TXN_002201,USER_1074,MERCHANT_116,2322.02,2026-07-01 03:21:04.362924,DEVICE_1074_A,IP_1074_A,341,0,0,0
TXN_003323,USER_0426,MERCHANT_057,187.77,2026-07-01 03:38:04.362924,DEVICE_0426_A,IP_0426_A,298,0,0,0
TXN_000100,USER_0417,MERCHANT_034,503.2,2026-07-01 04:14:04.362924,DEVICE_0417_A,IP_0417_A,1136,0,0,0
TXN_001556,USER_0054,MERCHANT_006,3609.81,2026-07-01 04:30:04.362924,DEVICE_RING_B_02,IP_RING_B_01,33,4,4,1
TXN_002163,USER_0024,MERCHANT_001,4114.48,2026-07-01 04:41:04.362924,DEVICE_RING_A_01,IP_RING_A_01,67,4,1,1
TXN_002437,USER_0587,MERCHANT_049,543.66,2026-07-01 05:06:04.362924,DEVICE_0587_A,IP_0587_A,1026,0,0,0
TXN_004869,USER_0189,MERCHANT_105,669.9,2026-07-01 05:18:04.362924,DEVICE_0189_A,IP_0189_A,793,0,0,0
TXN_001068,USER_0521,MERCHANT_006,1433.03,2026-07-01 05:40:04.362924,DEVICE_0521_A,IP_0521_A,201,0,0,0
TXN_000588,USER_0224,MERCHANT_130,317.2,2026-07-01 06:10:04.362924,DEVICE_0224_A,IP_0224_A,486,0,0,0
TXN_002700,USER_0291,MERCHANT_092,1625.6,2026-07-01 06:29:04.362924,DEVICE_0291_A,IP_0291_A,218,0,0,0
TXN_002157,USER_1367,MERCHANT_031,452.84,2026-07-01 06:31:04.362924,DEVICE_1367_A,IP_1367_A,1361,0,0,0
TXN_000369,USER_0249,MERCHANT_148,645.6,2026-07-01 06:35:04.362924,DEVICE_0249_A,IP_0249_A,238,1,0,0
TXN_001711,USER_1051,MERCHANT_010,1376.42,2026-07-01 06:39:04.362924,DEVICE_1051_A,IP_1051_A,1146,0,0,0
TXN_005350,USER_0629,MERCHANT_110,615.51,2026-07-01 06:45:04.362924,DEVICE_0629_A,IP_0629_A,1470,1,0,0
TXN_001659,USER_0417,MERCHANT_024,282.03,2026-07-01 06:52:04.362924,DEVICE_0417_A,IP_0417_A,691,2,0,0
TXN_005695,USER_1174,MERCHANT_125,2165.06,2026-07-01 06:55:04.362924,DEVICE_1174_A,IP_1174_A,216,0,0,0
TXN_004113,USER_0727,MERCHANT_123,1931.44,2026-07-01 06:57:04.362924,DEVICE_0727_A,IP_0727_A,1459,2,0,0
TXN_004163,USER_0721,MERCHANT_036,490.51,2026-07-01 07:48:04.362924,DEVICE_0721_A,IP_0721_A,465,2,0,0
TXN_002054,USER_0408,MERCHANT_145,477.77,2026-07-01 07:56:04.362924,DEVICE_0408_A,IP_0408_A,676,0,1,0
TXN_000246,USER_1263,MERCHANT_077,466.87,2026-07-01 08:01:04.362924,DEVICE_1263_A,IP_1263_A,490,2,2,0
TXN_005962,USER_1255,MERCHANT_009,2909.98,2026-07-01 09:27:04.362924,DEVICE_1255_A,IP_1255_A,1017,0,0,0
TXN_005474,USER_0493,MERCHANT_117,412.31,2026-07-01 09:36:04.362924,DEVICE_0493_A,IP_0493_A,140,0,0,0
TXN_000094,USER_0188,MERCHANT_095,469.27,2026-07-01 09:38:04.362924,DEVICE_0188_A,IP_0188_A,474,0,2,0
TXN_002822,USER_0716,MERCHANT_132,1130.93,2026-07-01 09:44:04.362924,DEVICE_0716_A,IP_0716_A,1209,2,0,0
TXN_002270,USER_0685,MERCHANT_065,564.41,2026-07-01 10:38:04.362924,DEVICE_0685_A,IP_0685_A,1341,0,0,0
TXN_000724,USER_0935,MERCHANT_057,1047.73,2026-07-01 10:47:04.362924,DEVICE_0935_A,IP_0935_A,1211,0,0,0
TXN_000350,USER_0925,MERCHANT_094,511.24,2026-07-01 10:51:04.362924,DEVICE_0925_A,IP_0925_A,263,2,0,0
TXN_004655,USER_0900,MERCHANT_110,1016.9,2026-07-01 11:42:04.362924,DEVICE_0900_A,IP_0900_A,1154,2,0,0
TXN_002393,USER_0631,MERCHANT_030,195.3,2026-07-01 12:53:04.362924,DEVICE_0631_A,IP_0631_A,1389,2,1,0
TXN_004582,USER_0404,MERCHANT_098,286.73,2026-07-01 13:35:04.362924,DEVICE_0404_A,IP_0404_A,1427,1,0,0
TXN_004466,USER_1318,MERCHANT_008,252.05,2026-07-01 14:06:04.362924,DEVICE_1318_A,IP_1318_A,816,0,0,0
TXN_001182,USER_0527,MERCHANT_022,1704.34,2026-07-01 14:07:04.362924,DEVICE_0527_A,IP_0527_A,878,0,0,0
TXN_004544,USER_0009,MERCHANT_002,1375.23,2026-07-01 14:14:04.362924,DEVICE_RING_A_01,IP_RING_A_01,52,5,5,1
TXN_001566,USER_1250,MERCHANT_070,485.87,2026-07-01 14:33:04.362924,DEVICE_1250_A,IP_1250_A,1274,0,0,0
TXN_000569,USER_0026,MERCHANT_001,385.0,2026-07-01 16:06:04.362924,DEVICE_RING_A_01,IP_RING_A_02,78,3,3,1
TXN_004181,USER_1295,MERCHANT_115,739.29,2026-07-01 16:09:04.362924,DEVICE_1295_A,IP_1295_A,577,0,0,0
TXN_001528,USER_0699,MERCHANT_050,1909.05,2026-07-01 16:50:04.362924,DEVICE_0699_A,IP_0699_A,1465,1,0,0
TXN_003109,USER_0103,MERCHANT_012,3923.15,2026-07-01 16:50:04.362924,DEVICE_RING_D_01,IP_RING_D_02,55,2,3,1
TXN_003792,USER_1437,MERCHANT_023,440.37,2026-07-01 16:52:04.362924,DEVICE_1437_A,IP_1437_A,283,0,0,0
TXN_005933,USER_0054,MERCHANT_005,2771.0,2026-07-01 16:53:04.362924,DEVICE_RING_B_01,IP_RING_B_02,64,6,2,1
TXN_001829,USER_0033,MERCHANT_006,2265.29,2026-07-01 17:20:04.362924,DEVICE_RING_B_02,IP_RING_B_01,26,5,5,1
TXN_004350,USER_0803,MERCHANT_033,394.0,2026-07-01 17:25:04.362924,DEVICE_0803_A,IP_0803_A,473,0,0,0
TXN_004135,USER_0700,MERCHANT_085,552.15,2026-07-01 17:36:04.362924,DEVICE_0700_A,IP_0700_A,845,2,0,0
TXN_001856,USER_1057,MERCHANT_031,362.84,2026-07-01 17:40:04.362924,DEVICE_1057_A,IP_1057_A,1185,0,0,0
TXN_002931,USER_0831,MERCHANT_116,1151.47,2026-07-01 17:59:04.362924,DEVICE_0831_A,IP_0831_A,1312,0,0,0
TXN_001111,USER_1056,MERCHANT_080,520.05,2026-07-01 18:05:04.362924,DEVICE_1056_A,IP_1056_A,1437,2,0,0
TXN_002665,USER_0186,MERCHANT_101,849.23,2026-07-01 18:16:04.362924,DEVICE_0186_A,IP_0186_A,723,0,0,0
TXN_001009,USER_0973,MERCHANT_122,1318.29,2026-07-01 18:21:04.362924,DEVICE_0973_A,IP_0973_A,1447,0,0,0
TXN_004431,USER_0147,MERCHANT_138,157.76,2026-07-01 18:44:04.362924,DEVICE_0147_A,IP_0147_A,598,0,1,0
TXN_003034,USER_0167,MERCHANT_143,287.21,2026-07-01 19:55:04.362924,DEVICE_0167_A,IP_0167_A,1428,0,0,0
TXN_005993,USER_0135,MERCHANT_075,283.78,2026-07-01 20:34:04.362924,DEVICE_0135_A,IP_0135_A,567,0,0,0
TXN_002460,USER_0454,MERCHANT_033,854.85,2026-07-01 20:36:04.362924,DEVICE_0454_A,IP_0454_A,691,2,0,0
TXN_002632,USER_0874,MERCHANT_014,849.22,2026-07-01 20:57:04.362924,DEVICE_0874_A,IP_0874_A,1088,0,1,0
TXN_005500,USER_0584,MERCHANT_058,1991.28,2026-07-01 21:05:04.362924,DEVICE_0584_A,IP_0584_A,899,2,0,0
TXN_004803,USER_0332,MERCHANT_080,210.68,2026-07-01 21:08:04.362924,DEVICE_0332_A,IP_0332_A,1043,0,0,0
TXN_001775,USER_0157,MERCHANT_148,343.81,2026-07-01 21:12:04.362924,DEVICE_0157_A,IP_0157_A,39,1,0,0
TXN_000167,USER_0292,MERCHANT_042,1111.51,2026-07-01 21:15:04.362924,DEVICE_0292_A,IP_0292_A,588,0,0,0
TXN_005688,USER_1376,MERCHANT_100,413.09,2026-07-01 21:18:04.362924,DEVICE_1376_A,IP_1376_A,906,0,0,0
TXN_004703,USER_1408,MERCHANT_067,988.94,2026-07-01 21:38:04.362924,DEVICE_1408_A,IP_1408_A,427,1,0,0
TXN_004862,USER_1149,MERCHANT_086,322.9,2026-07-01 21:41:04.362924,DEVICE_1149_A,IP_1149_A,313,0,1,0
TXN_005786,USER_0837,MERCHANT_126,934.75,2026-07-01 22:21:04.362924,DEVICE_0837_A,IP_0837_A,535,1,0,0
TXN_000864,USER_1065,MERCHANT_043,2307.31,2026-07-01 23:07:04.362924,DEVICE_1065_A,IP_1065_A,895,0,1,0
TXN_000703,USER_0519,MERCHANT_009,353.78,2026-07-01 23:19:04.362924,DEVICE_0519_A,IP_0519_A,1257,0,0,0
TXN_005566,USER_1040,MERCHANT_010,1006.75,2026-07-02 00:31:04.362924,DEVICE_1040_A,IP_1040_A,702,0,0,0
TXN_000145,USER_0278,MERCHANT_024,729.12,2026-07-02 01:39:04.362924,DEVICE_0278_A,IP_0278_A,1289,0,0,0
TXN_000256,USER_0778,MERCHANT_074,417.28,2026-07-02 02:01:04.362924,DEVICE_0778_A,IP_0778_A,1352,0,0,0
TXN_005340,USER_0369,MERCHANT_124,1069.59,2026-07-02 02:25:04.362924,DEVICE_0369_A,IP_0369_A,817,0,0,0
TXN_003958,USER_0359,MERCHANT_051,501.35,2026-07-02 03:02:04.362924,DEVICE_0359_A,IP_0359_A,971,0,0,0
TXN_003063,USER_0860,MERCHANT_136,559.41,2026-07-02 03:04:04.362924,DEVICE_0860_A,IP_0860_A,594,0,0,0
TXN_001055,USER_0217,MERCHANT_038,397.11,2026-07-02 03:59:04.362924,DEVICE_0217_A,IP_0217_A,753,0,2,0
TXN_001110,USER_1262,MERCHANT_011,2521.11,2026-07-02 04:16:04.362924,DEVICE_1262_A,IP_1262_A,198,0,0,0
TXN_004650,USER_0171,MERCHANT_084,505.17,2026-07-02 04:17:04.362924,DEVICE_0171_A,IP_0171_A,1043,1,0,0
TXN_001824,USER_0346,MERCHANT_003,368.5,2026-07-02 04:34:04.362924,DEVICE_0346_A,IP_0346_A,1051,2,0,0
TXN_004993,USER_0930,MERCHANT_001,550.5,2026-07-02 04:55:04.362924,DEVICE_0930_A,IP_0930_A,943,0,0,0
TXN_003575,USER_0107,MERCHANT_011,702.04,2026-07-02 05:48:04.362924,DEVICE_RING_D_02,IP_RING_D_01,75,6,5,1
TXN_005218,USER_0436,MERCHANT_015,410.21,2026-07-02 06:13:04.362924,DEVICE_0436_A,IP_0436_A,673,0,0,0
TXN_001951,USER_1098,MERCHANT_035,158.72,2026-07-02 06:29:04.362924,DEVICE_1098_A,IP_1098_A,405,1,0,0
TXN_000130,USER_0792,MERCHANT_031,411.3,2026-07-02 06:50:04.362924,DEVICE_0792_A,IP_0792_A,45,0,0,0
TXN_001600,USER_0698,MERCHANT_125,347.56,2026-07-02 06:52:04.362924,DEVICE_0698_A,IP_0698_A,199,1,0,0
TXN_001880,USER_0635,MERCHANT_100,327.84,2026-07-02 07:49:04.362924,DEVICE_0635_A,IP_0635_A,1470,0,1,0
TXN_001733,USER_0982,MERCHANT_055,591.32,2026-07-02 07:50:04.362924,DEVICE_0982_A,IP_0982_A,486,1,0,0
TXN_005627,USER_0078,MERCHANT_009,3469.82,2026-07-02 08:02:04.362924,DEVICE_RING_C_01,IP_RING_C_01,68,6,1,1
TXN_001989,USER_0451,MERCHANT_096,370.86,2026-07-02 08:27:04.362924,DEVICE_0451_A,IP_0451_A,708,0,0,0
TXN_001191,USER_0657,MERCHANT_061,649.34,2026-07-02 08:28:04.362924,DEVICE_0657_A,IP_0657_A,1295,0,0,0
TXN_005231,USER_1037,MERCHANT_040,2327.7,2026-07-02 08:53:04.362924,DEVICE_1037_A,IP_1037_A,1324,0,0,0
TXN_001812,USER_0588,MERCHANT_135,669.83,2026-07-02 09:29:04.362924,DEVICE_0588_A,IP_0588_A,1060,0,0,0
TXN_001225,USER_1079,MERCHANT_112,522.15,2026-07-02 09:35:04.362924,DEVICE_1079_A,IP_1079_A,192,1,0,0
TXN_001931,USER_0428,MERCHANT_007,238.59,2026-07-02 09:57:04.362924,DEVICE_0428_A,IP_0428_A,247,0,1,0
TXN_005252,USER_0578,MERCHANT_081,400.61,2026-07-02 10:20:04.362924,DEVICE_0578_A,IP_0578_A,352,0,0,0
TXN_001364,USER_0876,MERCHANT_003,289.2,2026-07-02 10:22:04.362924,DEVICE_0876_A,IP_0876_A,1090,0,0,0
TXN_001531,USER_0417,MERCHANT_054,666.87,2026-07-02 10:24:04.362924,DEVICE_0417_A,IP_0417_A,476,1,0,0
TXN_004210,USER_0238,MERCHANT_092,257.85,2026-07-02 10:36:04.362924,DEVICE_0238_A,IP_0238_A,176,0,0,0
TXN_002325,USER_0012,MERCHANT_001,2486.05,2026-07-02 11:10:04.362924,DEVICE_RING_A_01,IP_RING_A_01,64,3,5,1
TXN_000349,USER_1417,MERCHANT_126,350.06,2026-07-02 11:12:04.362924,DEVICE_1417_A,IP_1417_A,1209,1,0,0
TXN_000440,USER_1275,MERCHANT_078,575.52,2026-07-02 11:31:04.362924,DEVICE_1275_A,IP_1275_A,1305,0,0,0
TXN_004279,USER_0660,MERCHANT_106,570.11,2026-07-02 12:14:04.362924,DEVICE_0660_A,IP_0660_A,998,0,0,0
TXN_003444,USER_0574,MERCHANT_079,1975.15,2026-07-02 12:45:04.362924,DEVICE_0574_A,IP_0574_A,1482,0,0,0
TXN_003961,USER_0489,MERCHANT_012,346.61,2026-07-02 13:06:04.362924,DEVICE_0489_A,IP_0489_A,598,1,1,0
TXN_004238,USER_1178,MERCHANT_054,462.41,2026-07-02 13:35:04.362924,DEVICE_1178_A,IP_1178_A,232,1,0,0
TXN_003627,USER_0692,MERCHANT_098,320.92,2026-07-02 13:35:04.362924,DEVICE_0692_A,IP_0692_A,1046,0,0,0
TXN_004523,USER_0105,MERCHANT_011,4106.99,2026-07-02 13:57:04.362924,DEVICE_RING_D_01,IP_RING_D_02,64,7,5,1
TXN_003467,USER_0039,MERCHANT_006,1656.1,2026-07-02 14:03:04.362924,DEVICE_RING_B_02,IP_RING_B_01,14,2,3,1
TXN_003831,USER_1151,MERCHANT_017,515.45,2026-07-02 14:14:04.362924,DEVICE_1151_A,IP_1151_A,481,0,0,0
TXN_004510,USER_0497,MERCHANT_111,569.51,2026-07-02 14:14:04.362924,DEVICE_0497_A,IP_0497_A,941,1,1,0
TXN_003108,USER_1431,MERCHANT_012,921.7,2026-07-02 14:16:04.362924,DEVICE_1431_A,IP_1431_A,1268,2,0,0
TXN_000759,USER_1343,MERCHANT_060,315.19,2026-07-02 14:25:04.362924,DEVICE_1343_A,IP_1343_A,44,0,0,0
TXN_002141,USER_0936,MERCHANT_011,678.92,2026-07-02 14:31:04.362924,DEVICE_0936_A,IP_0936_A,774,0,1,0
TXN_002136,USER_0253,MERCHANT_008,390.23,2026-07-02 14:33:04.362924,DEVICE_0253_A,IP_0253_A,453,0,0,0
TXN_005502,USER_0965,MERCHANT_022,895.01,2026-07-02 16:04:04.362924,DEVICE_0965_A,IP_0965_A,1401,0,2,0
TXN_000192,USER_0778,MERCHANT_027,1140.51,2026-07-02 16:16:04.362924,DEVICE_0778_A,IP_0778_A,193,0,0,0
TXN_001505,USER_1364,MERCHANT_050,528.1,2026-07-02 16:29:04.362924,DEVICE_1364_A,IP_1364_A,1488,0,0,0
TXN_003211,USER_1255,MERCHANT_037,1457.6,2026-07-02 17:13:04.362924,DEVICE_1255_A,IP_1255_A,803,0,0,0
TXN_003871,USER_0443,MERCHANT_140,211.51,2026-07-02 17:56:04.362924,DEVICE_0443_A,IP_0443_A,791,0,0,0
TXN_003317,USER_1220,MERCHANT_033,576.23,2026-07-02 17:58:04.362924,DEVICE_1220_A,IP_1220_A,1310,2,2,0
TXN_005536,USER_0478,MERCHANT_150,3915.13,2026-07-02 18:17:04.362924,DEVICE_0478_A,IP_0478_A,537,2,2,0
TXN_003635,USER_0919,MERCHANT_071,823.11,2026-07-02 18:33:04.362924,DEVICE_0919_A,IP_0919_A,1083,1,0,0
TXN_004241,USER_0421,MERCHANT_098,150.73,2026-07-02 18:45:04.362924,DEVICE_0421_A,IP_0421_A,770,1,0,0
TXN_000263,USER_0036,MERCHANT_006,97.79,2026-07-02 19:01:04.362924,DEVICE_RING_B_02,IP_RING_B_02,42,2,4,1
TXN_000269,USER_0873,MERCHANT_057,431.34,2026-07-02 19:03:04.362924,DEVICE_0873_A,IP_0873_A,478,2,0,0
TXN_005859,USER_0212,MERCHANT_041,478.76,2026-07-02 19:44:04.362924,DEVICE_0212_A,IP_0212_A,158,1,1,0
TXN_001699,USER_0451,MERCHANT_018,882.15,2026-07-02 20:17:04.362924,DEVICE_0451_A,IP_0451_A,603,0,0,0
TXN_000786,USER_0660,MERCHANT_139,1349.53,2026-07-02 20:26:04.362924,DEVICE_0660_A,IP_0660_A,781,0,0,0
TXN_000159,USER_0328,MERCHANT_130,245.54,2026-07-02 20:42:04.362924,DEVICE_0328_A,IP_0328_A,1135,1,1,0
TXN_003526,USER_1168,MERCHANT_029,248.77,2026-07-02 21:18:04.362924,DEVICE_1168_A,IP_1168_A,1486,0,0,0
TXN_003534,USER_0034,MERCHANT_004,724.15,2026-07-02 21:34:04.362924,DEVICE_RING_B_01,IP_RING_B_02,23,2,2,1
TXN_004420,USER_0419,MERCHANT_048,113.66,2026-07-02 21:41:04.362924,DEVICE_0419_A,IP_0419_A,948,0,0,0
TXN_005561,USER_0284,MERCHANT_134,273.91,2026-07-02 22:08:04.362924,DEVICE_0284_A,IP_0284_A,88,0,1,0
TXN_002255,USER_0919,MERCHANT_134,234.54,2026-07-02 22:14:04.362924,DEVICE_0919_A,IP_0919_A,892,1,0,0
TXN_003850,USER_0270,MERCHANT_078,204.81,2026-07-02 22:15:04.362924,DEVICE_0270_A,IP_0270_A,1060,1,0,0
TXN_005533,USER_1240,MERCHANT_042,1609.31,2026-07-02 22:15:04.362924,DEVICE_1240_A,IP_1240_A,1206,0,1,0
TXN_004380,USER_0826,MERCHANT_104,335.14,2026-07-02 22:19:04.362924,DEVICE_0826_A,IP_0826_A,450,1,0,0
TXN_002904,USER_0749,MERCHANT_068,768.21,2026-07-02 22:44:04.362924,DEVICE_0749_A,IP_0749_A,1243,0,2,0
TXN_002294,USER_0620,MERCHANT_006,327.25,2026-07-02 22:53:04.362924,DEVICE_0620_A,IP_0620_A,1283,0,0,0
TXN_001521,USER_0569,MERCHANT_128,1499.23,2026-07-02 22:57:04.362924,DEVICE_0569_A,IP_0569_A,1422,0,0,0
TXN_004914,USER_0142,MERCHANT_116,675.47,2026-07-02 22:58:04.362924,DEVICE_0142_A,IP_0142_A,933,0,0,0
TXN_004748,USER_0347,MERCHANT_019,265.69,2026-07-02 23:01:04.362924,DEVICE_0347_A,IP_0347_A,966,0,0,0
TXN_001746,USER_0517,MERCHANT_138,717.45,2026-07-02 23:10:04.362924,DEVICE_0517_A,IP_0517_A,532,1,1,0
TXN_005359,USER_0269,MERCHANT_138,154.72,2026-07-02 23:14:04.362924,DEVICE_0269_A,IP_0269_A,43,0,0,0
TXN_000219,USER_1049,MERCHANT_019,416.93,2026-07-03 00:17:04.362924,DEVICE_1049_A,IP_1049_A,1440,0,0,0
TXN_005143,USER_0871,MERCHANT_070,1302.89,2026-07-03 00:33:04.362924,DEVICE_0871_A,IP_0871_A,166,0,0,0
TXN_004960,USER_0986,MERCHANT_125,875.02,2026-07-03 01:34:04.362924,DEVICE_0986_A,IP_0986_A,868,0,0,0
TXN_004749,USER_0477,MERCHANT_027,312.85,2026-07-03 01:56:04.362924,DEVICE_0477_A,IP_0477_A,797,0,0,0
TXN_004216,USER_0669,MERCHANT_040,912.04,2026-07-03 02:10:04.362924,DEVICE_0669_A,IP_0669_A,464,0,0,0
TXN_001587,USER_0845,MERCHANT_028,684.89,2026-07-03 02:17:04.362924,DEVICE_0845_A,IP_0845_A,40,0,0,0
TXN_000551,USER_0967,MERCHANT_014,640.26,2026-07-03 02:18:04.362924,DEVICE_0967_A,IP_0967_A,338,0,0,0
TXN_004351,USER_0080,MERCHANT_007,326.3,2026-07-03 02:24:04.362924,DEVICE_RING_C_02,IP_RING_C_02,23,4,5,1
TXN_005069,USER_0344,MERCHANT_022,590.82,2026-07-03 02:38:04.362924,DEVICE_0344_A,IP_0344_A,851,0,0,0
TXN_000540,USER_0506,MERCHANT_039,389.27,2026-07-03 03:15:04.362924,DEVICE_0506_A,IP_0506_A,1089,1,1,0
TXN_004997,USER_0317,MERCHANT_079,1022.99,2026-07-03 03:34:04.362924,DEVICE_0317_A,IP_0317_A,1267,1,0,0
TXN_001526,USER_1471,MERCHANT_041,1357.62,2026-07-03 03:55:04.362924,DEVICE_1471_A,IP_1471_A,74,0,0,0
TXN_002620,USER_0061,MERCHANT_007,10720.02,2026-07-03 04:50:04.362924,DEVICE_RING_C_02,IP_RING_C_02,3,3,4,1
TXN_001368,USER_0978,MERCHANT_085,297.97,2026-07-03 05:05:04.362924,DEVICE_0978_A,IP_0978_A,362,0,1,0
TXN_002716,USER_0954,MERCHANT_006,124.2,2026-07-03 05:30:04.362924,DEVICE_0954_A,IP_0954_A,83,2,0,0
TXN_001147,USER_1007,MERCHANT_139,263.68,2026-07-03 05:41:04.362924,DEVICE_1007_A,IP_1007_A,671,0,0,0
TXN_004980,USER_1254,MERCHANT_002,113.48,2026-07-03 05:55:04.362924,DEVICE_1254_A,IP_1254_A,177,1,0,0
TXN_000735,USER_0634,MERCHANT_144,1298.28,2026-07-03 05:58:04.362924,DEVICE_0634_A,IP_0634_A,1192,0,0,0
TXN_004193,USER_0474,MERCHANT_042,1571.84,2026-07-03 06:16:04.362924,DEVICE_0474_A,IP_0474_A,728,0,0,0
TXN_003747,USER_1233,MERCHANT_022,117.23,2026-07-03 06:20:04.362924,DEVICE_1233_A,IP_1233_A,1151,0,2,0
TXN_005633,USER_0262,MERCHANT_124,672.15,2026-07-03 06:45:04.362924,DEVICE_0262_A,IP_0262_A,204,0,0,0
TXN_001907,USER_0294,MERCHANT_016,184.71,2026-07-03 06:47:04.362924,DEVICE_0294_A,IP_0294_A,601,1,0,0
TXN_005879,USER_0037,MERCHANT_005,1103.94,2026-07-03 07:00:04.362924,DEVICE_RING_B_02,IP_RING_B_01,40,4,2,1
TXN_001325,USER_0304,MERCHANT_102,629.73,2026-07-03 07:17:04.362924,DEVICE_0304_A,IP_0304_A,1460,0,0,0
TXN_001172,USER_0305,MERCHANT_061,740.87,2026-07-03 07:50:04.362924,DEVICE_0305_A,IP_0305_A,639,0,1,0
TXN_003365,USER_0769,MERCHANT_080,352.54,2026-07-03 08:04:04.362924,DEVICE_0769_A,IP_0769_A,467,1,0,0
TXN_005188,USER_1073,MERCHANT_061,704.36,2026-07-03 08:30:04.362924,DEVICE_1073_A,IP_1073_A,854,0,0,0
TXN_003892,USER_0126,MERCHANT_108,928.77,2026-07-03 08:50:04.362924,DEVICE_0126_A,IP_0126_A,1044,2,0,0
TXN_004857,USER_0694,MERCHANT_092,1152.85,2026-07-03 09:04:04.362924,DEVICE_0694_A,IP_0694_A,974,0,0,0
TXN_001447,USER_1347,MERCHANT_128,403.62,2026-07-03 09:14:04.362924,DEVICE_1347_A,IP_1347_A,238,1,0,0
TXN_001726,USER_0077,MERCHANT_009,7405.87,2026-07-03 10:08:04.362924,DEVICE_RING_C_01,IP_RING_C_02,59,5,4,1
TXN_002492,USER_0411,MERCHANT_068,357.68,2026-07-03 10:22:04.362924,DEVICE_0411_A,IP_0411_A,965,2,1,0
TXN_003121,USER_1135,MERCHANT_038,417.49,2026-07-03 10:27:04.362924,DEVICE_1135_A,IP_1135_A,566,0,0,0
TXN_003473,USER_0546,MERCHANT_082,623.98,2026-07-03 10:28:04.362924,DEVICE_0546_A,IP_0546_A,149,0,0,0
TXN_005780,USER_1244,MERCHANT_133,1012.74,2026-07-03 11:03:04.362924,DEVICE_1244_A,IP_1244_A,912,0,2,0
TXN_004399,USER_0089,MERCHANT_007,7362.11,2026-07-03 11:03:04.362924,DEVICE_RING_C_01,IP_RING_C_01,41,3,1,1
TXN_005754,USER_0416,MERCHANT_025,217.01,2026-07-03 11:14:04.362924,DEVICE_0416_A,IP_0416_A,782,0,0,0
TXN_001197,USER_0929,MERCHANT_095,591.23,2026-07-03 11:22:04.362924,DEVICE_0929_A,IP_0929_A,300,2,0,0
TXN_001537,USER_1341,MERCHANT_045,881.95,2026-07-03 11:46:04.362924,DEVICE_1341_A,IP_1341_A,1366,1,0,0
TXN_005807,USER_0011,MERCHANT_001,249.59,2026-07-03 11:47:04.362924,DEVICE_RING_A_01,IP_RING_A_01,48,3,5,1
TXN_005002,USER_1375,MERCHANT_068,427.04,2026-07-03 12:25:04.362924,DEVICE_1375_A,IP_1375_A,1358,1,0,0
TXN_003594,USER_0637,MERCHANT_034,197.82,2026-07-03 12:28:04.362924,DEVICE_0637_A,IP_0637_A,1261,0,0,0
TXN_001128,USER_0457,MERCHANT_126,340.78,2026-07-03 12:32:04.362924,DEVICE_0457_A,IP_0457_A,912,0,0,0
TXN_003000,USER_0604,MERCHANT_142,534.05,2026-07-03 12:52:04.362924,DEVICE_0604_A,IP_0604_A,1157,0,1,0
TXN_001890,USER_0587,MERCHANT_006,593.53,2026-07-03 13:21:04.362924,DEVICE_0587_A,IP_0587_A,143,0,0,0
TXN_002489,USER_1032,MERCHANT_098,611.53,2026-07-03 13:25:04.362924,DEVICE_1032_A,IP_1032_A,1193,2,0,0
TXN_000757,USER_0001,MERCHANT_002,4094.35,2026-07-03 13:41:04.362924,DEVICE_RING_A_01,IP_RING_A_02,61,6,1,1
TXN_001826,USER_1118,MERCHANT_074,835.8,2026-07-03 13:51:04.362924,DEVICE_1118_A,IP_1118_A,162,1,0,0
TXN_000797,USER_0280,MERCHANT_056,582.46,2026-07-03 14:25:04.362924,DEVICE_0280_A,IP_0280_A,1093,0,0,0
TXN_004654,USER_0639,MERCHANT_096,957.65,2026-07-03 14:28:04.362924,DEVICE_0639_A,IP_0639_A,478,0,0,0
TXN_005169,USER_1396,MERCHANT_119,337.76,2026-07-03 15:17:04.362924,DEVICE_1396_A,IP_1396_A,1092,0,0,0
TXN_000826,USER_0467,MERCHANT_090,1784.63,2026-07-03 16:25:04.362924,DEVICE_0467_A,IP_0467_A,1292,1,1,0
TXN_001295,USER_0887,MERCHANT_078,637.98,2026-07-03 16:39:04.362924,DEVICE_0887_A,IP_0887_A,632,0,0,0
TXN_000830,USER_1042,MERCHANT_121,485.7,2026-07-03 17:04:04.362924,DEVICE_1042_A,IP_1042_A,76,0,0,0
TXN_001573,USER_1422,MERCHANT_023,747.77,2026-07-03 17:13:04.362924,DEVICE_1422_A,IP_1422_A,655,0,0,0
TXN_003610,USER_0469,MERCHANT_089,439.45,2026-07-03 17:24:04.362924,DEVICE_0469_A,IP_0469_A,316,1,0,0
TXN_000374,USER_0360,MERCHANT_047,1231.99,2026-07-03 17:38:04.362924,DEVICE_0360_A,IP_0360_A,794,0,0,0
TXN_003775,USER_1462,MERCHANT_046,158.96,2026-07-03 17:49:04.362924,DEVICE_1462_A,IP_1462_A,325,2,0,0
TXN_003165,USER_1457,MERCHANT_095,252.44,2026-07-03 17:54:04.362924,DEVICE_1457_A,IP_1457_A,614,0,0,0
TXN_001405,USER_0140,MERCHANT_128,1266.44,2026-07-03 18:03:04.362924,DEVICE_0140_A,IP_0140_A,1379,1,0,0
TXN_004665,USER_0774,MERCHANT_016,1028.38,2026-07-03 18:07:04.362924,DEVICE_0774_A,IP_0774_A,769,2,0,0
TXN_004788,USER_0863,MERCHANT_149,368.31,2026-07-03 18:40:04.362924,DEVICE_0863_A,IP_0863_A,1132,0,0,0
TXN_002335,USER_0116,MERCHANT_012,6090.16,2026-07-03 18:46:04.362924,DEVICE_RING_D_02,IP_RING_D_01,6,3,1,1
TXN_005220,USER_0052,MERCHANT_004,753.78,2026-07-03 19:09:04.362924,DEVICE_RING_B_01,IP_RING_B_02,65,2,5,1
TXN_000559,USER_0463,MERCHANT_017,806.55,2026-07-03 19:15:04.362924,DEVICE_0463_A,IP_0463_A,123,0,0,0
TXN_000483,USER_0065,MERCHANT_009,501.5,2026-07-03 20:47:04.362924,DEVICE_RING_C_01,IP_RING_C_01,74,5,5,1
TXN_005668,USER_0912,MERCHANT_008,1026.97,2026-07-03 21:00:04.362924,DEVICE_0912_A,IP_0912_A,436,1,0,0
TXN_002249,USER_1047,MERCHANT_112,520.66,2026-07-03 21:15:04.362924,DEVICE_1047_A,IP_1047_A,1163,2,0,0
TXN_002336,USER_1324,MERCHANT_147,923.65,2026-07-03 21:26:04.362924,DEVICE_1324_A,IP_1324_A,1141,0,0,0
TXN_001796,USER_1303,MERCHANT_027,341.37,2026-07-03 21:30:04.362924,DEVICE_1303_A,IP_1303_A,331,0,0,0
TXN_003601,USER_1104,MERCHANT_100,323.43,2026-07-03 21:50:04.362924,DEVICE_1104_A,IP_1104_A,651,0,0,0
TXN_001000,USER_0320,MERCHANT_117,921.84,2026-07-03 21:55:04.362924,DEVICE_0320_A,IP_0320_A,1281,0,0,0
TXN_003656,USER_0396,MERCHANT_081,788.42,2026-07-03 22:00:04.362924,DEVICE_0396_A,IP_0396_A,745,0,0,0
TXN_001486,USER_0134,MERCHANT_044,1207.58,2026-07-03 23:35:04.362924,DEVICE_0134_A,IP_0134_A,1037,0,0,0
TXN_004866,USER_1343,MERCHANT_114,169.6,2026-07-03 23:38:04.362924,DEVICE_1343_A,IP_1343_A,748,0,0,0
TXN_005856,USER_1343,MERCHANT_134,155.75,2026-07-04 00:20:04.362924,DEVICE_1343_A,IP_1343_A,291,0,1,0
TXN_003145,USER_0774,MERCHANT_057,829.75,2026-07-04 00:30:04.362924,DEVICE_0774_A,IP_0774_A,423,1,1,0
TXN_001687,USER_0138,MERCHANT_092,423.46,2026-07-04 00:41:04.362924,DEVICE_0138_A,IP_0138_A,608,2,0,0
TXN_000121,USER_0072,MERCHANT_007,5514.18,2026-07-04 01:31:04.362924,DEVICE_RING_C_01,IP_RING_C_01,73,7,4,1
TXN_000846,USER_1193,MERCHANT_035,868.07,2026-07-04 01:33:04.362924,DEVICE_1193_A,IP_1193_A,910,2,2,0
TXN_005012,USER_0316,MERCHANT_101,1040.12,2026-07-04 01:35:04.362924,DEVICE_0316_A,IP_0316_A,1123,0,0,0
TXN_001823,USER_0032,MERCHANT_005,1996.58,2026-07-04 02:15:04.362924,DEVICE_RING_B_02,IP_RING_B_01,59,6,3,1
TXN_000155,USER_1265,MERCHANT_097,747.5,2026-07-04 02:49:04.362924,DEVICE_1265_A,IP_1265_A,1347,1,1,0
TXN_005201,USER_0328,MERCHANT_046,468.18,2026-07-04 04:13:04.362924,DEVICE_0328_A,IP_0328_A,342,0,0,0
TXN_000154,USER_1464,MERCHANT_101,714.17,2026-07-04 04:14:04.362924,DEVICE_1464_A,IP_1464_A,294,0,1,0
TXN_002037,USER_0064,MERCHANT_009,3701.38,2026-07-04 04:35:04.362924,DEVICE_RING_C_02,IP_RING_C_02,2,6,3,1
TXN_005768,USER_0421,MERCHANT_121,565.1,2026-07-04 04:39:04.362924,DEVICE_0421_A,IP_0421_A,810,0,0,0
TXN_004777,USER_1354,MERCHANT_015,589.19,2026-07-04 04:46:04.362924,DEVICE_1354_A,IP_1354_A,526,0,0,0
TXN_004081,USER_0684,MERCHANT_115,965.05,2026-07-04 04:51:04.362924,DEVICE_0684_A,IP_0684_A,616,0,0,0
TXN_000439,USER_0791,MERCHANT_023,167.23,2026-07-04 05:15:04.362924,DEVICE_0791_A,IP_0791_A,1162,0,0,0
TXN_005181,USER_0255,MERCHANT_067,706.92,2026-07-04 05:21:04.362924,DEVICE_0255_A,IP_0255_A,1036,2,0,0
TXN_003799,USER_0522,MERCHANT_072,284.84,2026-07-04 05:55:04.362924,DEVICE_0522_A,IP_0522_A,198,1,0,0
TXN_002048,USER_0681,MERCHANT_144,595.83,2026-07-04 06:16:04.362924,DEVICE_0681_A,IP_0681_A,748,0,0,0
TXN_001761,USER_0460,MERCHANT_053,2052.68,2026-07-04 07:12:04.362924,DEVICE_0460_A,IP_0460_A,1029,0,0,0
TXN_002257,USER_0548,MERCHANT_018,1166.89,2026-07-04 07:14:04.362924,DEVICE_0548_A,IP_0548_A,151,1,0,0
TXN_004908,USER_0442,MERCHANT_027,252.6,2026-07-04 07:34:04.362924,DEVICE_0442_A,IP_0442_A,1441,0,0,0
TXN_002019,USER_0505,MERCHANT_052,966.32,2026-07-04 07:45:04.362924,DEVICE_0505_A,IP_0505_A,1451,0,0,0
TXN_005905,USER_0056,MERCHANT_005,1022.8,2026-07-04 08:32:04.362924,DEVICE_RING_B_02,IP_RING_B_02,59,5,4,1
TXN_000949,USER_1376,MERCHANT_014,579.83,2026-07-04 09:11:04.362924,DEVICE_1376_A,IP_1376_A,733,0,0,0
TXN_005591,USER_1314,MERCHANT_072,396.25,2026-07-04 09:49:04.362924,DEVICE_1314_A,IP_1314_A,356,0,0,0
TXN_001403,USER_0505,MERCHANT_110,1460.02,2026-07-04 10:27:04.362924,DEVICE_0505_A,IP_0505_A,1459,0,0,0
TXN_003652,USER_1154,MERCHANT_138,906.9,2026-07-04 10:28:04.362924,DEVICE_1154_A,IP_1154_A,72,1,0,0
TXN_004752,USER_0108,MERCHANT_010,1934.81,2026-07-04 10:42:04.362924,DEVICE_RING_D_02,IP_RING_D_02,28,5,5,1
TXN_003788,USER_0677,MERCHANT_054,308.89,2026-07-04 10:44:04.362924,DEVICE_0677_A,IP_0677_A,659,0,0,0
TXN_000970,USER_1242,MERCHANT_003,205.17,2026-07-04 10:52:04.362924,DEVICE_1242_A,IP_1242_A,1407,0,0,0
TXN_003624,USER_0492,MERCHANT_032,621.5,2026-07-04 11:17:04.362924,DEVICE_0492_A,IP_0492_A,941,0,0,0
TXN_002448,USER_1167,MERCHANT_025,503.27,2026-07-04 11:17:04.362924,DEVICE_1167_A,IP_1167_A,816,1,0,0
TXN_002429,USER_1239,MERCHANT_049,1394.37,2026-07-04 11:19:04.362924,DEVICE_1239_A,IP_1239_A,497,0,0,0
TXN_005444,USER_1495,MERCHANT_085,399.88,2026-07-04 11:31:04.362924,DEVICE_1495_A,IP_1495_A,273,0,0,0
TXN_005809,USER_0767,MERCHANT_001,4556.0,2026-07-04 12:01:04.362924,DEVICE_0767_A,IP_0767_A,83,0,0,0
TXN_001943,USER_0362,MERCHANT_021,734.2,2026-07-04 12:08:04.362924,DEVICE_0362_A,IP_0362_A,866,0,2,0
TXN_000452,USER_0953,MERCHANT_031,1228.18,2026-07-04 12:32:04.362924,DEVICE_0953_A,IP_0953_A,1127,0,0,0
TXN_003863,USER_0513,MERCHANT_083,596.84,2026-07-04 13:04:04.362924,DEVICE_0513_A,IP_0513_A,872,0,0,0
TXN_002154,USER_1192,MERCHANT_096,713.34,2026-07-04 13:07:04.362924,DEVICE_1192_A,IP_1192_A,804,1,0,0
TXN_003137,USER_0630,MERCHANT_106,1224.87,2026-07-04 13:19:04.362924,DEVICE_0630_A,IP_0630_A,1482,0,0,0
TXN_002310,USER_0134,MERCHANT_014,1167.56,2026-07-04 13:28:04.362924,DEVICE_0134_A,IP_0134_A,1488,1,0,0
TXN_001688,USER_0921,MERCHANT_092,697.71,2026-07-04 13:30:04.362924,DEVICE_0921_A,IP_0921_A,295,1,0,0
TXN_000803,USER_0088,MERCHANT_009,2752.23,2026-07-04 14:59:04.362924,DEVICE_RING_C_02,IP_RING_C_02,56,8,3,1
TXN_002710,USER_1070,MERCHANT_022,1938.15,2026-07-04 15:01:04.362924,DEVICE_1070_A,IP_1070_A,304,1,0,0
TXN_001497,USER_0611,MERCHANT_093,2815.96,2026-07-04 15:09:04.362924,DEVICE_0611_A,IP_0611_A,1392,0,0,0
TXN_002210,USER_0592,MERCHANT_054,599.68,2026-07-04 15:23:04.362924,DEVICE_0592_A,IP_0592_A,443,0,0,0
TXN_000186,USER_0756,MERCHANT_132,1024.98,2026-07-04 15:57:04.362924,DEVICE_0756_A,IP_0756_A,845,2,0,0
TXN_004512,USER_0828,MERCHANT_057,1326.49,2026-07-04 16:40:04.362924,DEVICE_0828_A,IP_0828_A,539,0,1,0
TXN_003577,USER_0141,MERCHANT_043,321.49,2026-07-04 16:55:04.362924,DEVICE_0141_A,IP_0141_A,1387,0,1,0
TXN_005849,USER_0511,MERCHANT_137,300.62,2026-07-04 17:16:04.362924,DEVICE_0511_A,IP_0511_A,619,0,0,0
TXN_001345,USER_0131,MERCHANT_101,1223.04,2026-07-04 17:22:04.362924,DEVICE_0131_A,IP_0131_A,428,0,1,0
TXN_002045,USER_0059,MERCHANT_006,1098.42,2026-07-04 17:53:04.362924,DEVICE_RING_B_02,IP_RING_B_01,52,5,1,1
TXN_001058,USER_1297,MERCHANT_033,1445.88,2026-07-04 18:12:04.362924,DEVICE_1297_A,IP_1297_A,932,0,0,0
TXN_002584,USER_0571,MERCHANT_044,1502.08,2026-07-04 18:24:04.362924,DEVICE_0571_A,IP_0571_A,814,0,0,0
TXN_005343,USER_0014,MERCHANT_002,455.84,2026-07-04 18:44:04.362924,DEVICE_RING_A_02,IP_RING_A_02,2,8,2,1
TXN_003679,USER_0553,MERCHANT_006,1466.61,2026-07-04 19:00:04.362924,DEVICE_0553_A,IP_0553_A,1208,0,0,0
TXN_001394,USER_0680,MERCHANT_098,664.7,2026-07-04 19:04:04.362924,DEVICE_0680_A,IP_0680_A,80,0,0,0
TXN_004867,USER_1085,MERCHANT_054,692.37,2026-07-04 19:13:04.362924,DEVICE_1085_A,IP_1085_A,1364,1,0,0
TXN_003122,USER_1452,MERCHANT_009,379.1,2026-07-04 20:57:04.362924,DEVICE_1452_A,IP_1452_A,425,0,0,0
TXN_001567,USER_0918,MERCHANT_047,630.92,2026-07-04 21:12:04.362924,DEVICE_0918_A,IP_0918_A,736,1,0,0
TXN_005485,USER_1101,MERCHANT_120,100.35,2026-07-04 21:23:04.362924,DEVICE_1101_A,IP_1101_A,968,1,0,0
TXN_001327,USER_0822,MERCHANT_067,296.61,2026-07-04 21:52:04.362924,DEVICE_0822_A,IP_0822_A,1479,0,0,0
TXN_003737,USER_0682,MERCHANT_111,425.62,2026-07-04 22:26:04.362924,DEVICE_0682_A,IP_0682_A,413,0,1,0
TXN_001768,USER_0143,MERCHANT_085,525.85,2026-07-04 22:30:04.362924,DEVICE_0143_A,IP_0143_A,467,0,0,0
TXN_005600,USER_0102,MERCHANT_011,3956.2,2026-07-04 22:53:04.362924,DEVICE_RING_D_02,IP_RING_D_02,90,6,3,1
TXN_001902,USER_1229,MERCHANT_129,467.11,2026-07-04 23:05:04.362924,DEVICE_1229_A,IP_1229_A,243,0,1,0
TXN_000910,USER_1024,MERCHANT_031,3039.26,2026-07-04 23:43:04.362924,DEVICE_1024_A,IP_1024_A,588,0,0,0
TXN_002125,USER_0864,MERCHANT_028,610.2,2026-07-05 00:16:04.362924,DEVICE_0864_A,IP_0864_A,1390,1,2,0
TXN_002524,USER_0840,MERCHANT_008,474.27,2026-07-05 00:46:04.362924,DEVICE_0840_A,IP_0840_A,553,1,1,0
TXN_005610,USER_0426,MERCHANT_016,617.21,2026-07-05 00:51:04.362924,DEVICE_0426_A,IP_0426_A,448,0,1,0
TXN_001085,USER_1065,MERCHANT_035,799.02,2026-07-05 00:53:04.362924,DEVICE_1065_A,IP_1065_A,761,0,0,0
TXN_004547,USER_0842,MERCHANT_130,556.45,2026-07-05 00:58:04.362924,DEVICE_0842_A,IP_0842_A,132,0,0,0
TXN_004341,USER_1326,MERCHANT_145,1215.38,2026-07-05 01:03:04.362924,DEVICE_1326_A,IP_1326_A,320,0,2,0
TXN_000436,USER_0676,MERCHANT_020,634.29,2026-07-05 01:26:04.362924,DEVICE_0676_A,IP_0676_A,1200,0,0,0
TXN_002671,USER_1307,MERCHANT_062,355.79,2026-07-05 01:28:04.362924,DEVICE_1307_A,IP_1307_A,1016,0,0,0
TXN_004991,USER_0033,MERCHANT_004,306.34,2026-07-05 01:38:04.362924,DEVICE_RING_B_01,IP_RING_B_02,54,4,2,1
TXN_005853,USER_1313,MERCHANT_004,949.73,2026-07-05 01:57:04.362924,DEVICE_1313_A,IP_1313_A,305,2,2,0
TXN_003099,USER_1090,MERCHANT_024,544.46,2026-07-05 02:01:04.362924,DEVICE_1090_A,IP_1090_A,398,1,0,0
TXN_003950,USER_0940,MERCHANT_072,229.9,2026-07-05 02:23:04.362924,DEVICE_0940_A,IP_0940_A,849,0,0,0
TXN_005772,USER_0074,MERCHANT_009,2121.34,2026-07-05 02:25:04.362924,DEVICE_RING_C_02,IP_RING_C_02,84,4,2,1
TXN_004252,USER_1132,MERCHANT_015,702.7,2026-07-05 02:28:04.362924,DEVICE_1132_A,IP_1132_A,1172,0,0,0
TXN_005353,USER_1271,MERCHANT_128,680.35,2026-07-05 02:37:04.362924,DEVICE_1271_A,IP_1271_A,1010,0,0,0
TXN_000765,USER_0005,MERCHANT_001,7889.75,2026-07-05 02:59:04.362924,DEVICE_RING_A_01,IP_RING_A_01,14,4,3,1
TXN_000292,USER_0606,MERCHANT_078,414.54,2026-07-05 03:02:04.362924,DEVICE_0606_A,IP_0606_A,323,2,0,0
TXN_004707,USER_0153,MERCHANT_105,1723.53,2026-07-05 03:05:04.362924,DEVICE_0153_A,IP_0153_A,331,0,0,0
TXN_003839,USER_0348,MERCHANT_036,290.29,2026-07-05 03:39:04.362924,DEVICE_0348_A,IP_0348_A,1148,1,1,0
TXN_003438,USER_0542,MERCHANT_013,230.37,2026-07-05 03:58:04.362924,DEVICE_0542_A,IP_0542_A,1452,0,0,0
TXN_005247,USER_0169,MERCHANT_015,382.63,2026-07-05 04:18:04.362924,DEVICE_0169_A,IP_0169_A,730,0,2,0
TXN_003973,USER_1329,MERCHANT_005,778.68,2026-07-05 04:23:04.362924,DEVICE_1329_A,IP_1329_A,96,0,0,0
TXN_005510,USER_1339,MERCHANT_116,539.48,2026-07-05 04:24:04.362924,DEVICE_1339_A,IP_1339_A,663,0,0,0
TXN_004099,USER_0443,MERCHANT_087,543.38,2026-07-05 05:17:04.362924,DEVICE_0443_A,IP_0443_A,215,2,0,0
TXN_004224,USER_1141,MERCHANT_058,1452.17,2026-07-05 05:39:04.362924,DEVICE_1141_A,IP_1141_A,1203,0,0,0
TXN_003084,USER_1015,MERCHANT_047,259.57,2026-07-05 06:39:04.362924,DEVICE_1015_A,IP_1015_A,461,1,2,0
TXN_001088,USER_0768,MERCHANT_078,717.68,2026-07-05 07:16:04.362924,DEVICE_0768_A,IP_0768_A,585,0,0,0
TXN_002233,USER_1465,MERCHANT_139,136.91,2026-07-05 07:52:04.362924,DEVICE_1465_A,IP_1465_A,778,2,0,0
TXN_002832,USER_0032,MERCHANT_006,991.86,2026-07-05 08:10:04.362924,DEVICE_RING_B_02,IP_RING_B_01,10,2,5,1
TXN_001193,USER_0935,MERCHANT_055,382.18,2026-07-05 08:40:04.362924,DEVICE_0935_A,IP_0935_A,1490,0,0,0
TXN_002028,USER_0280,MERCHANT_014,1519.5,2026-07-05 08:52:04.362924,DEVICE_0280_A,IP_0280_A,310,0,0,0
TXN_004167,USER_1014,MERCHANT_146,480.05,2026-07-05 09:27:04.362924,DEVICE_1014_A,IP_1014_A,1442,0,0,0
TXN_002291,USER_0581,MERCHANT_114,2210.79,2026-07-05 09:57:04.362924,DEVICE_0581_A,IP_0581_A,113,0,0,0
TXN_000892,USER_0133,MERCHANT_030,877.77,2026-07-05 10:09:04.362924,DEVICE_0133_A,IP_0133_A,1434,0,0,0
TXN_005475,USER_1126,MERCHANT_139,528.23,2026-07-05 10:39:04.362924,DEVICE_1126_A,IP_1126_A,1126,1,0,0
TXN_000068,USER_0235,MERCHANT_076,1273.57,2026-07-05 11:08:04.362924,DEVICE_0235_A,IP_0235_A,764,0,0,0
TXN_002189,USER_0968,MERCHANT_039,434.85,2026-07-05 11:30:04.362924,DEVICE_0968_A,IP_0968_A,338,0,0,0
TXN_004200,USER_1176,MERCHANT_110,920.87,2026-07-05 11:33:04.362924,DEVICE_1176_A,IP_1176_A,1436,0,0,0
TXN_002112,USER_0573,MERCHANT_017,531.04,2026-07-05 11:39:04.362924,DEVICE_0573_A,IP_0573_A,1282,0,0,0
TXN_000135,USER_0472,MERCHANT_118,301.08,2026-07-05 12:00:04.362924,DEVICE_0472_A,IP_0472_A,1442,1,0,0
TXN_004211,USER_0339,MERCHANT_040,495.06,2026-07-05 12:42:04.362924,DEVICE_0339_A,IP_0339_A,388,1,1,0
TXN_003001,USER_1458,MERCHANT_094,143.46,2026-07-05 12:43:04.362924,DEVICE_1458_A,IP_1458_A,1468,2,0,0
TXN_000539,USER_0688,MERCHANT_067,1276.21,2026-07-05 12:48:04.362924,DEVICE_0688_A,IP_0688_A,1373,1,1,0
TXN_000728,USER_0861,MERCHANT_067,778.69,2026-07-05 13:27:04.362924,DEVICE_0861_A,IP_0861_A,413,0,0,0
TXN_003378,USER_0002,MERCHANT_002,952.9,2026-07-05 13:33:04.362924,DEVICE_RING_A_01,IP_RING_A_01,88,3,2,1
TXN_003602,USER_0883,MERCHANT_058,349.88,2026-07-05 13:59:04.362924,DEVICE_0883_A,IP_0883_A,1260,0,0,0
TXN_001137,USER_0197,MERCHANT_118,1464.15,2026-07-05 14:56:04.362924,DEVICE_0197_A,IP_0197_A,1377,1,0,0
TXN_004145,USER_0075,MERCHANT_009,547.38,2026-07-05 15:33:04.362924,DEVICE_RING_C_02,IP_RING_C_01,49,4,3,1
TXN_002102,USER_0884,MERCHANT_010,305.02,2026-07-05 15:58:04.362924,DEVICE_0884_A,IP_0884_A,330,0,0,0
TXN_004824,USER_0550,MERCHANT_083,593.69,2026-07-05 16:20:04.362924,DEVICE_0550_A,IP_0550_A,1260,0,1,0
TXN_004005,USER_0740,MERCHANT_005,215.25,2026-07-05 16:30:04.362924,DEVICE_0740_A,IP_0740_A,261,0,0,0
TXN_001431,USER_1493,MERCHANT_119,755.58,2026-07-05 17:07:04.362924,DEVICE_1493_A,IP_1493_A,1022,0,0,0
TXN_005377,USER_0844,MERCHANT_085,4129.56,2026-07-05 17:23:04.362924,DEVICE_0844_A,IP_0844_A,217,0,0,0
TXN_003767,USER_0829,MERCHANT_145,288.7,2026-07-05 17:40:04.362924,DEVICE_0829_A,IP_0829_A,66,0,1,0
TXN_005421,USER_0927,MERCHANT_013,615.45,2026-07-05 19:50:04.362924,DEVICE_0927_A,IP_0927_A,481,0,0,0
TXN_004790,USER_1453,MERCHANT_024,528.07,2026-07-05 20:25:04.362924,DEVICE_1453_A,IP_1453_A,887,0,0,0
TXN_002237,USER_1067,MERCHANT_134,606.46,2026-07-05 20:25:04.362924,DEVICE_1067_A,IP_1067_A,1088,0,1,0
TXN_003683,USER_1222,MERCHANT_117,686.05,2026-07-05 20:28:04.362924,DEVICE_1222_A,IP_1222_A,308,1,0,0
TXN_003643,USER_0323,MERCHANT_069,285.56,2026-07-05 20:39:04.362924,DEVICE_0323_A,IP_0323_A,452,0,0,0
TXN_001398,USER_0633,MERCHANT_078,289.52,2026-07-05 21:46:04.362924,DEVICE_0633_A,IP_0633_A,1429,1,0,0
TXN_001785,USER_1375,MERCHANT_098,638.27,2026-07-05 21:57:04.362924,DEVICE_1375_A,IP_1375_A,582,0,1,0
TXN_005314,USER_1475,MERCHANT_063,691.1,2026-07-05 22:29:04.362924,DEVICE_1475_A,IP_1475_A,1303,0,0,0
TXN_000266,USER_0739,MERCHANT_150,235.35,2026-07-05 22:36:04.362924,DEVICE_0739_A,IP_0739_A,1203,0,0,0
TXN_005447,USER_0189,MERCHANT_150,218.02,2026-07-05 22:51:04.362924,DEVICE_0189_A,IP_0189_A,527,1,0,0
TXN_003413,USER_0998,MERCHANT_070,2672.03,2026-07-05 23:18:04.362924,DEVICE_0998_A,IP_0998_A,64,0,0,0
TXN_002660,USER_0325,MERCHANT_010,908.57,2026-07-05 23:44:04.362924,DEVICE_0325_A,IP_0325_A,1223,0,0,0
TXN_001408,USER_1284,MERCHANT_147,1849.98,2026-07-05 23:58:04.362924,DEVICE_1284_A,IP_1284_A,830,2,0,0
TXN_003072,USER_1404,MERCHANT_007,2151.27,2026-07-06 00:09:04.362924,DEVICE_1404_A,IP_1404_A,168,1,0,0
TXN_004206,USER_1143,MERCHANT_134,375.1,2026-07-06 00:37:04.362924,DEVICE_1143_A,IP_1143_A,846,0,0,0
TXN_000622,USER_1076,MERCHANT_040,854.51,2026-07-06 00:39:04.362924,DEVICE_1076_A,IP_1076_A,111,0,0,0
TXN_004676,USER_0506,MERCHANT_021,291.47,2026-07-06 00:45:04.362924,DEVICE_0506_A,IP_0506_A,235,0,0,0
TXN_003461,USER_1313,MERCHANT_087,2140.34,2026-07-06 01:06:04.362924,DEVICE_1313_A,IP_1313_A,1316,0,0,0
TXN_000366,USER_1267,MERCHANT_110,444.08,2026-07-06 01:35:04.362924,DEVICE_1267_A,IP_1267_A,976,0,0,0
TXN_000879,USER_0300,MERCHANT_013,592.66,2026-07-06 01:51:04.362924,DEVICE_0300_A,IP_0300_A,253,0,0,0
TXN_004934,USER_1169,MERCHANT_006,1392.3,2026-07-06 02:00:04.362924,DEVICE_1169_A,IP_1169_A,1476,2,1,0
TXN_004953,USER_0573,MERCHANT_033,1085.04,2026-07-06 02:26:04.362924,DEVICE_0573_A,IP_0573_A,1376,1,0,0
TXN_003205,USER_0161,MERCHANT_012,293.74,2026-07-06 02:30:04.362924,DEVICE_0161_A,IP_0161_A,922,0,1,0
TXN_000594,USER_1268,MERCHANT_122,770.61,2026-07-06 03:44:04.362924,DEVICE_1268_A,IP_1268_A,1497,0,0,0
TXN_004912,USER_1434,MERCHANT_092,1621.14,2026-07-06 04:32:04.362924,DEVICE_1434_A,IP_1434_A,772,0,0,0
TXN_000057,USER_1251,MERCHANT_140,319.74,2026-07-06 04:45:04.362924,DEVICE_1251_A,IP_1251_A,802,0,0,0
TXN_001175,USER_0986,MERCHANT_026,340.85,2026-07-06 05:22:04.362924,DEVICE_0986_A,IP_0986_A,358,0,0,0
TXN_005670,USER_0820,MERCHANT_087,1631.64,2026-07-06 05:38:04.362924,DEVICE_0820_A,IP_0820_A,1482,0,0,0
TXN_000302,USER_0741,MERCHANT_004,394.17,2026-07-06 05:54:04.362924,DEVICE_0741_A,IP_0741_A,463,2,2,0
TXN_002194,USER_0052,MERCHANT_006,639.62,2026-07-06 06:00:04.362924,DEVICE_RING_B_02,IP_RING_B_02,3,3,1,1
TXN_000234,USER_1091,MERCHANT_133,368.05,2026-07-06 06:04:04.362924,DEVICE_1091_A,IP_1091_A,965,0,1,0
TXN_005049,USER_1388,MERCHANT_079,1391.76,2026-07-06 06:18:04.362924,DEVICE_1388_A,IP_1388_A,837,2,0,0
TXN_004071,USER_1104,MERCHANT_040,921.44,2026-07-06 06:25:04.362924,DEVICE_1104_A,IP_1104_A,1364,1,0,0
TXN_001471,USER_0400,MERCHANT_121,1472.04,2026-07-06 06:29:04.362924,DEVICE_0400_A,IP_0400_A,430,0,0,0
TXN_003460,USER_0926,MERCHANT_092,249.18,2026-07-06 06:40:04.362924,DEVICE_0926_A,IP_0926_A,1112,1,0,0
TXN_000988,USER_0741,MERCHANT_103,1158.58,2026-07-06 06:56:04.362924,DEVICE_0741_A,IP_0741_A,143,0,2,0
TXN_004849,USER_0026,MERCHANT_002,1425.39,2026-07-06 06:59:04.362924,DEVICE_RING_A_01,IP_RING_A_01,83,6,3,1
TXN_003710,USER_1274,MERCHANT_004,618.02,2026-07-06 07:09:04.362924,DEVICE_1274_A,IP_1274_A,83,1,0,0
TXN_002283,USER_0080,MERCHANT_008,8251.54,2026-07-06 07:39:04.362924,DEVICE_RING_C_01,IP_RING_C_02,13,7,1,1
TXN_000890,USER_0837,MERCHANT_144,1378.09,2026-07-06 07:42:04.362924,DEVICE_0837_A,IP_0837_A,1335,0,0,0
TXN_001243,USER_0137,MERCHANT_027,387.87,2026-07-06 07:50:04.362924,DEVICE_0137_A,IP_0137_A,1321,1,0,0
TXN_001612,USER_0744,MERCHANT_029,185.78,2026-07-06 08:47:04.362924,DEVICE_0744_A,IP_0744_A,228,0,0,0
TXN_005198,USER_1056,MERCHANT_051,466.03,2026-07-06 08:59:04.362924,DEVICE_1056_A,IP_1056_A,538,1,1,0
TXN_004319,USER_0824,MERCHANT_017,673.71,2026-07-06 09:18:04.362924,DEVICE_0824_A,IP_0824_A,456,1,0,0
TXN_003982,USER_0023,MERCHANT_001,12895.85,2026-07-06 09:18:04.362924,DEVICE_RING_A_02,IP_RING_A_02,38,3,3,1
TXN_004969,USER_0579,MERCHANT_069,481.11,2026-07-06 09:34:04.362924,DEVICE_0579_A,IP_0579_A,1285,0,0,0
TXN_004963,USER_0421,MERCHANT_021,546.99,2026-07-06 09:44:04.362924,DEVICE_0421_A,IP_0421_A,503,0,0,0
TXN_001654,USER_1349,MERCHANT_047,460.38,2026-07-06 10:00:04.362924,DEVICE_1349_A,IP_1349_A,1421,0,1,0
TXN_001738,USER_0470,MERCHANT_147,269.37,2026-07-06 10:32:04.362924,DEVICE_0470_A,IP_0470_A,910,0,2,0
TXN_002845,USER_0812,MERCHANT_108,705.93,2026-07-06 10:46:04.362924,DEVICE_0812_A,IP_0812_A,187,0,1,0
TXN_005946,USER_0752,MERCHANT_025,1121.17,2026-07-06 11:45:04.362924,DEVICE_0752_A,IP_0752_A,985,0,0,0
TXN_005539,USER_1217,MERCHANT_013,238.08,2026-07-06 12:25:04.362924,DEVICE_1217_A,IP_1217_A,585,0,0,0
TXN_000820,USER_0016,MERCHANT_002,7255.58,2026-07-06 12:54:04.362924,DEVICE_RING_A_01,IP_RING_A_02,11,5,5,1
TXN_003790,USER_0117,MERCHANT_010,9203.36,2026-07-06 13:08:04.362924,DEVICE_RING_D_02,IP_RING_D_02,46,4,5,1
TXN_005126,USER_0709,MERCHANT_137,359.32,2026-07-06 13:15:04.362924,DEVICE_0709_A,IP_0709_A,1010,1,0,0
TXN_000014,USER_0016,MERCHANT_002,368.99,2026-07-06 13:24:04.362924,DEVICE_RING_A_02,IP_RING_A_01,28,4,3,1
TXN_002064,USER_1447,MERCHANT_026,555.3,2026-07-06 14:00:04.362924,DEVICE_1447_A,IP_1447_A,413,1,0,0
TXN_003456,USER_1088,MERCHANT_150,2798.0,2026-07-06 14:01:04.362924,DEVICE_1088_A,IP_1088_A,300,1,0,0
TXN_004833,USER_0924,MERCHANT_123,932.46,2026-07-06 14:06:04.362924,DEVICE_0924_A,IP_0924_A,764,0,0,0
TXN_003476,USER_0447,MERCHANT_051,228.95,2026-07-06 14:13:04.362924,DEVICE_0447_A,IP_0447_A,441,0,2,0
TXN_004225,USER_1318,MERCHANT_141,214.19,2026-07-06 14:14:04.362924,DEVICE_1318_A,IP_1318_A,122,0,2,0
TXN_005771,USER_1342,MERCHANT_074,2473.17,2026-07-06 14:19:04.362924,DEVICE_1342_A,IP_1342_A,44,0,0,0
TXN_001145,USER_0680,MERCHANT_018,526.96,2026-07-06 14:22:04.362924,DEVICE_0680_A,IP_0680_A,1190,1,0,0
TXN_001496,USER_1358,MERCHANT_110,2701.33,2026-07-06 14:47:04.362924,DEVICE_1358_A,IP_1358_A,719,0,1,0
TXN_003032,USER_0547,MERCHANT_138,366.22,2026-07-06 15:24:04.362924,DEVICE_0547_A,IP_0547_A,57,0,0,0
TXN_005238,USER_1127,MERCHANT_026,1478.62,2026-07-06 16:05:04.362924,DEVICE_1127_A,IP_1127_A,202,0,0,0
TXN_005108,USER_0670,MERCHANT_007,621.1,2026-07-06 16:35:04.362924,DEVICE_0670_A,IP_0670_A,446,0,0,0
TXN_004601,USER_0694,MERCHANT_054,510.28,2026-07-06 16:43:04.362924,DEVICE_0694_A,IP_0694_A,323,0,0,0
TXN_000599,USER_0341,MERCHANT_107,429.97,2026-07-06 16:45:04.362924,DEVICE_0341_A,IP_0341_A,125,2,1,0
TXN_000779,USER_1401,MERCHANT_016,567.42,2026-07-06 17:49:04.362924,DEVICE_1401_A,IP_1401_A,152,0,0,0
TXN_000063,USER_1397,MERCHANT_102,261.69,2026-07-06 18:07:04.362924,DEVICE_1397_A,IP_1397_A,1360,0,0,0
TXN_002390,USER_0479,MERCHANT_075,1304.23,2026-07-06 18:15:04.362924,DEVICE_0479_A,IP_0479_A,651,0,0,0
TXN_003347,USER_0611,MERCHANT_035,484.75,2026-07-06 18:43:04.362924,DEVICE_0611_A,IP_0611_A,606,2,2,0
TXN_003971,USER_0586,MERCHANT_129,445.43,2026-07-06 18:52:04.362924,DEVICE_0586_A,IP_0586_A,720,0,0,0
TXN_001251,USER_1354,MERCHANT_120,769.0,2026-07-06 19:25:04.362924,DEVICE_1354_A,IP_1354_A,298,1,0,0
TXN_000055,USER_1160,MERCHANT_069,1300.08,2026-07-06 21:00:04.362924,DEVICE_1160_A,IP_1160_A,35,0,0,0
TXN_004545,USER_0276,MERCHANT_055,792.02,2026-07-06 21:07:04.362924,DEVICE_0276_A,IP_0276_A,706,0,0,0
TXN_002978,USER_1105,MERCHANT_009,318.04,2026-07-06 21:07:04.362924,DEVICE_1105_A,IP_1105_A,1098,0,0,0
TXN_004821,USER_0019,MERCHANT_003,2133.97,2026-07-06 21:19:04.362924,DEVICE_RING_A_02,IP_RING_A_01,82,6,5,1
TXN_002537,USER_1316,MERCHANT_127,1247.37,2026-07-06 21:25:04.362924,DEVICE_1316_A,IP_1316_A,498,1,1,0
TXN_004827,USER_0682,MERCHANT_035,639.26,2026-07-06 21:45:04.362924,DEVICE_0682_A,IP_0682_A,1157,0,0,0
TXN_000015,USER_0693,MERCHANT_071,164.55,2026-07-06 22:00:04.362924,DEVICE_0693_A,IP_0693_A,1168,0,1,0
TXN_005200,USER_0630,MERCHANT_054,1201.33,2026-07-06 22:07:04.362924,DEVICE_0630_A,IP_0630_A,133,0,0,0
TXN_003283,USER_0421,MERCHANT_012,119.42,2026-07-06 22:17:04.362924,DEVICE_0421_A,IP_0421_A,770,0,0,0
TXN_002853,USER_0849,MERCHANT_014,261.98,2026-07-06 22:26:04.362924,DEVICE_0849_A,IP_0849_A,910,0,0,0
TXN_004508,USER_0551,MERCHANT_135,732.26,2026-07-06 23:04:04.362924,DEVICE_0551_A,IP_0551_A,315,0,0,0
TXN_005835,USER_1349,MERCHANT_111,688.95,2026-07-06 23:07:04.362924,DEVICE_1349_A,IP_1349_A,1166,0,0,0
TXN_002245,USER_1119,MERCHANT_141,2017.95,2026-07-06 23:25:04.362924,DEVICE_1119_A,IP_1119_A,964,0,0,0
TXN_005123,USER_0108,MERCHANT_010,1932.22,2026-07-06 23:30:04.362924,DEVICE_RING_D_02,IP_RING_D_02,77,4,1,1
TXN_002413,USER_1385,MERCHANT_019,258.53,2026-07-06 23:45:04.362924,DEVICE_1385_A,IP_1385_A,349,0,2,0
TXN_001134,USER_0094,MERCHANT_011,3934.66,2026-07-07 00:01:04.362924,DEVICE_RING_D_02,IP_RING_D_02,53,4,1,1
TXN_002357,USER_0634,MERCHANT_045,454.85,2026-07-07 00:13:04.362924,DEVICE_0634_A,IP_0634_A,747,0,1,0
TXN_004630,USER_1395,MERCHANT_123,825.44,2026-07-07 00:19:04.362924,DEVICE_1395_A,IP_1395_A,1013,0,0,0
TXN_001694,USER_1037,MERCHANT_034,218.64,2026-07-07 00:21:04.362924,DEVICE_1037_A,IP_1037_A,724,0,0,0
TXN_004779,USER_0983,MERCHANT_061,263.88,2026-07-07 01:05:04.362924,DEVICE_0983_A,IP_0983_A,1422,0,0,0
TXN_000493,USER_0469,MERCHANT_097,635.85,2026-07-07 01:13:04.362924,DEVICE_0469_A,IP_0469_A,359,1,0,0
TXN_002246,USER_1184,MERCHANT_068,648.85,2026-07-07 02:27:04.362924,DEVICE_1184_A,IP_1184_A,159,1,0,0
TXN_002565,USER_1212,MERCHANT_133,306.56,2026-07-07 02:32:04.362924,DEVICE_1212_A,IP_1212_A,1292,0,0,0
TXN_001710,USER_1358,MERCHANT_125,288.89,2026-07-07 02:34:04.362924,DEVICE_1358_A,IP_1358_A,465,1,0,0
TXN_002174,USER_1427,MERCHANT_138,672.33,2026-07-07 02:35:04.362924,DEVICE_1427_A,IP_1427_A,404,0,0,0
TXN_005053,USER_0295,MERCHANT_055,775.24,2026-07-07 02:58:04.362924,DEVICE_0295_A,IP_0295_A,812,2,0,0
TXN_005043,USER_0052,MERCHANT_006,2108.35,2026-07-07 03:11:04.362924,DEVICE_RING_B_02,IP_RING_B_01,61,8,5,1
TXN_000959,USER_0293,MERCHANT_038,919.89,2026-07-07 03:29:04.362924,DEVICE_0293_A,IP_0293_A,1249,2,0,0
TXN_002843,USER_0175,MERCHANT_036,1816.43,2026-07-07 03:43:04.362924,DEVICE_0175_A,IP_0175_A,864,0,1,0
TXN_005950,USER_1500,MERCHANT_122,195.56,2026-07-07 03:52:04.362924,DEVICE_1500_A,IP_1500_A,440,2,0,0
TXN_000363,USER_1053,MERCHANT_053,553.0,2026-07-07 03:58:04.362924,DEVICE_1053_A,IP_1053_A,1097,0,0,0
TXN_002315,USER_0495,MERCHANT_025,988.68,2026-07-07 04:28:04.362924,DEVICE_0495_A,IP_0495_A,667,0,0,0
TXN_003343,USER_1461,MERCHANT_143,277.87,2026-07-07 04:58:04.362924,DEVICE_1461_A,IP_1461_A,1454,0,0,0
TXN_005838,USER_0455,MERCHANT_023,1772.66,2026-07-07 05:31:04.362924,DEVICE_0455_A,IP_0455_A,163,0,0,0
TXN_001250,USER_1018,MERCHANT_060,186.79,2026-07-07 05:40:04.362924,DEVICE_1018_A,IP_1018_A,1069,0,1,0
TXN_002242,USER_0505,MERCHANT_148,930.05,2026-07-07 05:47:04.362924,DEVICE_0505_A,IP_0505_A,860,0,0,0
TXN_002425,USER_0244,MERCHANT_111,190.3,2026-07-07 06:30:04.362924,DEVICE_0244_A,IP_0244_A,193,0,1,0
TXN_004414,USER_0811,MERCHANT_043,92.15,2026-07-07 06:52:04.362924,DEVICE_0811_A,IP_0811_A,691,0,0,0
TXN_003764,USER_0091,MERCHANT_010,5694.9,2026-07-07 06:58:04.362924,DEVICE_RING_D_01,IP_RING_D_02,21,6,1,1
TXN_005448,USER_0092,MERCHANT_010,14650.29,2026-07-07 07:29:04.362924,DEVICE_RING_D_01,IP_RING_D_01,53,2,4,1
TXN_003039,USER_0383,MERCHANT_150,291.45,2026-07-07 08:43:04.362924,DEVICE_0383_A,IP_0383_A,1046,1,0,0
TXN_004928,USER_1285,MERCHANT_059,717.55,2026-07-07 08:46:04.362924,DEVICE_1285_A,IP_1285_A,314,0,0,0
TXN_000608,USER_1498,MERCHANT_034,235.91,2026-07-07 08:50:04.362924,DEVICE_1498_A,IP_1498_A,1484,0,2,0
TXN_005644,USER_1337,MERCHANT_072,1662.91,2026-07-07 09:00:04.362924,DEVICE_1337_A,IP_1337_A,854,1,1,0
TXN_002101,USER_1059,MERCHANT_063,795.71,2026-07-07 09:02:04.362924,DEVICE_1059_A,IP_1059_A,1102,0,0,0
TXN_001887,USER_0265,MERCHANT_107,326.92,2026-07-07 10:02:04.362924,DEVICE_0265_A,IP_0265_A,1255,1,1,0
TXN_004719,USER_0234,MERCHANT_044,1031.79,2026-07-07 10:51:04.362924,DEVICE_0234_A,IP_0234_A,1247,0,0,0
TXN_005511,USER_0430,MERCHANT_099,664.21,2026-07-07 11:34:04.362924,DEVICE_0430_A,IP_0430_A,1388,0,0,0
TXN_003229,USER_0722,MERCHANT_096,1076.47,2026-07-07 11:43:04.362924,DEVICE_0722_A,IP_0722_A,1025,1,0,0
TXN_003904,USER_1276,MERCHANT_138,295.9,2026-07-07 12:10:04.362924,DEVICE_1276_A,IP_1276_A,1351,0,0,0
TXN_004811,USER_0599,MERCHANT_060,1058.17,2026-07-07 12:30:04.362924,DEVICE_0599_A,IP_0599_A,1130,0,0,0
TXN_001958,USER_0704,MERCHANT_043,6312.21,2026-07-07 13:19:04.362924,DEVICE_0704_A,IP_0704_A,272,0,0,0
TXN_002305,USER_1097,MERCHANT_038,2680.29,2026-07-07 13:53:04.362924,DEVICE_1097_A,IP_1097_A,160,0,0,0
TXN_003455,USER_0515,MERCHANT_074,66.68,2026-07-07 14:11:04.362924,DEVICE_0515_A,IP_0515_A,1320,1,0,0
TXN_004558,USER_0985,MERCHANT_084,786.08,2026-07-07 14:15:04.362924,DEVICE_0985_A,IP_0985_A,930,1,0,0
TXN_004301,USER_0181,MERCHANT_148,436.69,2026-07-07 14:29:04.362924,DEVICE_0181_A,IP_0181_A,1352,0,0,0
TXN_003290,USER_0143,MERCHANT_019,483.43,2026-07-07 14:37:04.362924,DEVICE_0143_A,IP_0143_A,1040,0,0,0
TXN_001094,USER_0759,MERCHANT_093,623.84,2026-07-07 15:12:04.362924,DEVICE_0759_A,IP_0759_A,314,1,1,0
TXN_000825,USER_0511,MERCHANT_083,429.58,2026-07-07 15:25:04.362924,DEVICE_0511_A,IP_0511_A,735,0,0,0
TXN_004411,USER_0089,MERCHANT_009,1281.39,2026-07-07 15:31:04.362924,DEVICE_RING_C_01,IP_RING_C_01,31,2,3,1
TXN_001758,USER_1250,MERCHANT_076,1226.09,2026-07-07 15:57:04.362924,DEVICE_1250_A,IP_1250_A,986,1,0,0
TXN_004681,USER_0720,MERCHANT_088,504.44,2026-07-07 15:58:04.362924,DEVICE_0720_A,IP_0720_A,194,0,0,0
TXN_000922,USER_1358,MERCHANT_148,277.84,2026-07-07 16:05:04.362924,DEVICE_1358_A,IP_1358_A,290,0,0,0
TXN_003692,USER_0662,MERCHANT_043,1126.12,2026-07-07 16:14:04.362924,DEVICE_0662_A,IP_0662_A,110,2,0,0
TXN_005825,USER_0910,MERCHANT_040,383.47,2026-07-07 16:24:04.362924,DEVICE_0910_A,IP_0910_A,1497,0,0,0
TXN_000248,USER_1268,MERCHANT_071,367.58,2026-07-07 16:30:04.362924,DEVICE_1268_A,IP_1268_A,619,0,0,0
TXN_003065,USER_1209,MERCHANT_136,192.69,2026-07-07 16:47:04.362924,DEVICE_1209_A,IP_1209_A,1415,0,0,0
TXN_000139,USER_0840,MERCHANT_038,1104.41,2026-07-07 17:45:04.362924,DEVICE_0840_A,IP_0840_A,513,0,0,0
TXN_000626,USER_0574,MERCHANT_055,408.92,2026-07-07 17:48:04.362924,DEVICE_0574_A,IP_0574_A,1388,0,0,0
TXN_005156,USER_0271,MERCHANT_147,595.13,2026-07-07 19:59:04.362924,DEVICE_0271_A,IP_0271_A,297,0,1,0
TXN_005227,USER_1406,MERCHANT_010,434.98,2026-07-07 20:15:04.362924,DEVICE_1406_A,IP_1406_A,1383,0,0,0
TXN_005671,USER_0649,MERCHANT_045,3904.91,2026-07-07 20:30:04.362924,DEVICE_0649_A,IP_0649_A,845,0,0,0
TXN_001609,USER_0977,MERCHANT_064,764.51,2026-07-07 21:21:04.362924,DEVICE_0977_A,IP_0977_A,685,1,0,0
TXN_002526,USER_0091,MERCHANT_011,4051.06,2026-07-07 21:25:04.362924,DEVICE_RING_D_02,IP_RING_D_01,12,5,3,1
TXN_005805,USER_1249,MERCHANT_105,1450.72,2026-07-07 21:37:04.362924,DEVICE_1249_A,IP_1249_A,1484,0,1,0
TXN_003135,USER_0353,MERCHANT_019,618.89,2026-07-07 21:52:04.362924,DEVICE_0353_A,IP_0353_A,1001,0,0,0
TXN_005992,USER_1068,MERCHANT_055,755.0,2026-07-07 21:53:04.362924,DEVICE_1068_A,IP_1068_A,916,2,0,0
TXN_001072,USER_0075,MERCHANT_009,4028.25,2026-07-07 22:04:04.362924,DEVICE_RING_C_01,IP_RING_C_01,57,7,4,1
TXN_002704,USER_0182,MERCHANT_088,1292.99,2026-07-07 22:08:04.362924,DEVICE_0182_A,IP_0182_A,827,1,0,0
TXN_003239,USER_1272,MERCHANT_016,689.15,2026-07-07 22:14:04.362924,DEVICE_1272_A,IP_1272_A,217,0,0,0
TXN_001392,USER_0592,MERCHANT_150,360.92,2026-07-07 22:33:04.362924,DEVICE_0592_A,IP_0592_A,114,0,0,0
TXN_002120,USER_1277,MERCHANT_111,519.91,2026-07-07 22:40:04.362924,DEVICE_1277_A,IP_1277_A,880,2,0,0
TXN_001727,USER_0842,MERCHANT_139,401.4,2026-07-07 22:53:04.362924,DEVICE_0842_A,IP_0842_A,902,0,0,0
TXN_003252,USER_1270,MERCHANT_104,750.36,2026-07-07 23:02:04.362924,DEVICE_1270_A,IP_1270_A,484,0,0,0
TXN_000020,USER_1050,MERCHANT_070,208.03,2026-07-07 23:04:04.362924,DEVICE_1050_A,IP_1050_A,657,0,0,0
TXN_001176,USER_0982,MERCHANT_141,486.1,2026-07-07 23:10:04.362924,DEVICE_0982_A,IP_0982_A,699,0,0,0
TXN_003386,USER_1471,MERCHANT_055,393.06,2026-07-08 00:01:04.362924,DEVICE_1471_A,IP_1471_A,510,0,0,0
TXN_001828,USER_1473,MERCHANT_001,1728.71,2026-07-08 00:02:04.362924,DEVICE_1473_A,IP_1473_A,132,0,0,0
TXN_005589,USER_1215,MERCHANT_120,1460.51,2026-07-08 00:02:04.362924,DEVICE_1215_A,IP_1215_A,1442,0,0,0
TXN_005769,USER_1280,MERCHANT_103,699.76,2026-07-08 00:30:04.362924,DEVICE_1280_A,IP_1280_A,525,1,0,0
TXN_003501,USER_0333,MERCHANT_065,1454.49,2026-07-08 00:37:04.362924,DEVICE_0333_A,IP_0333_A,1452,0,0,0
TXN_004677,USER_1300,MERCHANT_008,1008.79,2026-07-08 00:47:04.362924,DEVICE_1300_A,IP_1300_A,592,2,0,0
TXN_001815,USER_0737,MERCHANT_086,490.55,2026-07-08 00:51:04.362924,DEVICE_0737_A,IP_0737_A,1090,1,1,0
TXN_001987,USER_1253,MERCHANT_017,1033.55,2026-07-08 01:01:04.362924,DEVICE_1253_A,IP_1253_A,1371,0,0,0
TXN_002430,USER_0960,MERCHANT_120,467.02,2026-07-08 01:26:04.362924,DEVICE_0960_A,IP_0960_A,975,0,0,0
TXN_005031,USER_0526,MERCHANT_110,237.42,2026-07-08 01:32:04.362924,DEVICE_0526_A,IP_0526_A,1026,2,0,0
TXN_003435,USER_0083,MERCHANT_007,24257.49,2026-07-08 01:40:04.362924,DEVICE_RING_C_01,IP_RING_C_02,5,6,4,1
TXN_005601,USER_1134,MERCHANT_088,521.01,2026-07-08 02:39:04.362924,DEVICE_1134_A,IP_1134_A,1193,0,0,0
TXN_000717,USER_0568,MERCHANT_147,653.67,2026-07-08 02:50:04.362924,DEVICE_0568_A,IP_0568_A,581,0,0,0
TXN_005618,USER_1100,MERCHANT_147,469.85,2026-07-08 02:56:04.362924,DEVICE_1100_A,IP_1100_A,679,0,0,0
TXN_001572,USER_0107,MERCHANT_011,713.2,2026-07-08 03:51:04.362924,DEVICE_RING_D_02,IP_RING_D_02,67,7,2,1
TXN_004089,USER_1163,MERCHANT_001,1410.35,2026-07-08 03:53:04.362924,DEVICE_1163_A,IP_1163_A,735,0,0,0
TXN_003394,USER_1441,MERCHANT_142,566.9,2026-07-08 04:20:04.362924,DEVICE_1441_A,IP_1441_A,485,1,0,0
TXN_004267,USER_1034,MERCHANT_004,746.28,2026-07-08 04:32:04.362924,DEVICE_1034_A,IP_1034_A,1027,0,0,0
TXN_001948,USER_0382,MERCHANT_103,586.98,2026-07-08 04:39:04.362924,DEVICE_0382_A,IP_0382_A,1457,0,0,0
TXN_003919,USER_0141,MERCHANT_082,1223.08,2026-07-08 05:13:04.362924,DEVICE_0141_A,IP_0141_A,222,0,0,0
TXN_005793,USER_0209,MERCHANT_104,749.96,2026-07-08 05:31:04.362924,DEVICE_0209_A,IP_0209_A,1070,0,0,0
TXN_000472,USER_0476,MERCHANT_046,106.75,2026-07-08 05:36:04.362924,DEVICE_0476_A,IP_0476_A,514,0,1,0
TXN_003546,USER_1253,MERCHANT_042,758.83,2026-07-08 06:39:04.362924,DEVICE_1253_A,IP_1253_A,885,1,0,0
TXN_001229,USER_0642,MERCHANT_150,1236.25,2026-07-08 07:02:04.362924,DEVICE_0642_A,IP_0642_A,197,1,0,0
TXN_003112,USER_1308,MERCHANT_063,485.21,2026-07-08 07:17:04.362924,DEVICE_1308_A,IP_1308_A,1320,0,0,0
TXN_004925,USER_1427,MERCHANT_103,839.22,2026-07-08 07:52:04.362924,DEVICE_1427_A,IP_1427_A,379,0,0,0
TXN_003890,USER_0541,MERCHANT_126,1134.72,2026-07-08 08:00:04.362924,DEVICE_0541_A,IP_0541_A,572,0,0,0
TXN_004620,USER_1447,MERCHANT_008,554.22,2026-07-08 08:10:04.362924,DEVICE_1447_A,IP_1447_A,242,0,0,0
TXN_000720,USER_0440,MERCHANT_028,574.91,2026-07-08 08:17:04.362924,DEVICE_0440_A,IP_0440_A,275,2,0,0
TXN_003694,USER_1043,MERCHANT_119,1326.04,2026-07-08 08:26:04.362924,DEVICE_1043_A,IP_1043_A,304,0,0,0
TXN_001444,USER_0783,MERCHANT_045,226.85,2026-07-08 09:29:04.362924,DEVICE_0783_A,IP_0783_A,60,0,0,0
TXN_005305,USER_0805,MERCHANT_109,494.7,2026-07-08 09:41:04.362924,DEVICE_0805_A,IP_0805_A,946,0,0,0
TXN_004180,USER_1420,MERCHANT_104,463.95,2026-07-08 10:02:04.362924,DEVICE_1420_A,IP_1420_A,567,2,0,0
TXN_004778,USER_0726,MERCHANT_096,1478.48,2026-07-08 10:58:04.362924,DEVICE_0726_A,IP_0726_A,1086,1,0,0
TXN_000577,USER_1017,MERCHANT_069,715.97,2026-07-08 11:33:04.362924,DEVICE_1017_A,IP_1017_A,220,0,0,0
TXN_004624,USER_0003,MERCHANT_002,5409.12,2026-07-08 11:34:04.362924,DEVICE_RING_A_02,IP_RING_A_01,52,3,5,1
TXN_000640,USER_1150,MERCHANT_028,227.15,2026-07-08 11:56:04.362924,DEVICE_1150_A,IP_1150_A,623,1,0,0
TXN_001363,USER_0079,MERCHANT_008,2817.56,2026-07-08 12:02:04.362924,DEVICE_RING_C_01,IP_RING_C_01,40,6,3,1
TXN_003415,USER_0499,MERCHANT_016,397.16,2026-07-08 12:03:04.362924,DEVICE_0499_A,IP_0499_A,1007,1,1,0
TXN_004678,USER_0059,MERCHANT_004,7554.35,2026-07-08 12:31:04.362924,DEVICE_RING_B_02,IP_RING_B_02,71,5,4,1
TXN_001333,USER_0096,MERCHANT_011,2019.5,2026-07-08 12:31:04.362924,DEVICE_RING_D_01,IP_RING_D_01,48,3,4,1
TXN_004308,USER_1385,MERCHANT_005,1038.88,2026-07-08 12:46:04.362924,DEVICE_1385_A,IP_1385_A,222,0,0,0
TXN_002329,USER_0241,MERCHANT_123,1010.89,2026-07-08 13:17:04.362924,DEVICE_0241_A,IP_0241_A,1380,1,1,0
TXN_005797,USER_0635,MERCHANT_136,6128.19,2026-07-08 13:18:04.362924,DEVICE_0635_A,IP_0635_A,860,0,0,0
TXN_004207,USER_1131,MERCHANT_091,869.12,2026-07-08 13:37:04.362924,DEVICE_1131_A,IP_1131_A,234,2,0,0
TXN_003219,USER_1051,MERCHANT_134,345.66,2026-07-08 13:42:04.362924,DEVICE_1051_A,IP_1051_A,1212,0,1,0
TXN_002280,USER_0072,MERCHANT_008,3970.46,2026-07-08 13:52:04.362924,DEVICE_RING_C_01,IP_RING_C_02,7,4,4,1
TXN_004937,USER_0736,MERCHANT_123,601.42,2026-07-08 13:56:04.362924,DEVICE_0736_A,IP_0736_A,569,0,1,0
TXN_003041,USER_1246,MERCHANT_084,948.22,2026-07-08 14:48:04.362924,DEVICE_1246_A,IP_1246_A,1135,0,0,0
TXN_003324,USER_0381,MERCHANT_027,728.08,2026-07-08 15:09:04.362924,DEVICE_0381_A,IP_0381_A,529,0,0,0
TXN_005256,USER_0017,MERCHANT_001,804.5,2026-07-08 15:16:04.362924,DEVICE_RING_A_02,IP_RING_A_01,44,3,4,1
TXN_001374,USER_0210,MERCHANT_008,178.89,2026-07-08 16:46:04.362924,DEVICE_0210_A,IP_0210_A,437,0,0,0
TXN_005913,USER_1439,MERCHANT_111,1540.93,2026-07-08 17:17:04.362924,DEVICE_1439_A,IP_1439_A,1197,0,0,0
TXN_004312,USER_1010,MERCHANT_079,162.01,2026-07-08 18:02:04.362924,DEVICE_1010_A,IP_1010_A,316,1,0,0
TXN_000024,USER_0488,MERCHANT_078,206.1,2026-07-08 18:53:04.362924,DEVICE_0488_A,IP_0488_A,58,1,0,0
TXN_000417,USER_0065,MERCHANT_008,11792.25,2026-07-08 19:21:04.362924,DEVICE_RING_C_02,IP_RING_C_02,70,7,2,1
TXN_003222,USER_0808,MERCHANT_131,1058.97,2026-07-08 19:36:04.362924,DEVICE_0808_A,IP_0808_A,673,2,0,0
TXN_002427,USER_1361,MERCHANT_017,921.47,2026-07-08 20:11:04.362924,DEVICE_1361_A,IP_1361_A,1195,0,1,0
TXN_003337,USER_0244,MERCHANT_078,215.41,2026-07-08 20:36:04.362924,DEVICE_0244_A,IP_0244_A,1220,0,0,0
TXN_004738,USER_0652,MERCHANT_094,615.5,2026-07-08 20:54:04.362924,DEVICE_0652_A,IP_0652_A,890,0,0,0
TXN_004819,USER_0710,MERCHANT_045,960.67,2026-07-08 21:16:04.362924,DEVICE_0710_A,IP_0710_A,612,0,0,0
TXN_002718,USER_0353,MERCHANT_025,1165.44,2026-07-08 22:29:04.362924,DEVICE_0353_A,IP_0353_A,571,1,0,0
TXN_004231,USER_1369,MERCHANT_094,184.71,2026-07-08 22:35:04.362924,DEVICE_1369_A,IP_1369_A,262,0,0,0
TXN_000870,USER_0295,MERCHANT_135,2709.67,2026-07-08 23:23:04.362924,DEVICE_0295_A,IP_0295_A,1478,0,0,0
TXN_001168,USER_1094,MERCHANT_095,915.86,2026-07-08 23:30:04.362924,DEVICE_1094_A,IP_1094_A,661,0,2,0
TXN_000195,USER_1171,MERCHANT_041,683.22,2026-07-09 00:11:04.362924,DEVICE_1171_A,IP_1171_A,93,0,0,0
TXN_001702,USER_0708,MERCHANT_103,865.94,2026-07-09 00:33:04.362924,DEVICE_0708_A,IP_0708_A,867,1,1,0
TXN_001550,USER_1235,MERCHANT_044,1505.88,2026-07-09 00:44:04.362924,DEVICE_1235_A,IP_1235_A,896,2,0,0
TXN_002375,USER_0812,MERCHANT_084,1387.11,2026-07-09 00:44:04.362924,DEVICE_0812_A,IP_0812_A,1392,0,0,0
TXN_005942,USER_1163,MERCHANT_100,1070.07,2026-07-09 01:20:04.362924,DEVICE_1163_A,IP_1163_A,1192,0,2,0
TXN_005400,USER_0216,MERCHANT_028,757.9,2026-07-09 01:59:04.362924,DEVICE_0216_A,IP_0216_A,208,0,0,0
TXN_001591,USER_0998,MERCHANT_047,268.49,2026-07-09 02:47:04.362924,DEVICE_0998_A,IP_0998_A,1128,1,0,0
TXN_004141,USER_0003,MERCHANT_003,4642.15,2026-07-09 04:15:04.362924,DEVICE_RING_A_02,IP_RING_A_01,1,2,4,1
TXN_001671,USER_0410,MERCHANT_021,501.56,2026-07-09 04:25:04.362924,DEVICE_0410_A,IP_0410_A,531,0,0,0
TXN_005318,USER_0866,MERCHANT_144,508.53,2026-07-09 04:31:04.362924,DEVICE_0866_A,IP_0866_A,1342,0,1,0
TXN_002328,USER_0410,MERCHANT_062,448.81,2026-07-09 05:24:04.362924,DEVICE_0410_A,IP_0410_A,1035,0,0,0
TXN_000370,USER_0788,MERCHANT_051,336.02,2026-07-09 05:37:04.362924,DEVICE_0788_A,IP_0788_A,967,0,0,0
TXN_002953,USER_0173,MERCHANT_126,851.44,2026-07-09 05:38:04.362924,DEVICE_0173_A,IP_0173_A,1092,0,0,0
TXN_004553,USER_0104,MERCHANT_010,5984.15,2026-07-09 05:39:04.362924,DEVICE_RING_D_02,IP_RING_D_01,73,6,4,1
TXN_000197,USER_0862,MERCHANT_099,309.21,2026-07-09 06:47:04.362924,DEVICE_0862_A,IP_0862_A,1191,0,0,0
TXN_004896,USER_0277,MERCHANT_130,595.59,2026-07-09 07:05:04.362924,DEVICE_0277_A,IP_0277_A,1410,0,0,0
TXN_005014,USER_0884,MERCHANT_090,502.03,2026-07-09 07:38:04.362924,DEVICE_0884_A,IP_0884_A,1161,0,0,0
TXN_005079,USER_0686,MERCHANT_132,771.05,2026-07-09 07:54:04.362924,DEVICE_0686_A,IP_0686_A,51,0,1,0
TXN_004422,USER_0174,MERCHANT_067,265.71,2026-07-09 08:09:04.362924,DEVICE_0174_A,IP_0174_A,813,1,0,0
TXN_002619,USER_0732,MERCHANT_030,845.47,2026-07-09 09:21:04.362924,DEVICE_0732_A,IP_0732_A,1267,1,0,0
TXN_005680,USER_1468,MERCHANT_015,412.8,2026-07-09 09:40:04.362924,DEVICE_1468_A,IP_1468_A,1219,0,0,0
TXN_004837,USER_1371,MERCHANT_112,422.23,2026-07-09 10:18:04.362924,DEVICE_1371_A,IP_1371_A,1208,0,0,0
TXN_002490,USER_0051,MERCHANT_006,366.64,2026-07-09 10:33:04.362924,DEVICE_RING_B_01,IP_RING_B_02,48,2,3,1
TXN_004286,USER_1476,MERCHANT_078,698.79,2026-07-09 11:04:04.362924,DEVICE_1476_A,IP_1476_A,1345,0,1,0
TXN_003052,USER_0987,MERCHANT_079,352.43,2026-07-09 11:40:04.362924,DEVICE_0987_A,IP_0987_A,1305,0,0,0
TXN_002096,USER_0637,MERCHANT_109,566.86,2026-07-09 13:16:04.362924,DEVICE_0637_A,IP_0637_A,721,0,0,0
TXN_001289,USER_1198,MERCHANT_104,262.28,2026-07-09 13:16:04.362924,DEVICE_1198_A,IP_1198_A,1234,0,0,0
TXN_003752,USER_0651,MERCHANT_085,767.98,2026-07-09 13:27:04.362924,DEVICE_0651_A,IP_0651_A,1056,0,0,0
TXN_005858,USER_0896,MERCHANT_041,406.82,2026-07-09 13:53:04.362924,DEVICE_0896_A,IP_0896_A,1049,1,1,0
TXN_001294,USER_1291,MERCHANT_075,1125.29,2026-07-09 13:54:04.362924,DEVICE_1291_A,IP_1291_A,112,0,0,0
TXN_005457,USER_0784,MERCHANT_088,374.44,2026-07-09 14:11:04.362924,DEVICE_0784_A,IP_0784_A,1219,0,0,0
TXN_001800,USER_0002,MERCHANT_001,2553.85,2026-07-09 14:19:04.362924,DEVICE_RING_A_02,IP_RING_A_02,38,3,4,1
TXN_001953,USER_1450,MERCHANT_117,304.18,2026-07-09 14:32:04.362924,DEVICE_1450_A,IP_1450_A,806,0,0,0
TXN_000695,USER_0099,MERCHANT_012,4523.98,2026-07-09 15:16:04.362924,DEVICE_RING_D_02,IP_RING_D_02,51,7,2,1
TXN_003650,USER_0767,MERCHANT_038,434.23,2026-07-09 15:41:04.362924,DEVICE_0767_A,IP_0767_A,1177,1,1,0
TXN_003860,USER_0602,MERCHANT_067,518.21,2026-07-09 15:56:04.362924,DEVICE_0602_A,IP_0602_A,42,0,0,0
TXN_003354,USER_1276,MERCHANT_121,635.74,2026-07-09 16:22:04.362924,DEVICE_1276_A,IP_1276_A,584,0,1,0
TXN_004361,USER_0447,MERCHANT_074,755.58,2026-07-09 16:42:04.362924,DEVICE_0447_A,IP_0447_A,934,1,1,0
TXN_000502,USER_0902,MERCHANT_095,2512.4,2026-07-09 17:02:04.362924,DEVICE_0902_A,IP_0902_A,412,0,0,0
TXN_000722,USER_1392,MERCHANT_081,166.38,2026-07-09 17:25:04.362924,DEVICE_1392_A,IP_1392_A,1038,1,1,0
TXN_000166,USER_1256,MERCHANT_027,817.72,2026-07-09 17:27:04.362924,DEVICE_1256_A,IP_1256_A,1486,1,1,0
TXN_004178,USER_1286,MERCHANT_001,755.34,2026-07-09 17:32:04.362924,DEVICE_1286_A,IP_1286_A,910,1,0,0
TXN_000778,USER_0304,MERCHANT_064,498.34,2026-07-09 17:51:04.362924,DEVICE_0304_A,IP_0304_A,352,0,0,0
TXN_000768,USER_0113,MERCHANT_010,14688.89,2026-07-09 17:51:04.362924,DEVICE_RING_D_01,IP_RING_D_02,19,2,3,1
TXN_005888,USER_0400,MERCHANT_102,320.95,2026-07-09 17:54:04.362924,DEVICE_0400_A,IP_0400_A,292,0,0,0
TXN_002624,USER_0540,MERCHANT_119,1728.09,2026-07-09 18:14:04.362924,DEVICE_0540_A,IP_0540_A,297,0,0,0
TXN_003402,USER_1464,MERCHANT_013,919.89,2026-07-09 18:17:04.362924,DEVICE_1464_A,IP_1464_A,827,0,1,0
TXN_000548,USER_0654,MERCHANT_150,515.25,2026-07-09 18:29:04.362924,DEVICE_0654_A,IP_0654_A,632,0,0,0
TXN_002343,USER_0944,MERCHANT_012,867.78,2026-07-09 18:42:04.362924,DEVICE_0944_A,IP_0944_A,349,0,0,0
TXN_002548,USER_0243,MERCHANT_131,392.82,2026-07-09 18:52:04.362924,DEVICE_0243_A,IP_0243_A,54,0,0,0
TXN_000459,USER_0019,MERCHANT_001,1437.12,2026-07-09 19:42:04.362924,DEVICE_RING_A_02,IP_RING_A_01,9,3,4,1
TXN_002062,USER_1275,MERCHANT_097,541.26,2026-07-09 19:47:04.362924,DEVICE_1275_A,IP_1275_A,1378,0,0,0
TXN_005761,USER_0167,MERCHANT_061,613.39,2026-07-09 19:49:04.362924,DEVICE_0167_A,IP_0167_A,367,0,0,0
TXN_001905,USER_0411,MERCHANT_010,553.61,2026-07-09 20:01:04.362924,DEVICE_0411_A,IP_0411_A,511,0,0,0
TXN_005396,USER_0448,MERCHANT_063,1095.86,2026-07-09 20:13:04.362924,DEVICE_0448_A,IP_0448_A,1456,0,0,0
TXN_002709,USER_1449,MERCHANT_087,460.99,2026-07-09 20:21:04.362924,DEVICE_1449_A,IP_1449_A,881,1,0,0
TXN_004288,USER_0262,MERCHANT_141,689.66,2026-07-09 21:01:04.362924,DEVICE_0262_A,IP_0262_A,740,0,0,0
TXN_000150,USER_0700,MERCHANT_100,749.7,2026-07-09 21:02:04.362924,DEVICE_0700_A,IP_0700_A,867,1,0,0
TXN_000557,USER_0029,MERCHANT_001,1535.24,2026-07-09 21:35:04.362924,DEVICE_RING_A_02,IP_RING_A_01,87,2,2,1
TXN_003701,USER_0281,MERCHANT_127,1333.83,2026-07-09 21:47:04.362924,DEVICE_0281_A,IP_0281_A,641,1,0,0
TXN_002503,USER_1469,MERCHANT_096,467.99,2026-07-09 21:56:04.362924,DEVICE_1469_A,IP_1469_A,1158,0,0,0
TXN_001582,USER_0352,MERCHANT_087,1419.99,2026-07-09 21:59:04.362924,DEVICE_0352_A,IP_0352_A,1420,0,0,0
TXN_003675,USER_0375,MERCHANT_010,571.58,2026-07-09 22:01:04.362924,DEVICE_0375_A,IP_0375_A,416,0,0,0
TXN_002514,USER_1244,MERCHANT_102,495.57,2026-07-09 22:04:04.362924,DEVICE_1244_A,IP_1244_A,1101,0,0,0
TXN_003891,USER_0168,MERCHANT_116,1008.86,2026-07-09 22:45:04.362924,DEVICE_0168_A,IP_0168_A,31,0,0,0
TXN_001704,USER_0291,MERCHANT_106,1379.13,2026-07-09 22:51:04.362924,DEVICE_0291_A,IP_0291_A,1066,0,1,0
TXN_005388,USER_0691,MERCHANT_065,192.97,2026-07-09 23:08:04.362924,DEVICE_0691_A,IP_0691_A,161,2,0,0
TXN_001781,USER_1386,MERCHANT_027,208.97,2026-07-09 23:20:04.362924,DEVICE_1386_A,IP_1386_A,89,0,1,0
TXN_004996,USER_0879,MERCHANT_018,578.37,2026-07-10 00:57:04.362924,DEVICE_0879_A,IP_0879_A,343,0,0,0
TXN_001439,USER_0609,MERCHANT_052,867.11,2026-07-10 00:57:04.362924,DEVICE_0609_A,IP_0609_A,217,0,0,0
TXN_001930,USER_1084,MERCHANT_076,2606.31,2026-07-10 01:06:04.362924,DEVICE_1084_A,IP_1084_A,1303,0,0,0
TXN_004883,USER_0155,MERCHANT_135,316.6,2026-07-10 01:34:04.362924,DEVICE_0155_A,IP_0155_A,1344,0,0,0
TXN_004557,USER_0509,MERCHANT_066,282.23,2026-07-10 01:34:04.362924,DEVICE_0509_A,IP_0509_A,760,0,0,0
TXN_000691,USER_1461,MERCHANT_053,457.7,2026-07-10 01:47:04.362924,DEVICE_1461_A,IP_1461_A,1438,1,0,0
TXN_003141,USER_0682,MERCHANT_143,1132.3,2026-07-10 01:49:04.362924,DEVICE_0682_A,IP_0682_A,1286,0,0,0
TXN_003666,USER_0611,MERCHANT_150,233.58,2026-07-10 02:59:04.362924,DEVICE_0611_A,IP_0611_A,1028,0,0,0
TXN_001495,USER_1355,MERCHANT_134,1907.43,2026-07-10 03:11:04.362924,DEVICE_1355_A,IP_1355_A,574,2,0,0
TXN_005416,USER_0245,MERCHANT_002,972.99,2026-07-10 03:49:04.362924,DEVICE_0245_A,IP_0245_A,1082,0,0,0
TXN_004888,USER_0010,MERCHANT_002,12501.03,2026-07-10 04:07:04.362924,DEVICE_RING_A_02,IP_RING_A_02,32,3,5,1
TXN_000668,USER_1459,MERCHANT_097,1853.67,2026-07-10 05:21:04.362924,DEVICE_1459_A,IP_1459_A,778,0,1,0
TXN_004489,USER_0075,MERCHANT_008,6034.16,2026-07-10 05:45:04.362924,DEVICE_RING_C_02,IP_RING_C_01,2,8,1,1
TXN_002656,USER_0004,MERCHANT_003,5875.65,2026-07-10 05:46:04.362924,DEVICE_RING_A_01,IP_RING_A_01,2,3,5,1
TXN_003505,USER_0777,MERCHANT_067,411.82,2026-07-10 05:50:04.362924,DEVICE_0777_A,IP_0777_A,1240,1,0,0
TXN_004050,USER_0049,MERCHANT_005,3704.68,2026-07-10 06:00:04.362924,DEVICE_RING_B_01,IP_RING_B_01,71,7,4,1
TXN_000712,USER_1274,MERCHANT_124,558.02,2026-07-10 06:16:04.362924,DEVICE_1274_A,IP_1274_A,528,1,2,0
TXN_004758,USER_0418,MERCHANT_149,1568.12,2026-07-10 06:21:04.362924,DEVICE_0418_A,IP_0418_A,222,0,0,0
TXN_001299,USER_1094,MERCHANT_034,733.24,2026-07-10 06:46:04.362924,DEVICE_1094_A,IP_1094_A,313,0,0,0
TXN_001183,USER_1289,MERCHANT_058,1194.72,2026-07-10 06:48:04.362924,DEVICE_1289_A,IP_1289_A,72,2,1,0
TXN_001669,USER_0174,MERCHANT_109,1127.09,2026-07-10 07:06:04.362924,DEVICE_0174_A,IP_0174_A,791,0,0,0
TXN_005908,USER_0406,MERCHANT_042,68.19,2026-07-10 07:28:04.362924,DEVICE_0406_A,IP_0406_A,1155,1,0,0
TXN_000782,USER_0854,MERCHANT_035,220.39,2026-07-10 07:46:04.362924,DEVICE_0854_A,IP_0854_A,543,1,0,0
TXN_004345,USER_0051,MERCHANT_006,1300.04,2026-07-10 07:48:04.362924,DEVICE_RING_B_01,IP_RING_B_01,79,8,1,1
TXN_005492,USER_0746,MERCHANT_121,1290.97,2026-07-10 08:17:04.362924,DEVICE_0746_A,IP_0746_A,1212,1,0,0
TXN_001747,USER_0082,MERCHANT_007,6629.23,2026-07-10 08:31:04.362924,DEVICE_RING_C_01,IP_RING_C_02,19,7,1,1
TXN_001381,USER_0887,MERCHANT_082,997.62,2026-07-10 08:42:04.362924,DEVICE_0887_A,IP_0887_A,1257,0,0,0
TXN_002879,USER_0826,MERCHANT_105,747.01,2026-07-10 08:56:04.362924,DEVICE_0826_A,IP_0826_A,1320,0,1,0
TXN_004174,USER_0011,MERCHANT_003,951.27,2026-07-10 09:16:04.362924,DEVICE_RING_A_02,IP_RING_A_01,65,8,3,1
TXN_005572,USER_0180,MERCHANT_063,402.27,2026-07-10 09:51:04.362924,DEVICE_0180_A,IP_0180_A,336,0,2,0
TXN_001560,USER_0020,MERCHANT_002,1906.31,2026-07-10 10:20:04.362924,DEVICE_RING_A_01,IP_RING_A_01,16,6,1,1
TXN_005667,USER_0261,MERCHANT_019,1009.66,2026-07-10 11:00:04.362924,DEVICE_0261_A,IP_0261_A,878,0,0,0
TXN_004314,USER_0567,MERCHANT_018,799.92,2026-07-10 11:48:04.362924,DEVICE_0567_A,IP_0567_A,1192,0,0,0
TXN_000249,USER_0929,MERCHANT_089,2255.26,2026-07-10 11:59:04.362924,DEVICE_0929_A,IP_0929_A,329,0,0,0
TXN_005586,USER_1367,MERCHANT_003,348.61,2026-07-10 12:54:04.362924,DEVICE_1367_A,IP_1367_A,638,2,0,0
TXN_003220,USER_0151,MERCHANT_078,1030.75,2026-07-10 12:57:04.362924,DEVICE_0151_A,IP_0151_A,191,0,0,0
TXN_001713,USER_0248,MERCHANT_093,117.62,2026-07-10 13:16:04.362924,DEVICE_0248_A,IP_0248_A,910,2,0,0
TXN_001974,USER_0051,MERCHANT_006,3037.48,2026-07-10 13:17:04.362924,DEVICE_RING_B_02,IP_RING_B_02,85,3,3,1
TXN_005270,USER_1413,MERCHANT_032,1032.8,2026-07-10 14:04:04.362924,DEVICE_1413_A,IP_1413_A,569,1,0,0
TXN_005939,USER_1066,MERCHANT_060,1525.92,2026-07-10 14:36:04.362924,DEVICE_1066_A,IP_1066_A,822,0,2,0
TXN_004535,USER_0167,MERCHANT_131,1047.09,2026-07-10 14:53:04.362924,DEVICE_0167_A,IP_0167_A,370,2,0,0
TXN_004818,USER_1014,MERCHANT_066,311.41,2026-07-10 15:23:04.362924,DEVICE_1014_A,IP_1014_A,106,0,0,0
TXN_004747,USER_0481,MERCHANT_127,665.75,2026-07-10 15:24:04.362924,DEVICE_0481_A,IP_0481_A,898,0,0,0
TXN_003360,USER_0934,MERCHANT_078,287.76,2026-07-10 15:28:04.362924,DEVICE_0934_A,IP_0934_A,944,0,1,0
TXN_000075,USER_1292,MERCHANT_092,84.11,2026-07-10 15:38:04.362924,DEVICE_1292_A,IP_1292_A,1207,0,0,0
TXN_004604,USER_1346,MERCHANT_052,1604.71,2026-07-10 15:41:04.362924,DEVICE_1346_A,IP_1346_A,56,0,0,0
TXN_003458,USER_0252,MERCHANT_038,452.46,2026-07-10 15:56:04.362924,DEVICE_0252_A,IP_0252_A,1281,0,0,0
TXN_000939,USER_0108,MERCHANT_011,3190.22,2026-07-10 16:04:04.362924,DEVICE_RING_D_01,IP_RING_D_01,18,3,5,1
TXN_005709,USER_1451,MERCHANT_021,335.91,2026-07-10 16:38:04.362924,DEVICE_1451_A,IP_1451_A,241,2,1,0
TXN_005892,USER_0747,MERCHANT_091,1026.13,2026-07-10 16:55:04.362924,DEVICE_0747_A,IP_0747_A,1479,0,0,0
TXN_004096,USER_0927,MERCHANT_042,276.71,2026-07-10 18:22:04.362924,DEVICE_0927_A,IP_0927_A,111,0,0,0
TXN_005953,USER_0532,MERCHANT_039,350.55,2026-07-10 18:30:04.362924,DEVICE_0532_A,IP_0532_A,1033,0,0,0
TXN_002285,USER_0535,MERCHANT_068,423.53,2026-07-10 18:32:04.362924,DEVICE_0535_A,IP_0535_A,1478,0,0,0
TXN_000409,USER_0393,MERCHANT_037,656.65,2026-07-10 18:36:04.362924,DEVICE_0393_A,IP_0393_A,170,0,0,0
TXN_004820,USER_0048,MERCHANT_004,1890.39,2026-07-10 20:46:04.362924,DEVICE_RING_B_02,IP_RING_B_02,58,4,2,1
TXN_002525,USER_1224,MERCHANT_026,1197.85,2026-07-10 20:51:04.362924,DEVICE_1224_A,IP_1224_A,895,0,0,0
TXN_002088,USER_1052,MERCHANT_003,537.05,2026-07-10 21:22:04.362924,DEVICE_1052_A,IP_1052_A,1025,0,0,0
TXN_004204,USER_0941,MERCHANT_034,289.92,2026-07-10 21:48:04.362924,DEVICE_0941_A,IP_0941_A,45,0,0,0
TXN_000701,USER_0941,MERCHANT_134,405.41,2026-07-10 22:06:04.362924,DEVICE_0941_A,IP_0941_A,616,1,0,0
TXN_000940,USER_0858,MERCHANT_107,393.02,2026-07-10 22:41:04.362924,DEVICE_0858_A,IP_0858_A,345,0,1,0
TXN_001660,USER_0843,MERCHANT_082,1410.7,2026-07-10 23:37:04.362924,DEVICE_0843_A,IP_0843_A,1042,0,0,0
TXN_005093,USER_1265,MERCHANT_067,211.23,2026-07-10 23:58:04.362924,DEVICE_1265_A,IP_1265_A,266,1,0,0
TXN_003341,USER_0396,MERCHANT_112,1018.91,2026-07-11 00:19:04.362924,DEVICE_0396_A,IP_0396_A,270,0,2,0
TXN_000682,USER_0391,MERCHANT_028,257.27,2026-07-11 00:35:04.362924,DEVICE_0391_A,IP_0391_A,63,0,1,0
TXN_003558,USER_0315,MERCHANT_012,658.02,2026-07-11 00:58:04.362924,DEVICE_0315_A,IP_0315_A,895,1,0,0
TXN_003196,USER_1065,MERCHANT_112,146.48,2026-07-11 01:37:04.362924,DEVICE_1065_A,IP_1065_A,807,0,1,0
TXN_000170,USER_0288,MERCHANT_096,340.91,2026-07-11 02:07:04.362924,DEVICE_0288_A,IP_0288_A,489,0,1,0
TXN_000152,USER_0702,MERCHANT_065,778.03,2026-07-11 02:59:04.362924,DEVICE_0702_A,IP_0702_A,1374,2,0,0
TXN_005855,USER_0401,MERCHANT_139,212.88,2026-07-11 03:49:04.362924,DEVICE_0401_A,IP_0401_A,847,0,0,0
TXN_005068,USER_0730,MERCHANT_085,2003.42,2026-07-11 04:12:04.362924,DEVICE_0730_A,IP_0730_A,850,0,0,0
TXN_002536,USER_1460,MERCHANT_046,480.88,2026-07-11 04:36:04.362924,DEVICE_1460_A,IP_1460_A,801,0,0,0
TXN_005854,USER_0386,MERCHANT_115,288.01,2026-07-11 04:51:04.362924,DEVICE_0386_A,IP_0386_A,824,0,0,0
TXN_000854,USER_1127,MERCHANT_122,1463.66,2026-07-11 04:57:04.362924,DEVICE_1127_A,IP_1127_A,311,0,0,0
TXN_000789,USER_0509,MERCHANT_135,569.24,2026-07-11 05:01:04.362924,DEVICE_0509_A,IP_0509_A,1429,0,0,0
TXN_005236,USER_1105,MERCHANT_068,2830.19,2026-07-11 05:06:04.362924,DEVICE_1105_A,IP_1105_A,1185,0,0,0
TXN_004634,USER_0796,MERCHANT_124,1124.68,2026-07-11 05:06:04.362924,DEVICE_0796_A,IP_0796_A,1159,0,0,0
TXN_000617,USER_0116,MERCHANT_010,2789.01,2026-07-11 05:09:04.362924,DEVICE_RING_D_02,IP_RING_D_01,33,3,5,1
TXN_002522,USER_0888,MERCHANT_054,5630.05,2026-07-11 05:34:04.362924,DEVICE_0888_A,IP_0888_A,652,0,0,0
TXN_002592,USER_0110,MERCHANT_010,1582.47,2026-07-11 05:54:04.362924,DEVICE_RING_D_01,IP_RING_D_02,10,6,4,1
TXN_005440,USER_1316,MERCHANT_041,573.58,2026-07-11 05:55:04.362924,DEVICE_1316_A,IP_1316_A,334,0,0,0
TXN_000543,USER_0019,MERCHANT_003,4246.5,2026-07-11 06:43:04.362924,DEVICE_RING_A_01,IP_RING_A_02,29,7,5,1
TXN_002406,USER_0194,MERCHANT_070,1639.71,2026-07-11 06:59:04.362924,DEVICE_0194_A,IP_0194_A,1457,0,0,0
TXN_002371,USER_0089,MERCHANT_009,2139.12,2026-07-11 07:07:04.362924,DEVICE_RING_C_01,IP_RING_C_02,3,5,3,1
TXN_003748,USER_0622,MERCHANT_011,685.94,2026-07-11 07:14:04.362924,DEVICE_0622_A,IP_0622_A,133,0,0,0
TXN_000835,USER_1473,MERCHANT_070,584.59,2026-07-11 07:32:04.362924,DEVICE_1473_A,IP_1473_A,1387,1,0,0
TXN_005826,USER_0939,MERCHANT_028,170.9,2026-07-11 07:34:04.362924,DEVICE_0939_A,IP_0939_A,169,0,1,0
TXN_004291,USER_0482,MERCHANT_032,878.65,2026-07-11 07:49:04.362924,DEVICE_0482_A,IP_0482_A,737,1,0,0
TXN_002327,USER_1038,MERCHANT_030,264.58,2026-07-11 07:58:04.362924,DEVICE_1038_A,IP_1038_A,1399,0,0,0
TXN_002692,USER_1269,MERCHANT_085,499.63,2026-07-11 08:22:04.362924,DEVICE_1269_A,IP_1269_A,392,0,0,0
TXN_001445,USER_0556,MERCHANT_118,809.73,2026-07-11 08:43:04.362924,DEVICE_0556_A,IP_0556_A,480,0,1,0
TXN_005327,USER_0230,MERCHANT_002,406.92,2026-07-11 09:15:04.362924,DEVICE_0230_A,IP_0230_A,128,0,0,0
TXN_004387,USER_0341,MERCHANT_044,358.6,2026-07-11 09:41:04.362924,DEVICE_0341_A,IP_0341_A,746,1,0,0
TXN_003206,USER_0985,MERCHANT_069,361.11,2026-07-11 10:21:04.362924,DEVICE_0985_A,IP_0985_A,218,0,1,0
TXN_001277,USER_0379,MERCHANT_134,3416.69,2026-07-11 10:29:04.362924,DEVICE_0379_A,IP_0379_A,1137,0,0,0
TXN_001252,USER_0117,MERCHANT_010,5753.57,2026-07-11 11:18:04.362924,DEVICE_RING_D_02,IP_RING_D_02,80,3,3,1
TXN_004115,USER_0271,MERCHANT_147,2036.85,2026-07-11 11:22:04.362924,DEVICE_0271_A,IP_0271_A,724,1,0,0
TXN_004417,USER_1359,MERCHANT_073,730.32,2026-07-11 11:26:04.362924,DEVICE_1359_A,IP_1359_A,1067,0,1,0
TXN_001409,USER_0251,MERCHANT_137,471.03,2026-07-11 11:53:04.362924,DEVICE_0251_A,IP_0251_A,821,0,0,0
TXN_002259,USER_1332,MERCHANT_050,85.1,2026-07-11 12:41:04.362924,DEVICE_1332_A,IP_1332_A,539,1,0,0
TXN_001422,USER_1376,MERCHANT_045,1341.19,2026-07-11 12:52:04.362924,DEVICE_1376_A,IP_1376_A,880,0,1,0
TXN_001982,USER_1026,MERCHANT_109,213.2,2026-07-11 13:30:04.362924,DEVICE_1026_A,IP_1026_A,846,0,0,0
TXN_005779,USER_0131,MERCHANT_025,613.28,2026-07-11 13:38:04.362924,DEVICE_0131_A,IP_0131_A,1218,0,0,0
TXN_000415,USER_0081,MERCHANT_008,3485.48,2026-07-11 14:19:04.362924,DEVICE_RING_C_01,IP_RING_C_01,50,2,2,1
TXN_002840,USER_0874,MERCHANT_089,532.53,2026-07-11 14:20:04.362924,DEVICE_0874_A,IP_0874_A,304,1,0,0
TXN_004025,USER_0392,MERCHANT_004,360.66,2026-07-11 14:40:04.362924,DEVICE_0392_A,IP_0392_A,1171,0,0,0
TXN_003782,USER_0977,MERCHANT_100,469.61,2026-07-11 14:50:04.362924,DEVICE_0977_A,IP_0977_A,749,2,0,0
TXN_001976,USER_1345,MERCHANT_092,448.34,2026-07-11 15:19:04.362924,DEVICE_1345_A,IP_1345_A,1142,0,0,0
TXN_002479,USER_0021,MERCHANT_001,655.53,2026-07-11 16:15:04.362924,DEVICE_RING_A_02,IP_RING_A_02,58,6,5,1
TXN_003207,USER_0880,MERCHANT_077,336.11,2026-07-11 17:01:04.362924,DEVICE_0880_A,IP_0880_A,207,1,0,0
TXN_000226,USER_1156,MERCHANT_118,1357.83,2026-07-11 17:35:04.362924,DEVICE_1156_A,IP_1156_A,523,0,0,0
TXN_004121,USER_0605,MERCHANT_011,380.39,2026-07-11 17:51:04.362924,DEVICE_0605_A,IP_0605_A,841,0,0,0
TXN_003859,USER_1332,MERCHANT_060,348.6,2026-07-11 17:53:04.362924,DEVICE_1332_A,IP_1332_A,391,0,0,0
TXN_004276,USER_1214,MERCHANT_020,556.11,2026-07-11 18:14:04.362924,DEVICE_1214_A,IP_1214_A,106,0,0,0
TXN_001640,USER_1365,MERCHANT_049,269.42,2026-07-11 19:40:04.362924,DEVICE_1365_A,IP_1365_A,172,0,0,0
TXN_001594,USER_0983,MERCHANT_085,1181.9,2026-07-11 20:25:04.362924,DEVICE_0983_A,IP_0983_A,94,0,0,0
TXN_001473,USER_0885,MERCHANT_099,542.62,2026-07-11 20:39:04.362924,DEVICE_0885_A,IP_0885_A,1032,0,2,0
TXN_001520,USER_0139,MERCHANT_138,2410.28,2026-07-11 22:06:04.362924,DEVICE_0139_A,IP_0139_A,973,0,1,0
TXN_004530,USER_0524,MERCHANT_105,396.9,2026-07-11 22:21:04.362924,DEVICE_0524_A,IP_0524_A,1320,0,0,0
TXN_004739,USER_0825,MERCHANT_087,215.54,2026-07-11 22:21:04.362924,DEVICE_0825_A,IP_0825_A,827,1,0,0
TXN_005516,USER_1295,MERCHANT_115,192.04,2026-07-11 22:27:04.362924,DEVICE_1295_A,IP_1295_A,806,0,0,0
TXN_002123,USER_0568,MERCHANT_055,591.4,2026-07-11 23:03:04.362924,DEVICE_0568_A,IP_0568_A,256,0,0,0
TXN_000137,USER_0756,MERCHANT_087,333.45,2026-07-11 23:05:04.362924,DEVICE_0756_A,IP_0756_A,483,0,0,0
TXN_005386,USER_0034,MERCHANT_006,2558.67,2026-07-12 00:28:04.362924,DEVICE_RING_B_02,IP_RING_B_02,50,8,5,1
TXN_003464,USER_0915,MERCHANT_057,1292.82,2026-07-12 00:48:04.362924,DEVICE_0915_A,IP_0915_A,203,0,1,0
TXN_005292,USER_0615,MERCHANT_023,845.09,2026-07-12 00:52:04.362924,DEVICE_0615_A,IP_0615_A,1433,1,0,0
TXN_000006,USER_0527,MERCHANT_020,503.37,2026-07-12 01:02:04.362924,DEVICE_0527_A,IP_0527_A,1242,0,0,0
TXN_001430,USER_0198,MERCHANT_003,487.51,2026-07-12 01:04:04.362924,DEVICE_0198_A,IP_0198_A,543,0,1,0
TXN_000332,USER_0789,MERCHANT_008,306.12,2026-07-12 01:08:04.362924,DEVICE_0789_A,IP_0789_A,1328,0,2,0
TXN_005884,USER_1089,MERCHANT_112,194.72,2026-07-12 01:09:04.362924,DEVICE_1089_A,IP_1089_A,807,1,0,0
TXN_005132,USER_0177,MERCHANT_047,1129.82,2026-07-12 01:32:04.362924,DEVICE_0177_A,IP_0177_A,116,0,0,0
TXN_000320,USER_0282,MERCHANT_096,544.2,2026-07-12 01:34:04.362924,DEVICE_0282_A,IP_0282_A,861,0,0,0
TXN_001799,USER_1149,MERCHANT_111,1344.71,2026-07-12 01:38:04.362924,DEVICE_1149_A,IP_1149_A,1070,0,0,0
TXN_003512,USER_0111,MERCHANT_012,1040.31,2026-07-12 02:21:04.362924,DEVICE_RING_D_01,IP_RING_D_01,41,5,2,1
TXN_000694,USER_0538,MERCHANT_106,952.3,2026-07-12 02:47:04.362924,DEVICE_0538_A,IP_0538_A,1160,1,0,0
TXN_003768,USER_0355,MERCHANT_009,1594.89,2026-07-12 03:03:04.362924,DEVICE_0355_A,IP_0355_A,154,0,0,0
TXN_001481,USER_1321,MERCHANT_021,1031.44,2026-07-12 03:14:04.362924,DEVICE_1321_A,IP_1321_A,1091,1,1,0
TXN_005029,USER_0440,MERCHANT_029,1576.54,2026-07-12 03:41:04.362924,DEVICE_0440_A,IP_0440_A,777,0,0,0
TXN_001979,USER_0383,MERCHANT_124,336.05,2026-07-12 04:10:04.362924,DEVICE_0383_A,IP_0383_A,1031,0,0,0
TXN_003824,USER_1485,MERCHANT_121,688.01,2026-07-12 04:52:04.362924,DEVICE_1485_A,IP_1485_A,70,0,0,0
TXN_005749,USER_1420,MERCHANT_022,592.0,2026-07-12 05:20:04.362924,DEVICE_1420_A,IP_1420_A,291,0,0,0
TXN_002109,USER_0492,MERCHANT_073,468.94,2026-07-12 05:26:04.362924,DEVICE_0492_A,IP_0492_A,588,0,0,0
TXN_004579,USER_0115,MERCHANT_011,1418.92,2026-07-12 05:38:04.362924,DEVICE_RING_D_02,IP_RING_D_02,6,6,5,1
TXN_003359,USER_1341,MERCHANT_037,846.03,2026-07-12 06:22:04.362924,DEVICE_1341_A,IP_1341_A,691,1,0,0
TXN_003565,USER_1214,MERCHANT_099,1231.17,2026-07-12 06:42:04.362924,DEVICE_1214_A,IP_1214_A,379,0,0,0
TXN_004109,USER_0614,MERCHANT_048,516.29,2026-07-12 06:54:04.362924,DEVICE_0614_A,IP_0614_A,1377,0,0,0
TXN_003515,USER_0836,MERCHANT_139,831.31,2026-07-12 06:57:04.362924,DEVICE_0836_A,IP_0836_A,201,0,0,0
TXN_004040,USER_0678,MERCHANT_131,357.9,2026-07-12 08:34:04.362924,DEVICE_0678_A,IP_0678_A,1149,0,0,0
TXN_003580,USER_0714,MERCHANT_142,269.68,2026-07-12 08:48:04.362924,DEVICE_0714_A,IP_0714_A,1262,1,0,0
TXN_004982,USER_1116,MERCHANT_027,1167.06,2026-07-12 08:52:04.362924,DEVICE_1116_A,IP_1116_A,738,0,0,0
TXN_005228,USER_1261,MERCHANT_138,819.59,2026-07-12 08:54:04.362924,DEVICE_1261_A,IP_1261_A,358,0,0,0
TXN_005020,USER_1335,MERCHANT_114,808.79,2026-07-12 09:19:04.362924,DEVICE_1335_A,IP_1335_A,1327,1,0,0
TXN_000046,USER_0015,MERCHANT_002,1217.07,2026-07-12 09:20:04.362924,DEVICE_RING_A_01,IP_RING_A_02,42,2,4,1
TXN_000229,USER_0225,MERCHANT_146,350.88,2026-07-12 09:37:04.362924,DEVICE_0225_A,IP_0225_A,1180,0,0,0
TXN_003064,USER_0034,MERCHANT_004,1472.5,2026-07-12 09:41:04.362924,DEVICE_RING_B_01,IP_RING_B_01,73,5,2,1
TXN_005322,USER_0548,MERCHANT_137,244.24,2026-07-12 09:45:04.362924,DEVICE_0548_A,IP_0548_A,1451,0,0,0
TXN_000028,USER_1128,MERCHANT_019,795.29,2026-07-12 09:53:04.362924,DEVICE_1128_A,IP_1128_A,1211,0,0,0
TXN_001625,USER_1364,MERCHANT_070,2445.25,2026-07-12 10:12:04.362924,DEVICE_1364_A,IP_1364_A,453,0,0,0
TXN_003856,USER_0104,MERCHANT_012,2148.98,2026-07-12 10:17:04.362924,DEVICE_RING_D_01,IP_RING_D_02,17,3,5,1
TXN_005560,USER_0892,MERCHANT_060,1073.06,2026-07-12 11:16:04.362924,DEVICE_0892_A,IP_0892_A,754,0,0,0
TXN_003996,USER_1027,MERCHANT_008,612.94,2026-07-12 11:33:04.362924,DEVICE_1027_A,IP_1027_A,863,0,0,0
TXN_002933,USER_1037,MERCHANT_100,307.97,2026-07-12 11:57:04.362924,DEVICE_1037_A,IP_1037_A,1008,0,0,0
TXN_001355,USER_0317,MERCHANT_106,389.38,2026-07-12 12:01:04.362924,DEVICE_0317_A,IP_0317_A,507,1,0,0
TXN_004743,USER_0120,MERCHANT_010,2504.05,2026-07-12 12:06:04.362924,DEVICE_RING_D_02,IP_RING_D_01,48,4,4,1
TXN_004342,USER_0990,MERCHANT_064,692.88,2026-07-12 12:16:04.362924,DEVICE_0990_A,IP_0990_A,451,1,0,0
TXN_001308,USER_0016,MERCHANT_002,2477.31,2026-07-12 12:16:04.362924,DEVICE_RING_A_01,IP_RING_A_02,24,5,1,1
TXN_001499,USER_0405,MERCHANT_007,1293.33,2026-07-12 12:17:04.362924,DEVICE_0405_A,IP_0405_A,1262,0,0,0
TXN_001588,USER_0847,MERCHANT_003,455.62,2026-07-12 12:51:04.362924,DEVICE_0847_A,IP_0847_A,237,0,0,0
TXN_000517,USER_0415,MERCHANT_103,873.6,2026-07-12 14:50:04.362924,DEVICE_0415_A,IP_0415_A,109,0,1,0
TXN_004110,USER_0187,MERCHANT_076,713.95,2026-07-12 15:30:04.362924,DEVICE_0187_A,IP_0187_A,961,1,0,0
TXN_002227,USER_1401,MERCHANT_096,1739.99,2026-07-12 16:19:04.362924,DEVICE_1401_A,IP_1401_A,573,0,0,0
TXN_003733,USER_1290,MERCHANT_136,132.03,2026-07-12 16:21:04.362924,DEVICE_1290_A,IP_1290_A,442,0,2,0
TXN_004340,USER_0958,MERCHANT_123,472.92,2026-07-12 16:27:04.362924,DEVICE_0958_A,IP_0958_A,105,0,0,0
TXN_002236,USER_0089,MERCHANT_007,5191.67,2026-07-12 16:43:04.362924,DEVICE_RING_C_01,IP_RING_C_01,33,3,3,1
TXN_000709,USER_1298,MERCHANT_002,125.9,2026-07-12 16:59:04.362924,DEVICE_1298_A,IP_1298_A,564,0,0,0
TXN_000638,USER_1007,MERCHANT_081,633.92,2026-07-12 18:03:04.362924,DEVICE_1007_A,IP_1007_A,64,0,0,0
TXN_001850,USER_1111,MERCHANT_048,826.6,2026-07-12 18:18:04.362924,DEVICE_1111_A,IP_1111_A,511,1,0,0
TXN_002289,USER_0660,MERCHANT_038,383.29,2026-07-12 18:28:04.362924,DEVICE_0660_A,IP_0660_A,1496,0,0,0
TXN_004075,USER_0319,MERCHANT_004,429.44,2026-07-12 18:37:04.362924,DEVICE_0319_A,IP_0319_A,136,0,0,0
TXN_004356,USER_0309,MERCHANT_086,1026.42,2026-07-12 18:45:04.362924,DEVICE_0309_A,IP_0309_A,1439,0,0,0
TXN_004825,USER_0793,MERCHANT_012,572.46,2026-07-12 18:57:04.362924,DEVICE_0793_A,IP_0793_A,559,0,1,0
TXN_005006,USER_0614,MERCHANT_077,230.73,2026-07-12 19:05:04.362924,DEVICE_0614_A,IP_0614_A,260,0,0,0
TXN_003797,USER_0950,MERCHANT_067,530.42,2026-07-12 19:36:04.362924,DEVICE_0950_A,IP_0950_A,67,0,0,0
TXN_000268,USER_1150,MERCHANT_080,205.27,2026-07-12 20:10:04.362924,DEVICE_1150_A,IP_1150_A,1443,0,1,0
TXN_000677,USER_1348,MERCHANT_145,260.86,2026-07-12 20:15:04.362924,DEVICE_1348_A,IP_1348_A,1335,0,0,0
TXN_000670,USER_0843,MERCHANT_089,1360.44,2026-07-12 21:06:04.362924,DEVICE_0843_A,IP_0843_A,1027,1,1,0
TXN_002652,USER_1006,MERCHANT_040,1875.05,2026-07-12 21:17:04.362924,DEVICE_1006_A,IP_1006_A,878,0,0,0
TXN_003420,USER_0195,MERCHANT_145,402.54,2026-07-12 21:25:04.362924,DEVICE_0195_A,IP_0195_A,1101,0,0,0
TXN_003611,USER_0357,MERCHANT_129,615.51,2026-07-12 21:37:04.362924,DEVICE_0357_A,IP_0357_A,701,0,0,0
TXN_003539,USER_1325,MERCHANT_072,578.34,2026-07-12 22:00:04.362924,DEVICE_1325_A,IP_1325_A,1208,0,0,0
TXN_002558,USER_1444,MERCHANT_041,601.52,2026-07-12 22:36:04.362924,DEVICE_1444_A,IP_1444_A,524,0,0,0
TXN_005574,USER_0493,MERCHANT_138,453.06,2026-07-12 22:58:04.362924,DEVICE_0493_A,IP_0493_A,496,1,0,0
TXN_003375,USER_0506,MERCHANT_050,169.85,2026-07-12 23:03:04.362924,DEVICE_0506_A,IP_0506_A,988,0,0,0
TXN_003717,USER_0005,MERCHANT_002,25000.0,2026-07-12 23:46:04.362924,DEVICE_RING_A_01,IP_RING_A_02,17,3,3,1
TXN_003326,USER_0640,MERCHANT_102,856.89,2026-07-12 23:59:04.362924,DEVICE_0640_A,IP_0640_A,433,0,2,0
TXN_001689,USER_1152,MERCHANT_026,742.03,2026-07-13 00:15:04.362924,DEVICE_1152_A,IP_1152_A,1058,1,0,0
TXN_002684,USER_1327,MERCHANT_017,1038.81,2026-07-13 00:22:04.362924,DEVICE_1327_A,IP_1327_A,1001,1,0,0
TXN_003284,USER_1118,MERCHANT_146,1157.79,2026-07-13 00:51:04.362924,DEVICE_1118_A,IP_1118_A,1212,0,0,0
TXN_004429,USER_0037,MERCHANT_005,2769.8,2026-07-13 01:02:04.362924,DEVICE_RING_B_01,IP_RING_B_01,85,3,2,1
TXN_005458,USER_0555,MERCHANT_086,487.26,2026-07-13 01:34:04.362924,DEVICE_0555_A,IP_0555_A,907,0,0,0
TXN_001875,USER_1284,MERCHANT_140,1603.05,2026-07-13 01:52:04.362924,DEVICE_1284_A,IP_1284_A,177,0,0,0
TXN_002378,USER_0888,MERCHANT_079,221.94,2026-07-13 02:16:04.362924,DEVICE_0888_A,IP_0888_A,467,0,0,0
TXN_004663,USER_0052,MERCHANT_004,1420.08,2026-07-13 02:56:04.362924,DEVICE_RING_B_02,IP_RING_B_02,56,6,3,1
TXN_000855,USER_0151,MERCHANT_070,1741.16,2026-07-13 03:06:04.362924,DEVICE_0151_A,IP_0151_A,875,0,0,0
TXN_001921,USER_0019,MERCHANT_003,345.41,2026-07-13 03:09:04.362924,DEVICE_RING_A_01,IP_RING_A_02,71,4,1,1
TXN_001981,USER_0245,MERCHANT_144,289.51,2026-07-13 04:01:04.362924,DEVICE_0245_A,IP_0245_A,691,0,0,0
TXN_000552,USER_1287,MERCHANT_118,533.88,2026-07-13 04:25:04.362924,DEVICE_1287_A,IP_1287_A,323,0,0,0
TXN_003708,USER_1234,MERCHANT_150,1654.21,2026-07-13 04:35:04.362924,DEVICE_1234_A,IP_1234_A,93,0,0,0
TXN_001076,USER_1429,MERCHANT_070,414.31,2026-07-13 05:00:04.362924,DEVICE_1429_A,IP_1429_A,878,0,0,0
TXN_003634,USER_1479,MERCHANT_134,1048.45,2026-07-13 05:18:04.362924,DEVICE_1479_A,IP_1479_A,624,1,0,0
TXN_002392,USER_0445,MERCHANT_144,298.81,2026-07-13 05:29:04.362924,DEVICE_0445_A,IP_0445_A,1161,0,0,0
TXN_001984,USER_0574,MERCHANT_147,1145.65,2026-07-13 05:46:04.362924,DEVICE_0574_A,IP_0574_A,371,0,0,0
TXN_005720,USER_0073,MERCHANT_009,372.08,2026-07-13 05:54:04.362924,DEVICE_RING_C_01,IP_RING_C_01,1,8,1,1
TXN_003448,USER_0661,MERCHANT_005,328.06,2026-07-13 06:00:04.362924,DEVICE_0661_A,IP_0661_A,1106,1,1,0
TXN_002362,USER_1181,MERCHANT_137,217.55,2026-07-13 06:01:04.362924,DEVICE_1181_A,IP_1181_A,65,0,0,0
TXN_005460,USER_0513,MERCHANT_148,515.09,2026-07-13 06:03:04.362924,DEVICE_0513_A,IP_0513_A,1260,0,0,0
TXN_004444,USER_1051,MERCHANT_074,999.35,2026-07-13 06:10:04.362924,DEVICE_1051_A,IP_1051_A,1317,0,0,0
TXN_005130,USER_0740,MERCHANT_034,645.68,2026-07-13 06:37:04.362924,DEVICE_0740_A,IP_0740_A,777,0,0,0
TXN_004977,USER_1254,MERCHANT_013,1687.13,2026-07-13 06:39:04.362924,DEVICE_1254_A,IP_1254_A,1192,0,0,0
TXN_001838,USER_1065,MERCHANT_008,650.9,2026-07-13 06:45:04.362924,DEVICE_1065_A,IP_1065_A,1174,0,0,0
TXN_005675,USER_0989,MERCHANT_008,223.12,2026-07-13 06:47:04.362924,DEVICE_0989_A,IP_0989_A,48,0,0,0
TXN_005018,USER_0464,MERCHANT_062,2775.44,2026-07-13 07:22:04.362924,DEVICE_0464_A,IP_0464_A,467,1,0,0
TXN_005339,USER_0557,MERCHANT_021,462.45,2026-07-13 07:38:04.362924,DEVICE_0557_A,IP_0557_A,1107,1,0,0
TXN_005461,USER_0193,MERCHANT_008,583.76,2026-07-13 08:30:04.362924,DEVICE_0193_A,IP_0193_A,1094,0,0,0
TXN_000971,USER_0321,MERCHANT_135,660.51,2026-07-13 08:55:04.362924,DEVICE_0321_A,IP_0321_A,242,0,0,0
TXN_004881,USER_0939,MERCHANT_099,1264.29,2026-07-13 09:42:04.362924,DEVICE_0939_A,IP_0939_A,1151,1,0,0
TXN_002767,USER_0798,MERCHANT_026,585.06,2026-07-13 10:08:04.362924,DEVICE_0798_A,IP_0798_A,211,0,0,0
TXN_004427,USER_0958,MERCHANT_139,780.32,2026-07-13 10:14:04.362924,DEVICE_0958_A,IP_0958_A,1257,0,0,0
TXN_003983,USER_0998,MERCHANT_009,6380.31,2026-07-13 10:20:04.362924,DEVICE_0998_A,IP_0998_A,721,1,0,0
TXN_005629,USER_0739,MERCHANT_093,326.61,2026-07-13 10:55:04.362924,DEVICE_0739_A,IP_0739_A,353,0,1,0
TXN_002423,USER_0067,MERCHANT_008,1987.54,2026-07-13 11:10:04.362924,DEVICE_RING_C_02,IP_RING_C_02,31,6,1,1
TXN_002761,USER_1216,MERCHANT_019,962.06,2026-07-13 11:20:04.362924,DEVICE_1216_A,IP_1216_A,240,0,2,0
TXN_005592,USER_0170,MERCHANT_143,495.95,2026-07-13 11:49:04.362924,DEVICE_0170_A,IP_0170_A,1247,0,0,0
TXN_000242,USER_0538,MERCHANT_106,550.53,2026-07-13 12:39:04.362924,DEVICE_0538_A,IP_0538_A,1057,1,1,0
TXN_001228,USER_0314,MERCHANT_119,537.37,2026-07-13 12:47:04.362924,DEVICE_0314_A,IP_0314_A,1383,1,1,0
TXN_004517,USER_1305,MERCHANT_034,438.72,2026-07-13 13:20:04.362924,DEVICE_1305_A,IP_1305_A,1192,0,0,0
TXN_005255,USER_0914,MERCHANT_040,324.95,2026-07-13 13:25:04.362924,DEVICE_0914_A,IP_0914_A,1078,0,0,0
TXN_002738,USER_0340,MERCHANT_088,775.64,2026-07-13 13:31:04.362924,DEVICE_0340_A,IP_0340_A,452,0,0,0
TXN_000293,USER_0736,MERCHANT_071,385.64,2026-07-13 13:58:04.362924,DEVICE_0736_A,IP_0736_A,154,0,0,0
TXN_001751,USER_0016,MERCHANT_003,167.47,2026-07-13 14:22:04.362924,DEVICE_RING_A_01,IP_RING_A_01,54,5,3,1
TXN_000884,USER_1195,MERCHANT_054,1312.97,2026-07-13 14:24:04.362924,DEVICE_1195_A,IP_1195_A,1455,0,0,0
TXN_000111,USER_0815,MERCHANT_117,142.29,2026-07-13 14:31:04.362924,DEVICE_0815_A,IP_0815_A,846,0,0,0
TXN_001661,USER_1353,MERCHANT_086,1611.25,2026-07-13 14:48:04.362924,DEVICE_1353_A,IP_1353_A,313,1,0,0
TXN_000505,USER_1328,MERCHANT_059,368.32,2026-07-13 14:54:04.362924,DEVICE_1328_A,IP_1328_A,1163,0,0,0
TXN_000746,USER_0463,MERCHANT_048,348.15,2026-07-13 14:54:04.362924,DEVICE_0463_A,IP_0463_A,77,0,0,0
TXN_004242,USER_1396,MERCHANT_141,1171.43,2026-07-13 15:37:04.362924,DEVICE_1396_A,IP_1396_A,1245,1,1,0
TXN_003592,USER_1437,MERCHANT_009,943.9,2026-07-13 15:54:04.362924,DEVICE_1437_A,IP_1437_A,93,0,0,0
TXN_000673,USER_0797,MERCHANT_030,464.01,2026-07-13 16:16:04.362924,DEVICE_0797_A,IP_0797_A,1016,0,0,0
TXN_005785,USER_0720,MERCHANT_094,540.97,2026-07-13 16:45:04.362924,DEVICE_0720_A,IP_0720_A,1337,2,0,0
TXN_000093,USER_1462,MERCHANT_026,354.39,2026-07-13 16:51:04.362924,DEVICE_1462_A,IP_1462_A,1032,0,1,0
TXN_003807,USER_0025,MERCHANT_001,2588.31,2026-07-13 16:59:04.362924,DEVICE_RING_A_01,IP_RING_A_02,46,7,5,1
TXN_005145,USER_0390,MERCHANT_120,1185.48,2026-07-13 17:13:04.362924,DEVICE_0390_A,IP_0390_A,684,0,0,0
TXN_002232,USER_0095,MERCHANT_011,5511.94,2026-07-13 17:16:04.362924,DEVICE_RING_D_01,IP_RING_D_02,61,4,2,1
TXN_005329,USER_0265,MERCHANT_150,857.16,2026-07-13 17:43:04.362924,DEVICE_0265_A,IP_0265_A,971,0,0,0
TXN_002988,USER_0076,MERCHANT_009,2744.68,2026-07-13 17:55:04.362924,DEVICE_RING_C_01,IP_RING_C_01,71,5,3,1
TXN_002970,USER_1042,MERCHANT_138,734.71,2026-07-13 18:14:04.362924,DEVICE_1042_A,IP_1042_A,935,0,1,0
TXN_001244,USER_1136,MERCHANT_149,280.3,2026-07-13 18:36:04.362924,DEVICE_1136_A,IP_1136_A,1250,1,2,0
TXN_000943,USER_1054,MERCHANT_109,977.09,2026-07-13 18:59:04.362924,DEVICE_1054_A,IP_1054_A,1306,0,0,0
TXN_004083,USER_0384,MERCHANT_058,2113.15,2026-07-13 19:15:04.362924,DEVICE_0384_A,IP_0384_A,675,2,1,0
TXN_005808,USER_1475,MERCHANT_103,457.68,2026-07-13 19:15:04.362924,DEVICE_1475_A,IP_1475_A,32,0,0,0
TXN_005265,USER_0290,MERCHANT_084,1465.93,2026-07-13 19:55:04.362924,DEVICE_0290_A,IP_0290_A,317,0,0,0
TXN_002018,USER_0488,MERCHANT_039,133.49,2026-07-13 19:57:04.362924,DEVICE_0488_A,IP_0488_A,993,0,2,0
TXN_005708,USER_0365,MERCHANT_020,750.72,2026-07-13 20:26:04.362924,DEVICE_0365_A,IP_0365_A,645,2,0,0
TXN_001050,USER_1229,MERCHANT_034,1689.18,2026-07-13 20:28:04.362924,DEVICE_1229_A,IP_1229_A,1000,0,0,0
TXN_000178,USER_0504,MERCHANT_022,1784.83,2026-07-13 20:32:04.362924,DEVICE_0504_A,IP_0504_A,1102,2,0,0
TXN_000218,USER_0016,MERCHANT_002,1972.84,2026-07-13 20:34:04.362924,DEVICE_RING_A_02,IP_RING_A_02,32,8,4,1
TXN_004944,USER_1446,MERCHANT_033,347.51,2026-07-13 20:48:04.362924,DEVICE_1446_A,IP_1446_A,312,1,0,0
TXN_002690,USER_0017,MERCHANT_002,4612.45,2026-07-13 20:56:04.362924,DEVICE_RING_A_02,IP_RING_A_01,75,3,5,1
TXN_002181,USER_0132,MERCHANT_104,520.3,2026-07-13 21:45:04.362924,DEVICE_0132_A,IP_0132_A,143,2,0,0
TXN_001081,USER_0488,MERCHANT_126,461.94,2026-07-13 21:49:04.362924,DEVICE_0488_A,IP_0488_A,1438,0,0,0
TXN_002491,USER_1459,MERCHANT_006,593.81,2026-07-13 22:32:04.362924,DEVICE_1459_A,IP_1459_A,639,1,1,0
TXN_004101,USER_0037,MERCHANT_006,557.7,2026-07-13 22:37:04.362924,DEVICE_RING_B_01,IP_RING_B_01,60,4,3,1
TXN_005222,USER_0317,MERCHANT_013,606.08,2026-07-13 22:47:04.362924,DEVICE_0317_A,IP_0317_A,473,0,0,0
TXN_002872,USER_0183,MERCHANT_114,846.17,2026-07-13 23:01:04.362924,DEVICE_0183_A,IP_0183_A,386,1,0,0
TXN_003003,USER_0371,MERCHANT_126,439.98,2026-07-13 23:23:04.362924,DEVICE_0371_A,IP_0371_A,1350,0,0,0
TXN_003951,USER_0233,MERCHANT_122,883.07,2026-07-13 23:38:04.362924,DEVICE_0233_A,IP_0233_A,922,1,0,0
TXN_000375,USER_1342,MERCHANT_036,3016.39,2026-07-14 00:11:04.362924,DEVICE_1342_A,IP_1342_A,1207,0,0,0
TXN_005106,USER_0820,MERCHANT_119,697.97,2026-07-14 00:23:04.362924,DEVICE_0820_A,IP_0820_A,336,0,0,0
TXN_003680,USER_0103,MERCHANT_012,2299.23,2026-07-14 00:31:04.362924,DEVICE_RING_D_02,IP_RING_D_01,23,3,5,1
TXN_001415,USER_1100,MERCHANT_018,370.29,2026-07-14 00:34:04.362924,DEVICE_1100_A,IP_1100_A,826,2,1,0
TXN_004656,USER_0845,MERCHANT_132,3020.34,2026-07-14 01:29:04.362924,DEVICE_0845_A,IP_0845_A,436,0,1,0
TXN_005175,USER_0846,MERCHANT_124,906.14,2026-07-14 01:44:04.362924,DEVICE_0846_A,IP_0846_A,497,0,0,0
TXN_000730,USER_0883,MERCHANT_094,334.69,2026-07-14 02:03:04.362924,DEVICE_0883_A,IP_0883_A,850,0,0,0
TXN_001406,USER_0992,MERCHANT_104,340.13,2026-07-14 02:10:04.362924,DEVICE_0992_A,IP_0992_A,1444,0,0,0
TXN_001086,USER_0062,MERCHANT_009,3843.3,2026-07-14 02:58:04.362924,DEVICE_RING_C_02,IP_RING_C_02,82,2,5,1
TXN_000873,USER_0751,MERCHANT_080,213.24,2026-07-14 03:07:04.362924,DEVICE_0751_A,IP_0751_A,943,0,0,0
TXN_002432,USER_0171,MERCHANT_036,279.27,2026-07-14 03:09:04.362924,DEVICE_0171_A,IP_0171_A,678,0,1,0
TXN_005800,USER_1394,MERCHANT_075,368.67,2026-07-14 03:10:04.362924,DEVICE_1394_A,IP_1394_A,811,0,1,0
TXN_003889,USER_0103,MERCHANT_011,2884.47,2026-07-14 03:33:04.362924,DEVICE_RING_D_02,IP_RING_D_01,22,6,3,1
TXN_000123,USER_1050,MERCHANT_088,1718.19,2026-07-14 03:40:04.362924,DEVICE_1050_A,IP_1050_A,352,0,0,0
TXN_003949,USER_0164,MERCHANT_136,486.35,2026-07-14 03:45:04.362924,DEVICE_0164_A,IP_0164_A,324,0,0,0
TXN_005232,USER_0700,MERCHANT_005,877.04,2026-07-14 03:58:04.362924,DEVICE_0700_A,IP_0700_A,984,0,0,0
TXN_004455,USER_1062,MERCHANT_062,1552.57,2026-07-14 04:51:04.362924,DEVICE_1062_A,IP_1062_A,508,0,0,0
TXN_000103,USER_1198,MERCHANT_030,464.0,2026-07-14 06:08:04.362924,DEVICE_1198_A,IP_1198_A,160,0,0,0
TXN_005752,USER_1291,MERCHANT_099,237.96,2026-07-14 06:08:04.362924,DEVICE_1291_A,IP_1291_A,1136,0,2,0
TXN_005661,USER_0077,MERCHANT_009,2366.74,2026-07-14 06:25:04.362924,DEVICE_RING_C_02,IP_RING_C_02,35,2,4,1
TXN_002374,USER_0976,MERCHANT_118,874.16,2026-07-14 06:31:04.362924,DEVICE_0976_A,IP_0976_A,956,0,0,0
TXN_004116,USER_1116,MERCHANT_100,453.69,2026-07-14 06:42:04.362924,DEVICE_1116_A,IP_1116_A,865,0,0,0
TXN_004586,USER_0223,MERCHANT_030,1468.16,2026-07-14 06:57:04.362924,DEVICE_0223_A,IP_0223_A,715,0,0,0
TXN_004519,USER_0379,MERCHANT_115,779.14,2026-07-14 07:45:04.362924,DEVICE_0379_A,IP_0379_A,885,1,0,0
TXN_004671,USER_0403,MERCHANT_086,978.64,2026-07-14 07:46:04.362924,DEVICE_0403_A,IP_0403_A,1175,2,0,0
TXN_003295,USER_0216,MERCHANT_092,242.66,2026-07-14 07:52:04.362924,DEVICE_0216_A,IP_0216_A,530,0,0,0
TXN_001156,USER_1445,MERCHANT_010,1279.59,2026-07-14 08:26:04.362924,DEVICE_1445_A,IP_1445_A,443,0,0,0
TXN_002790,USER_1419,MERCHANT_140,687.46,2026-07-14 08:40:04.362924,DEVICE_1419_A,IP_1419_A,194,1,0,0
TXN_004619,USER_1362,MERCHANT_060,592.57,2026-07-14 08:49:04.362924,DEVICE_1362_A,IP_1362_A,1001,2,0,0
TXN_003677,USER_0396,MERCHANT_131,633.86,2026-07-14 08:53:04.362924,DEVICE_0396_A,IP_0396_A,239,0,0,0
TXN_003044,USER_0373,MERCHANT_093,709.88,2026-07-14 09:24:04.362924,DEVICE_0373_A,IP_0373_A,1287,0,0,0
TXN_002089,USER_0232,MERCHANT_078,427.09,2026-07-14 09:24:04.362924,DEVICE_0232_A,IP_0232_A,900,0,0,0
TXN_001280,USER_1155,MERCHANT_029,475.85,2026-07-14 10:02:04.362924,DEVICE_1155_A,IP_1155_A,152,1,0,0
TXN_002456,USER_0143,MERCHANT_077,1830.54,2026-07-14 10:34:04.362924,DEVICE_0143_A,IP_0143_A,564,0,0,0
TXN_000725,USER_1100,MERCHANT_139,682.03,2026-07-14 10:58:04.362924,DEVICE_1100_A,IP_1100_A,96,0,0,0
TXN_004143,USER_0231,MERCHANT_089,798.64,2026-07-14 11:07:04.362924,DEVICE_0231_A,IP_0231_A,1108,0,0,0
TXN_001167,USER_1093,MERCHANT_064,1694.49,2026-07-14 12:17:04.362924,DEVICE_1093_A,IP_1093_A,598,1,1,0
TXN_002569,USER_1492,MERCHANT_049,1142.26,2026-07-14 12:26:04.362924,DEVICE_1492_A,IP_1492_A,1285,1,0,0
TXN_005954,USER_0839,MERCHANT_101,1101.17,2026-07-14 13:25:04.362924,DEVICE_0839_A,IP_0839_A,570,1,0,0
TXN_004689,USER_0179,MERCHANT_132,203.21,2026-07-14 13:27:04.362924,DEVICE_0179_A,IP_0179_A,557,0,0,0
TXN_000191,USER_0282,MERCHANT_111,429.25,2026-07-14 13:52:04.362924,DEVICE_0282_A,IP_0282_A,1263,2,0,0
TXN_002079,USER_1343,MERCHANT_101,540.42,2026-07-14 14:04:04.362924,DEVICE_1343_A,IP_1343_A,1123,0,0,0
TXN_004611,USER_0302,MERCHANT_063,631.32,2026-07-14 14:17:04.362924,DEVICE_0302_A,IP_0302_A,885,0,0,0
TXN_004038,USER_0644,MERCHANT_129,508.16,2026-07-14 14:46:04.362924,DEVICE_0644_A,IP_0644_A,192,0,1,0
TXN_003179,USER_0828,MERCHANT_045,1246.9,2026-07-14 14:55:04.362924,DEVICE_0828_A,IP_0828_A,601,0,1,0
TXN_004879,USER_0311,MERCHANT_131,359.92,2026-07-14 15:04:04.362924,DEVICE_0311_A,IP_0311_A,1346,1,0,0
TXN_001558,USER_0048,MERCHANT_006,1119.76,2026-07-14 15:42:04.362924,DEVICE_RING_B_01,IP_RING_B_01,35,7,2,1
TXN_004400,USER_0246,MERCHANT_123,1216.85,2026-07-14 15:58:04.362924,DEVICE_0246_A,IP_0246_A,1188,2,0,0
TXN_003954,USER_1470,MERCHANT_038,920.4,2026-07-14 16:17:04.362924,DEVICE_1470_A,IP_1470_A,486,0,0,0
TXN_004742,USER_0613,MERCHANT_150,870.25,2026-07-14 16:23:04.362924,DEVICE_0613_A,IP_0613_A,755,0,0,0
TXN_005365,USER_0424,MERCHANT_091,520.22,2026-07-14 16:28:04.362924,DEVICE_0424_A,IP_0424_A,834,2,0,0
TXN_002913,USER_0595,MERCHANT_139,346.79,2026-07-14 17:11:04.362924,DEVICE_0595_A,IP_0595_A,527,1,1,0
TXN_005803,USER_0287,MERCHANT_048,441.0,2026-07-14 17:12:04.362924,DEVICE_0287_A,IP_0287_A,393,0,0,0
TXN_001393,USER_1044,MERCHANT_120,2716.15,2026-07-14 17:22:04.362924,DEVICE_1044_A,IP_1044_A,915,0,1,0
TXN_005151,USER_0221,MERCHANT_023,3307.01,2026-07-14 17:40:04.362924,DEVICE_0221_A,IP_0221_A,561,0,2,0
TXN_003421,USER_1125,MERCHANT_124,380.47,2026-07-14 17:56:04.362924,DEVICE_1125_A,IP_1125_A,503,0,0,0
TXN_000915,USER_0923,MERCHANT_046,558.61,2026-07-14 18:09:04.362924,DEVICE_0923_A,IP_0923_A,1473,0,0,0
TXN_000844,USER_0760,MERCHANT_085,799.3,2026-07-14 18:09:04.362924,DEVICE_0760_A,IP_0760_A,949,0,0,0
TXN_001963,USER_1032,MERCHANT_134,886.93,2026-07-14 18:14:04.362924,DEVICE_1032_A,IP_1032_A,288,1,0,0
TXN_001956,USER_0071,MERCHANT_007,9882.14,2026-07-14 18:39:04.362924,DEVICE_RING_C_02,IP_RING_C_02,19,2,2,1
TXN_003814,USER_0177,MERCHANT_142,645.6,2026-07-14 18:47:04.362924,DEVICE_0177_A,IP_0177_A,1443,0,0,0
TXN_000112,USER_0761,MERCHANT_066,588.19,2026-07-14 18:48:04.362924,DEVICE_0761_A,IP_0761_A,796,2,0,0
TXN_001893,USER_1246,MERCHANT_036,432.53,2026-07-14 18:57:04.362924,DEVICE_1246_A,IP_1246_A,266,0,1,0
TXN_005728,USER_1085,MERCHANT_102,504.71,2026-07-14 19:28:04.362924,DEVICE_1085_A,IP_1085_A,768,0,0,0
TXN_003621,USER_0197,MERCHANT_132,214.28,2026-07-14 19:35:04.362924,DEVICE_0197_A,IP_0197_A,1001,0,1,0
TXN_004185,USER_0191,MERCHANT_081,419.0,2026-07-14 19:52:04.362924,DEVICE_0191_A,IP_0191_A,672,0,0,0
TXN_002184,USER_0904,MERCHANT_084,1680.03,2026-07-14 20:25:04.362924,DEVICE_0904_A,IP_0904_A,1172,0,0,0
TXN_003593,USER_0883,MERCHANT_032,3376.72,2026-07-14 20:55:04.362924,DEVICE_0883_A,IP_0883_A,127,0,1,0
TXN_004844,USER_0474,MERCHANT_097,539.53,2026-07-14 21:08:04.362924,DEVICE_0474_A,IP_0474_A,646,0,0,0
TXN_001809,USER_0805,MERCHANT_006,183.28,2026-07-14 21:20:04.362924,DEVICE_0805_A,IP_0805_A,393,2,1,0
TXN_004492,USER_0817,MERCHANT_015,292.58,2026-07-14 21:32:04.362924,DEVICE_0817_A,IP_0817_A,735,0,0,0
TXN_004066,USER_1367,MERCHANT_027,373.26,2026-07-14 21:44:04.362924,DEVICE_1367_A,IP_1367_A,1304,2,0,0
TXN_002969,USER_0973,MERCHANT_015,153.16,2026-07-14 21:50:04.362924,DEVICE_0973_A,IP_0973_A,694,1,0,0
TXN_000008,USER_1475,MERCHANT_095,1066.89,2026-07-14 22:20:04.362924,DEVICE_1475_A,IP_1475_A,171,0,0,0
TXN_003966,USER_0807,MERCHANT_051,787.82,2026-07-14 22:23:04.362924,DEVICE_0807_A,IP_0807_A,1056,1,0,0
TXN_003279,USER_0214,MERCHANT_130,636.91,2026-07-14 22:24:04.362924,DEVICE_0214_A,IP_0214_A,1282,0,0,0
TXN_005242,USER_0799,MERCHANT_055,318.97,2026-07-14 22:39:04.362924,DEVICE_0799_A,IP_0799_A,521,1,0,0
TXN_002657,USER_0119,MERCHANT_010,838.92,2026-07-14 22:41:04.362924,DEVICE_RING_D_01,IP_RING_D_01,1,5,2,1
TXN_002848,USER_1012,MERCHANT_012,320.21,2026-07-14 22:58:04.362924,DEVICE_1012_A,IP_1012_A,1093,0,0,0
TXN_003216,USER_0490,MERCHANT_093,2283.08,2026-07-14 23:09:04.362924,DEVICE_0490_A,IP_0490_A,958,1,0,0
TXN_000031,USER_0746,MERCHANT_146,382.09,2026-07-14 23:19:04.362924,DEVICE_0746_A,IP_0746_A,1301,0,2,0
TXN_000556,USER_1098,MERCHANT_099,440.55,2026-07-14 23:45:04.362924,DEVICE_1098_A,IP_1098_A,39,0,0,0
TXN_004454,USER_0151,MERCHANT_097,749.47,2026-07-15 00:01:04.362924,DEVICE_0151_A,IP_0151_A,166,1,0,0
TXN_005834,USER_0429,MERCHANT_057,1110.25,2026-07-15 00:06:04.362924,DEVICE_0429_A,IP_0429_A,265,1,1,0
TXN_005434,USER_0866,MERCHANT_130,463.16,2026-07-15 00:07:04.362924,DEVICE_0866_A,IP_0866_A,673,0,0,0
TXN_003066,USER_1341,MERCHANT_065,763.66,2026-07-15 00:45:04.362924,DEVICE_1341_A,IP_1341_A,1046,0,0,0
TXN_000127,USER_0348,MERCHANT_073,285.44,2026-07-15 01:41:04.362924,DEVICE_0348_A,IP_0348_A,1418,0,0,0
TXN_003419,USER_1391,MERCHANT_104,227.57,2026-07-15 01:52:04.362924,DEVICE_1391_A,IP_1391_A,977,0,0,0
TXN_003928,USER_0846,MERCHANT_025,848.77,2026-07-15 01:52:04.362924,DEVICE_0846_A,IP_0846_A,763,1,1,0
TXN_004483,USER_0324,MERCHANT_097,318.32,2026-07-15 02:30:04.362924,DEVICE_0324_A,IP_0324_A,329,0,0,0
TXN_001126,USER_0364,MERCHANT_099,253.96,2026-07-15 02:46:04.362924,DEVICE_0364_A,IP_0364_A,951,0,0,0
TXN_001957,USER_1184,MERCHANT_072,120.93,2026-07-15 03:03:04.362924,DEVICE_1184_A,IP_1184_A,1207,1,0,0
TXN_005215,USER_0367,MERCHANT_106,786.21,2026-07-15 03:09:04.362924,DEVICE_0367_A,IP_0367_A,304,1,0,0
TXN_005784,USER_0240,MERCHANT_006,2894.58,2026-07-15 03:30:04.362924,DEVICE_0240_A,IP_0240_A,1257,0,0,0
TXN_002817,USER_0559,MERCHANT_027,861.33,2026-07-15 03:49:04.362924,DEVICE_0559_A,IP_0559_A,664,2,0,0
TXN_003989,USER_0794,MERCHANT_056,2538.97,2026-07-15 03:51:04.362924,DEVICE_0794_A,IP_0794_A,1058,1,0,0
TXN_000228,USER_0395,MERCHANT_068,267.37,2026-07-15 03:54:04.362924,DEVICE_0395_A,IP_0395_A,779,1,0,0
TXN_005366,USER_0334,MERCHANT_027,195.16,2026-07-15 04:15:04.362924,DEVICE_0334_A,IP_0334_A,358,0,0,0
TXN_003857,USER_1153,MERCHANT_122,210.63,2026-07-15 04:35:04.362924,DEVICE_1153_A,IP_1153_A,1273,0,1,0
TXN_005262,USER_0209,MERCHANT_139,334.51,2026-07-15 04:50:04.362924,DEVICE_0209_A,IP_0209_A,265,1,0,0
TXN_004692,USER_0613,MERCHANT_006,720.0,2026-07-15 05:07:04.362924,DEVICE_0613_A,IP_0613_A,511,2,0,0
TXN_003704,USER_0324,MERCHANT_098,320.29,2026-07-15 05:25:04.362924,DEVICE_0324_A,IP_0324_A,470,0,0,0
TXN_005895,USER_1381,MERCHANT_120,841.47,2026-07-15 06:32:04.362924,DEVICE_1381_A,IP_1381_A,88,0,0,0
TXN_004917,USER_0607,MERCHANT_079,1331.32,2026-07-15 06:35:04.362924,DEVICE_0607_A,IP_0607_A,696,2,0,0
TXN_003548,USER_0456,MERCHANT_118,1802.33,2026-07-15 06:40:04.362924,DEVICE_0456_A,IP_0456_A,923,2,1,0
TXN_005155,USER_1137,MERCHANT_124,312.61,2026-07-15 06:52:04.362924,DEVICE_1137_A,IP_1137_A,1400,0,0,0
TXN_004419,USER_0102,MERCHANT_011,1760.22,2026-07-15 07:45:04.362924,DEVICE_RING_D_02,IP_RING_D_01,47,8,5,1
TXN_000585,USER_0046,MERCHANT_004,2998.63,2026-07-15 08:06:04.362924,DEVICE_RING_B_02,IP_RING_B_02,72,6,1,1
TXN_003930,USER_0684,MERCHANT_015,682.74,2026-07-15 09:04:04.362924,DEVICE_0684_A,IP_0684_A,1094,0,0,0
TXN_004734,USER_0615,MERCHANT_069,855.76,2026-07-15 09:58:04.362924,DEVICE_0615_A,IP_0615_A,1178,0,0,0
TXN_005110,USER_0897,MERCHANT_047,637.62,2026-07-15 10:20:04.362924,DEVICE_0897_A,IP_0897_A,1361,1,0,0
TXN_001637,USER_0875,MERCHANT_038,293.12,2026-07-15 10:24:04.362924,DEVICE_0875_A,IP_0875_A,1011,0,0,0
TXN_000324,USER_1441,MERCHANT_085,2881.94,2026-07-15 10:25:04.362924,DEVICE_1441_A,IP_1441_A,1188,2,2,0
TXN_005486,USER_0297,MERCHANT_037,1049.21,2026-07-15 10:34:04.362924,DEVICE_0297_A,IP_0297_A,1289,0,0,0
TXN_001270,USER_0246,MERCHANT_101,1516.26,2026-07-15 10:46:04.362924,DEVICE_0246_A,IP_0246_A,105,0,0,0
TXN_001912,USER_0996,MERCHANT_015,3198.4,2026-07-15 10:47:04.362924,DEVICE_0996_A,IP_0996_A,253,0,2,0
TXN_002878,USER_1474,MERCHANT_069,363.61,2026-07-15 10:56:04.362924,DEVICE_1474_A,IP_1474_A,221,1,0,0
TXN_002220,USER_1456,MERCHANT_077,498.53,2026-07-15 10:56:04.362924,DEVICE_1456_A,IP_1456_A,499,2,0,0
TXN_002877,USER_0061,MERCHANT_009,979.99,2026-07-15 10:56:04.362924,DEVICE_RING_C_01,IP_RING_C_02,46,6,2,1
TXN_005167,USER_1065,MERCHANT_123,411.27,2026-07-15 11:09:04.362924,DEVICE_1065_A,IP_1065_A,381,1,0,0
TXN_003646,USER_1219,MERCHANT_030,260.19,2026-07-15 11:31:04.362924,DEVICE_1219_A,IP_1219_A,197,0,0,0
TXN_000821,USER_0388,MERCHANT_035,407.06,2026-07-15 11:41:04.362924,DEVICE_0388_A,IP_0388_A,1014,0,0,0
TXN_004062,USER_1440,MERCHANT_084,739.8,2026-07-15 12:19:04.362924,DEVICE_1440_A,IP_1440_A,1404,0,0,0
TXN_000755,USER_1193,MERCHANT_137,294.38,2026-07-15 12:45:04.362924,DEVICE_1193_A,IP_1193_A,664,1,0,0
TXN_002438,USER_0448,MERCHANT_125,1114.84,2026-07-15 13:02:04.362924,DEVICE_0448_A,IP_0448_A,1393,0,2,0
TXN_003230,USER_1156,MERCHANT_033,582.7,2026-07-15 13:03:04.362924,DEVICE_1156_A,IP_1156_A,35,1,0,0
TXN_005690,USER_0388,MERCHANT_122,528.87,2026-07-15 13:04:04.362924,DEVICE_0388_A,IP_0388_A,732,0,0,0
TXN_003527,USER_1233,MERCHANT_107,517.22,2026-07-15 13:46:04.362924,DEVICE_1233_A,IP_1233_A,1127,0,0,0
TXN_004978,USER_1462,MERCHANT_013,654.45,2026-07-15 14:45:04.362924,DEVICE_1462_A,IP_1462_A,199,1,1,0
TXN_005389,USER_0921,MERCHANT_068,221.16,2026-07-15 14:45:04.362924,DEVICE_0921_A,IP_0921_A,1218,0,0,0
TXN_001142,USER_0534,MERCHANT_128,1683.63,2026-07-15 14:58:04.362924,DEVICE_0534_A,IP_0534_A,1331,1,0,0
TXN_000986,USER_0948,MERCHANT_018,251.68,2026-07-15 15:06:04.362924,DEVICE_0948_A,IP_0948_A,1136,0,0,0
TXN_003598,USER_1099,MERCHANT_036,1277.01,2026-07-15 15:24:04.362924,DEVICE_1099_A,IP_1099_A,675,2,0,0
TXN_005468,USER_1348,MERCHANT_122,723.42,2026-07-15 15:54:04.362924,DEVICE_1348_A,IP_1348_A,365,1,0,0
TXN_004187,USER_0728,MERCHANT_056,3493.77,2026-07-15 16:07:04.362924,DEVICE_0728_A,IP_0728_A,291,0,0,0
TXN_004264,USER_1475,MERCHANT_078,482.08,2026-07-15 16:25:04.362924,DEVICE_1475_A,IP_1475_A,1274,1,1,0
TXN_002108,USER_0683,MERCHANT_048,968.48,2026-07-15 17:03:04.362924,DEVICE_0683_A,IP_0683_A,596,0,0,0
TXN_004522,USER_1466,MERCHANT_096,1343.02,2026-07-15 17:21:04.362924,DEVICE_1466_A,IP_1466_A,38,0,0,0
TXN_000783,USER_1265,MERCHANT_076,797.98,2026-07-15 18:16:04.362924,DEVICE_1265_A,IP_1265_A,1141,0,0,0
TXN_003481,USER_0995,MERCHANT_037,478.33,2026-07-15 18:21:04.362924,DEVICE_0995_A,IP_0995_A,1009,0,0,0
TXN_002012,USER_0353,MERCHANT_010,338.62,2026-07-15 18:29:04.362924,DEVICE_0353_A,IP_0353_A,898,0,0,0
TXN_005254,USER_1284,MERCHANT_145,197.29,2026-07-15 18:39:04.362924,DEVICE_1284_A,IP_1284_A,1348,0,2,0
TXN_003270,USER_0763,MERCHANT_145,974.38,2026-07-15 18:47:04.362924,DEVICE_0763_A,IP_0763_A,761,1,0,0
TXN_002286,USER_0861,MERCHANT_041,848.5,2026-07-15 18:51:04.362924,DEVICE_0861_A,IP_0861_A,375,0,0,0
TXN_005116,USER_0609,MERCHANT_092,885.76,2026-07-15 18:55:04.362924,DEVICE_0609_A,IP_0609_A,282,0,0,0
TXN_000364,USER_0101,MERCHANT_010,3735.95,2026-07-15 19:43:04.362924,DEVICE_RING_D_01,IP_RING_D_02,15,2,3,1
TXN_001592,USER_1465,MERCHANT_113,67.08,2026-07-15 20:36:04.362924,DEVICE_1465_A,IP_1465_A,361,0,0,0
TXN_005904,USER_0149,MERCHANT_075,1328.81,2026-07-15 21:28:04.362924,DEVICE_0149_A,IP_0149_A,952,0,0,0
TXN_003286,USER_0099,MERCHANT_011,11242.6,2026-07-15 22:03:04.362924,DEVICE_RING_D_01,IP_RING_D_01,65,4,2,1
TXN_003488,USER_0968,MERCHANT_067,987.94,2026-07-15 22:18:04.362924,DEVICE_0968_A,IP_0968_A,1382,1,0,0
TXN_005642,USER_0184,MERCHANT_049,394.36,2026-07-15 22:37:04.362924,DEVICE_0184_A,IP_0184_A,1204,0,1,0
TXN_002995,USER_0368,MERCHANT_121,293.83,2026-07-15 22:42:04.362924,DEVICE_0368_A,IP_0368_A,389,0,0,0
TXN_005554,USER_0481,MERCHANT_126,968.68,2026-07-15 23:42:04.362924,DEVICE_0481_A,IP_0481_A,168,0,0,0
TXN_002172,USER_0025,MERCHANT_001,2317.15,2026-07-15 23:49:04.362924,DEVICE_RING_A_01,IP_RING_A_02,41,6,4,1
TXN_001922,USER_0489,MERCHANT_067,1051.38,2026-07-16 00:41:04.362924,DEVICE_0489_A,IP_0489_A,595,0,0,0
TXN_000027,USER_0066,MERCHANT_008,790.81,2026-07-16 00:45:04.362924,DEVICE_RING_C_01,IP_RING_C_02,15,8,1,1
TXN_004951,USER_0383,MERCHANT_144,718.44,2026-07-16 00:49:04.362924,DEVICE_0383_A,IP_0383_A,520,0,1,0
TXN_003178,USER_1092,MERCHANT_130,411.94,2026-07-16 00:54:04.362924,DEVICE_1092_A,IP_1092_A,616,0,0,0
TXN_000164,USER_1066,MERCHANT_073,324.22,2026-07-16 01:01:04.362924,DEVICE_1066_A,IP_1066_A,812,0,0,0
TXN_002762,USER_0398,MERCHANT_057,328.22,2026-07-16 02:31:04.362924,DEVICE_0398_A,IP_0398_A,469,0,0,0
TXN_003437,USER_0004,MERCHANT_003,4437.25,2026-07-16 02:44:04.362924,DEVICE_RING_A_02,IP_RING_A_01,90,5,2,1
TXN_000073,USER_0828,MERCHANT_077,584.09,2026-07-16 03:30:04.362924,DEVICE_0828_A,IP_0828_A,1338,2,0,0
TXN_000275,USER_0359,MERCHANT_053,287.38,2026-07-16 03:44:04.362924,DEVICE_0359_A,IP_0359_A,1498,0,0,0
TXN_002355,USER_1343,MERCHANT_011,1489.04,2026-07-16 04:08:04.362924,DEVICE_1343_A,IP_1343_A,1387,2,0,0
TXN_000049,USER_0007,MERCHANT_002,3525.1,2026-07-16 04:11:04.362924,DEVICE_RING_A_02,IP_RING_A_01,57,7,4,1
TXN_000126,USER_0969,MERCHANT_070,3101.9,2026-07-16 04:11:04.362924,DEVICE_0969_A,IP_0969_A,471,1,0,0
TXN_003397,USER_0658,MERCHANT_034,876.66,2026-07-16 05:26:04.362924,DEVICE_0658_A,IP_0658_A,327,0,2,0
TXN_005959,USER_1135,MERCHANT_044,429.53,2026-07-16 05:35:04.362924,DEVICE_1135_A,IP_1135_A,1259,0,0,0
TXN_005195,USER_0865,MERCHANT_069,150.2,2026-07-16 06:00:04.362924,DEVICE_0865_A,IP_0865_A,1199,0,0,0
TXN_005060,USER_0467,MERCHANT_139,436.6,2026-07-16 06:05:04.362924,DEVICE_0467_A,IP_0467_A,454,1,0,0
TXN_003144,USER_0817,MERCHANT_138,381.77,2026-07-16 06:29:04.362924,DEVICE_0817_A,IP_0817_A,89,0,0,0
TXN_005604,USER_0355,MERCHANT_077,1242.23,2026-07-16 06:31:04.362924,DEVICE_0355_A,IP_0355_A,1082,0,1,0
TXN_005735,USER_0577,MERCHANT_062,390.09,2026-07-16 06:56:04.362924,DEVICE_0577_A,IP_0577_A,50,0,0,0
TXN_002047,USER_0009,MERCHANT_001,2500.52,2026-07-16 07:09:04.362924,DEVICE_RING_A_01,IP_RING_A_02,82,7,1,1
TXN_005234,USER_1186,MERCHANT_150,494.83,2026-07-16 07:15:04.362924,DEVICE_1186_A,IP_1186_A,1317,2,0,0
TXN_004456,USER_0209,MERCHANT_022,745.07,2026-07-16 08:34:04.362924,DEVICE_0209_A,IP_0209_A,847,0,0,0
TXN_003906,USER_0085,MERCHANT_009,1811.69,2026-07-16 09:11:04.362924,DEVICE_RING_C_02,IP_RING_C_02,77,6,2,1
TXN_002115,USER_0431,MERCHANT_119,1045.81,2026-07-16 09:18:04.362924,DEVICE_0431_A,IP_0431_A,1051,0,0,0
TXN_004449,USER_0634,MERCHANT_062,860.48,2026-07-16 09:50:04.362924,DEVICE_0634_A,IP_0634_A,854,0,0,0
TXN_000406,USER_0140,MERCHANT_003,957.25,2026-07-16 10:47:04.362924,DEVICE_0140_A,IP_0140_A,1454,0,0,0
TXN_000203,USER_0300,MERCHANT_082,1351.83,2026-07-16 10:53:04.362924,DEVICE_0300_A,IP_0300_A,1397,0,0,0
TXN_003267,USER_0917,MERCHANT_014,310.5,2026-07-16 11:03:04.362924,DEVICE_0917_A,IP_0917_A,1436,1,0,0
TXN_003854,USER_1457,MERCHANT_097,261.53,2026-07-16 11:20:04.362924,DEVICE_1457_A,IP_1457_A,1429,0,0,0
TXN_005986,USER_0139,MERCHANT_086,391.53,2026-07-16 12:36:04.362924,DEVICE_0139_A,IP_0139_A,1450,0,2,0
TXN_000193,USER_1355,MERCHANT_110,704.51,2026-07-16 12:39:04.362924,DEVICE_1355_A,IP_1355_A,371,0,0,0
TXN_002426,USER_0145,MERCHANT_023,882.38,2026-07-16 12:41:04.362924,DEVICE_0145_A,IP_0145_A,682,0,1,0
TXN_003721,USER_1092,MERCHANT_047,1266.0,2026-07-16 13:00:04.362924,DEVICE_1092_A,IP_1092_A,799,0,0,0
TXN_004863,USER_1062,MERCHANT_065,358.41,2026-07-16 13:06:04.362924,DEVICE_1062_A,IP_1062_A,86,2,0,0
TXN_004209,USER_0812,MERCHANT_134,315.54,2026-07-16 13:43:04.362924,DEVICE_0812_A,IP_0812_A,879,1,1,0
TXN_000289,USER_1345,MERCHANT_013,740.76,2026-07-16 13:47:04.362924,DEVICE_1345_A,IP_1345_A,531,1,0,0
TXN_003369,USER_0310,MERCHANT_143,810.21,2026-07-16 14:13:04.362924,DEVICE_0310_A,IP_0310_A,605,0,0,0
TXN_001658,USER_1100,MERCHANT_018,1611.83,2026-07-16 14:21:04.362924,DEVICE_1100_A,IP_1100_A,261,0,2,0
TXN_003760,USER_1342,MERCHANT_074,590.06,2026-07-16 14:26:04.362924,DEVICE_1342_A,IP_1342_A,32,0,1,0
TXN_005886,USER_0024,MERCHANT_003,13310.55,2026-07-16 14:27:04.362924,DEVICE_RING_A_01,IP_RING_A_01,61,4,2,1
TXN_002098,USER_0785,MERCHANT_077,268.55,2026-07-16 14:31:04.362924,DEVICE_0785_A,IP_0785_A,1332,0,0,0
TXN_002213,USER_1019,MERCHANT_103,1162.91,2026-07-16 14:36:04.362924,DEVICE_1019_A,IP_1019_A,436,0,0,0
TXN_002444,USER_0878,MERCHANT_107,1006.48,2026-07-16 15:11:04.362924,DEVICE_0878_A,IP_0878_A,534,0,0,0
TXN_003939,USER_0473,MERCHANT_142,461.67,2026-07-16 15:30:04.362924,DEVICE_0473_A,IP_0473_A,872,0,0,0
TXN_002922,USER_0335,MERCHANT_068,1049.1,2026-07-16 15:38:04.362924,DEVICE_0335_A,IP_0335_A,859,0,0,0
TXN_004549,USER_0346,MERCHANT_125,816.35,2026-07-16 15:50:04.362924,DEVICE_0346_A,IP_0346_A,953,0,0,0
TXN_001249,USER_1014,MERCHANT_006,714.99,2026-07-16 17:54:04.362924,DEVICE_1014_A,IP_1014_A,360,0,0,0
TXN_002631,USER_0947,MERCHANT_086,749.47,2026-07-16 17:59:04.362924,DEVICE_0947_A,IP_0947_A,1285,0,0,0
TXN_002469,USER_0446,MERCHANT_030,1001.67,2026-07-16 18:17:04.362924,DEVICE_0446_A,IP_0446_A,564,0,0,0
TXN_003612,USER_0257,MERCHANT_015,652.27,2026-07-16 18:34:04.362924,DEVICE_0257_A,IP_0257_A,718,1,0,0
TXN_003967,USER_1288,MERCHANT_003,757.68,2026-07-16 18:35:04.362924,DEVICE_1288_A,IP_1288_A,368,0,0,0
TXN_001282,USER_0731,MERCHANT_147,535.17,2026-07-16 18:48:04.362924,DEVICE_0731_A,IP_0731_A,40,0,2,0
TXN_000965,USER_0903,MERCHANT_081,560.95,2026-07-16 18:59:04.362924,DEVICE_0903_A,IP_0903_A,1115,0,0,0
TXN_002670,USER_0379,MERCHANT_039,959.25,2026-07-16 19:12:04.362924,DEVICE_0379_A,IP_0379_A,180,0,0,0
TXN_003261,USER_1390,MERCHANT_086,501.87,2026-07-16 19:21:04.362924,DEVICE_1390_A,IP_1390_A,751,0,2,0
TXN_002982,USER_1426,MERCHANT_113,1558.06,2026-07-16 19:23:04.362924,DEVICE_1426_A,IP_1426_A,629,0,0,0
TXN_002747,USER_0532,MERCHANT_071,719.04,2026-07-16 20:08:04.362924,DEVICE_0532_A,IP_0532_A,1006,2,0,0
TXN_001764,USER_0059,MERCHANT_006,503.75,2026-07-16 20:16:04.362924,DEVICE_RING_B_01,IP_RING_B_02,53,4,5,1
TXN_004298,USER_0710,MERCHANT_007,659.6,2026-07-16 21:01:04.362924,DEVICE_0710_A,IP_0710_A,293,0,0,0
TXN_000737,USER_0806,MERCHANT_067,727.02,2026-07-16 21:15:04.362924,DEVICE_0806_A,IP_0806_A,769,0,0,0
TXN_000198,USER_0880,MERCHANT_096,673.32,2026-07-16 21:24:04.362924,DEVICE_0880_A,IP_0880_A,939,1,0,0
TXN_001300,USER_1487,MERCHANT_115,763.72,2026-07-16 21:25:04.362924,DEVICE_1487_A,IP_1487_A,335,1,0,0
TXN_003433,USER_0089,MERCHANT_007,4214.54,2026-07-16 21:52:04.362924,DEVICE_RING_C_01,IP_RING_C_02,50,4,4,1
TXN_005280,USER_0199,MERCHANT_129,636.61,2026-07-16 22:31:04.362924,DEVICE_0199_A,IP_0199_A,769,0,0,0
TXN_003877,USER_0119,MERCHANT_010,6464.38,2026-07-16 22:50:04.362924,DEVICE_RING_D_01,IP_RING_D_01,52,3,4,1
TXN_002428,USER_0854,MERCHANT_123,572.66,2026-07-16 23:17:04.362924,DEVICE_0854_A,IP_0854_A,788,0,0,0
TXN_005681,USER_0164,MERCHANT_150,293.99,2026-07-16 23:43:04.362924,DEVICE_0164_A,IP_0164_A,426,0,0,0
TXN_004715,USER_1119,MERCHANT_001,637.71,2026-07-17 00:14:04.362924,DEVICE_1119_A,IP_1119_A,935,0,0,0
TXN_004649,USER_0865,MERCHANT_062,178.47,2026-07-17 00:15:04.362924,DEVICE_0865_A,IP_0865_A,991,2,0,0
TXN_003096,USER_0850,MERCHANT_134,1566.39,2026-07-17 00:23:04.362924,DEVICE_0850_A,IP_0850_A,1080,1,0,0
TXN_001716,USER_0980,MERCHANT_135,560.61,2026-07-17 00:40:04.362924,DEVICE_0980_A,IP_0980_A,468,0,0,0
TXN_004385,USER_1497,MERCHANT_007,380.44,2026-07-17 00:50:04.362924,DEVICE_1497_A,IP_1497_A,873,0,0,0
TXN_005050,USER_0661,MERCHANT_070,521.61,2026-07-17 00:51:04.362924,DEVICE_0661_A,IP_0661_A,803,1,0,0
TXN_005878,USER_0699,MERCHANT_089,798.32,2026-07-17 01:11:04.362924,DEVICE_0699_A,IP_0699_A,291,0,0,0
TXN_005381,USER_0396,MERCHANT_034,386.49,2026-07-17 01:29:04.362924,DEVICE_0396_A,IP_0396_A,522,0,0,0
TXN_005429,USER_0946,MERCHANT_149,336.48,2026-07-17 01:43:04.362924,DEVICE_0946_A,IP_0946_A,378,1,0,0
TXN_005090,USER_0237,MERCHANT_147,351.34,2026-07-17 01:43:04.362924,DEVICE_0237_A,IP_0237_A,651,0,0,0
TXN_000453,USER_0752,MERCHANT_119,286.47,2026-07-17 01:45:04.362924,DEVICE_0752_A,IP_0752_A,572,1,0,0
TXN_000393,USER_0275,MERCHANT_024,222.91,2026-07-17 01:55:04.362924,DEVICE_0275_A,IP_0275_A,855,0,0,0
TXN_000554,USER_0681,MERCHANT_054,726.14,2026-07-17 02:03:04.362924,DEVICE_0681_A,IP_0681_A,375,0,0,0
TXN_004434,USER_1360,MERCHANT_030,393.77,2026-07-17 02:45:04.362924,DEVICE_1360_A,IP_1360_A,497,0,0,0
TXN_004251,USER_0551,MERCHANT_119,1344.04,2026-07-17 02:53:04.362924,DEVICE_0551_A,IP_0551_A,1083,0,0,0
TXN_003237,USER_0613,MERCHANT_024,1277.31,2026-07-17 03:18:04.362924,DEVICE_0613_A,IP_0613_A,309,2,0,0
TXN_004215,USER_0161,MERCHANT_063,620.82,2026-07-17 03:19:04.362924,DEVICE_0161_A,IP_0161_A,866,0,1,0
TXN_001798,USER_0069,MERCHANT_008,1127.8,2026-07-17 03:20:04.362924,DEVICE_RING_C_01,IP_RING_C_01,56,3,2,1
TXN_000450,USER_0677,MERCHANT_060,271.11,2026-07-17 03:35:04.362924,DEVICE_0677_A,IP_0677_A,182,2,0,0
TXN_004792,USER_0179,MERCHANT_123,444.53,2026-07-17 03:44:04.362924,DEVICE_0179_A,IP_0179_A,1448,0,0,0
TXN_000605,USER_0394,MERCHANT_036,818.12,2026-07-17 03:47:04.362924,DEVICE_0394_A,IP_0394_A,875,0,1,0
TXN_003110,USER_1168,MERCHANT_080,147.61,2026-07-17 04:15:04.362924,DEVICE_1168_A,IP_1168_A,340,0,0,0
TXN_002602,USER_0426,MERCHANT_076,955.0,2026-07-17 04:20:04.362924,DEVICE_0426_A,IP_0426_A,320,1,0,0
TXN_000425,USER_1374,MERCHANT_015,973.56,2026-07-17 04:56:04.362924,DEVICE_1374_A,IP_1374_A,663,0,0,0
TXN_004740,USER_0997,MERCHANT_128,1015.41,2026-07-17 05:15:04.362924,DEVICE_0997_A,IP_0997_A,190,0,0,0
TXN_002917,USER_1100,MERCHANT_016,525.98,2026-07-17 05:22:04.362924,DEVICE_1100_A,IP_1100_A,854,1,0,0
TXN_002960,USER_0341,MERCHANT_084,261.7,2026-07-17 05:36:04.362924,DEVICE_0341_A,IP_0341_A,701,0,0,0
TXN_000876,USER_0960,MERCHANT_114,2305.03,2026-07-17 05:44:04.362924,DEVICE_0960_A,IP_0960_A,192,0,0,0
TXN_001906,USER_0001,MERCHANT_002,3911.84,2026-07-17 05:47:04.362924,DEVICE_RING_A_02,IP_RING_A_01,36,6,4,1
TXN_002898,USER_0033,MERCHANT_005,14027.05,2026-07-17 06:01:04.362924,DEVICE_RING_B_01,IP_RING_B_02,22,3,3,1
TXN_000950,USER_1170,MERCHANT_121,720.13,2026-07-17 06:23:04.362924,DEVICE_1170_A,IP_1170_A,1205,1,0,0
TXN_003614,USER_0750,MERCHANT_069,807.38,2026-07-17 06:32:04.362924,DEVICE_0750_A,IP_0750_A,995,0,0,0
TXN_001287,USER_0321,MERCHANT_038,151.38,2026-07-17 06:59:04.362924,DEVICE_0321_A,IP_0321_A,1487,0,0,0
TXN_005033,USER_0383,MERCHANT_035,1038.13,2026-07-17 07:18:04.362924,DEVICE_0383_A,IP_0383_A,1123,0,0,0
TXN_000270,USER_1361,MERCHANT_096,661.81,2026-07-17 08:26:04.362924,DEVICE_1361_A,IP_1361_A,881,1,1,0
TXN_001232,USER_1493,MERCHANT_116,214.77,2026-07-17 08:29:04.362924,DEVICE_1493_A,IP_1493_A,1307,1,0,0
TXN_001641,USER_1442,MERCHANT_104,611.0,2026-07-17 08:32:04.362924,DEVICE_1442_A,IP_1442_A,235,1,0,0
TXN_002495,USER_1308,MERCHANT_143,233.82,2026-07-17 09:01:04.362924,DEVICE_1308_A,IP_1308_A,589,0,0,0
TXN_005361,USER_1290,MERCHANT_051,579.54,2026-07-17 09:18:04.362924,DEVICE_1290_A,IP_1290_A,1262,1,2,0
TXN_000918,USER_0756,MERCHANT_120,690.13,2026-07-17 09:46:04.362924,DEVICE_0756_A,IP_0756_A,993,0,0,0
TXN_000593,USER_0819,MERCHANT_094,859.34,2026-07-17 11:08:04.362924,DEVICE_0819_A,IP_0819_A,141,1,1,0
TXN_000400,USER_0122,MERCHANT_110,1518.22,2026-07-17 11:48:04.362924,DEVICE_0122_A,IP_0122_A,444,2,1,0
TXN_000574,USER_0069,MERCHANT_007,2008.1,2026-07-17 12:19:04.362924,DEVICE_RING_C_02,IP_RING_C_01,23,8,1,1
TXN_000074,USER_0739,MERCHANT_051,1939.94,2026-07-17 12:30:04.362924,DEVICE_0739_A,IP_0739_A,817,1,0,0
TXN_002218,USER_0154,MERCHANT_002,570.97,2026-07-17 12:45:04.362924,DEVICE_0154_A,IP_0154_A,808,1,0,0
TXN_005663,USER_0802,MERCHANT_089,603.32,2026-07-17 13:40:04.362924,DEVICE_0802_A,IP_0802_A,375,0,0,0
TXN_001530,USER_1461,MERCHANT_042,259.1,2026-07-17 14:01:04.362924,DEVICE_1461_A,IP_1461_A,1212,0,0,0
TXN_001024,USER_0518,MERCHANT_092,2991.81,2026-07-17 14:28:04.362924,DEVICE_0518_A,IP_0518_A,582,0,0,0
TXN_005941,USER_0492,MERCHANT_111,222.8,2026-07-17 15:12:04.362924,DEVICE_0492_A,IP_0492_A,655,0,0,0
TXN_001026,USER_0977,MERCHANT_044,832.28,2026-07-17 16:18:04.362924,DEVICE_0977_A,IP_0977_A,733,0,0,0
TXN_004585,USER_0164,MERCHANT_093,520.99,2026-07-17 16:28:04.362924,DEVICE_0164_A,IP_0164_A,1449,0,0,0
TXN_004736,USER_0134,MERCHANT_136,1230.66,2026-07-17 16:44:04.362924,DEVICE_0134_A,IP_0134_A,790,0,0,0
TXN_000713,USER_0119,MERCHANT_010,1449.72,2026-07-17 16:54:04.362924,DEVICE_RING_D_01,IP_RING_D_02,34,2,4,1
TXN_004583,USER_1399,MERCHANT_052,597.33,2026-07-17 17:00:04.362924,DEVICE_1399_A,IP_1399_A,1452,0,1,0
TXN_000535,USER_0637,MERCHANT_056,367.99,2026-07-17 17:13:04.362924,DEVICE_0637_A,IP_0637_A,985,0,0,0
TXN_004406,USER_1415,MERCHANT_077,1132.4,2026-07-17 18:03:04.362924,DEVICE_1415_A,IP_1415_A,679,0,0,0
TXN_005802,USER_1002,MERCHANT_150,501.83,2026-07-17 18:26:04.362924,DEVICE_1002_A,IP_1002_A,280,0,1,0
TXN_002642,USER_0822,MERCHANT_096,509.48,2026-07-17 18:33:04.362924,DEVICE_0822_A,IP_0822_A,990,2,0,0
TXN_001127,USER_0194,MERCHANT_009,752.88,2026-07-17 18:40:04.362924,DEVICE_0194_A,IP_0194_A,392,0,1,0
TXN_005027,USER_1294,MERCHANT_070,276.71,2026-07-17 19:26:04.362924,DEVICE_1294_A,IP_1294_A,1206,0,0,0
TXN_005154,USER_0135,MERCHANT_025,403.44,2026-07-17 20:04:04.362924,DEVICE_0135_A,IP_0135_A,777,0,0,0
TXN_004661,USER_1089,MERCHANT_094,1823.29,2026-07-17 20:59:04.362924,DEVICE_1089_A,IP_1089_A,1104,0,1,0
TXN_003088,USER_1228,MERCHANT_044,1496.91,2026-07-17 21:02:04.362924,DEVICE_1228_A,IP_1228_A,246,0,0,0
TXN_000772,USER_0313,MERCHANT_134,393.5,2026-07-17 21:14:04.362924,DEVICE_0313_A,IP_0313_A,1393,2,0,0
TXN_000052,USER_0361,MERCHANT_040,449.49,2026-07-17 22:34:04.362924,DEVICE_0361_A,IP_0361_A,1050,2,0,0
TXN_003711,USER_0304,MERCHANT_049,204.38,2026-07-17 22:38:04.362924,DEVICE_0304_A,IP_0304_A,100,0,0,0
TXN_003055,USER_1010,MERCHANT_001,2204.23,2026-07-17 23:13:04.362924,DEVICE_1010_A,IP_1010_A,256,0,0,0
TXN_003062,USER_0590,MERCHANT_086,467.45,2026-07-17 23:40:04.362924,DEVICE_0590_A,IP_0590_A,193,2,1,0
TXN_002818,USER_0027,MERCHANT_003,3614.75,2026-07-17 23:42:04.362924,DEVICE_RING_A_02,IP_RING_A_02,50,3,3,1
TXN_005579,USER_0572,MERCHANT_033,218.28,2026-07-18 00:24:04.362924,DEVICE_0572_A,IP_0572_A,378,0,1,0
TXN_005075,USER_0688,MERCHANT_045,697.54,2026-07-18 00:35:04.362924,DEVICE_0688_A,IP_0688_A,271,2,1,0
TXN_003440,USER_0967,MERCHANT_053,747.3,2026-07-18 01:15:04.362924,DEVICE_0967_A,IP_0967_A,903,0,2,0
TXN_003374,USER_1048,MERCHANT_034,2326.98,2026-07-18 01:32:04.362924,DEVICE_1048_A,IP_1048_A,1212,0,0,0
TXN_000656,USER_1033,MERCHANT_092,627.25,2026-07-18 01:38:04.362924,DEVICE_1033_A,IP_1033_A,655,0,0,0
TXN_000285,USER_1500,MERCHANT_140,2971.15,2026-07-18 01:58:04.362924,DEVICE_1500_A,IP_1500_A,898,0,1,0
TXN_005402,USER_1033,MERCHANT_140,445.38,2026-07-18 01:59:04.362924,DEVICE_1033_A,IP_1033_A,1160,0,0,0
TXN_003953,USER_0476,MERCHANT_052,3087.15,2026-07-18 02:02:04.362924,DEVICE_0476_A,IP_0476_A,585,0,0,0
TXN_002532,USER_0683,MERCHANT_145,299.51,2026-07-18 02:21:04.362924,DEVICE_0683_A,IP_0683_A,824,1,0,0
TXN_004909,USER_0616,MERCHANT_014,733.49,2026-07-18 02:39:04.362924,DEVICE_0616_A,IP_0616_A,1233,1,0,0
TXN_001079,USER_0580,MERCHANT_007,1849.18,2026-07-18 02:57:04.362924,DEVICE_0580_A,IP_0580_A,35,0,0,0
TXN_004130,USER_0835,MERCHANT_127,2077.84,2026-07-18 02:59:04.362924,DEVICE_0835_A,IP_0835_A,634,0,0,0
TXN_002675,USER_1469,MERCHANT_102,281.61,2026-07-18 03:04:04.362924,DEVICE_1469_A,IP_1469_A,1482,1,0,0
TXN_002685,USER_1367,MERCHANT_147,771.41,2026-07-18 03:09:04.362924,DEVICE_1367_A,IP_1367_A,502,2,1,0
TXN_004524,USER_0401,MERCHANT_096,2844.74,2026-07-18 03:22:04.362924,DEVICE_0401_A,IP_0401_A,268,1,0,0
TXN_001470,USER_0075,MERCHANT_009,3899.68,2026-07-18 03:23:04.362924,DEVICE_RING_C_02,IP_RING_C_02,78,5,1,1
TXN_005007,USER_1076,MERCHANT_032,1317.24,2026-07-18 03:44:04.362924,DEVICE_1076_A,IP_1076_A,134,0,0,0
TXN_004405,USER_0006,MERCHANT_001,2205.86,2026-07-18 04:00:04.362924,DEVICE_RING_A_01,IP_RING_A_02,16,3,5,1
TXN_004474,USER_0059,MERCHANT_006,4308.16,2026-07-18 04:10:04.362924,DEVICE_RING_B_01,IP_RING_B_02,31,6,2,1
TXN_004440,USER_1194,MERCHANT_062,873.09,2026-07-18 04:56:04.362924,DEVICE_1194_A,IP_1194_A,89,0,0,0
TXN_005738,USER_0939,MERCHANT_123,1730.13,2026-07-18 06:18:04.362924,DEVICE_0939_A,IP_0939_A,783,0,0,0
TXN_000503,USER_0660,MERCHANT_058,210.19,2026-07-18 06:28:04.362924,DEVICE_0660_A,IP_0660_A,580,0,0,0
TXN_003015,USER_1183,MERCHANT_129,387.31,2026-07-18 07:39:04.362924,DEVICE_1183_A,IP_1183_A,1066,1,0,0
TXN_002825,USER_1370,MERCHANT_016,576.88,2026-07-18 07:49:04.362924,DEVICE_1370_A,IP_1370_A,1409,0,0,0
TXN_005483,USER_0634,MERCHANT_121,638.43,2026-07-18 08:02:04.362924,DEVICE_0634_A,IP_0634_A,1043,0,0,0
TXN_004731,USER_1166,MERCHANT_079,245.97,2026-07-18 08:12:04.362924,DEVICE_1166_A,IP_1166_A,1357,0,0,0
TXN_001109,USER_0346,MERCHANT_134,375.82,2026-07-18 08:18:04.362924,DEVICE_0346_A,IP_0346_A,308,0,0,0
TXN_005881,USER_1199,MERCHANT_143,98.91,2026-07-18 08:23:04.362924,DEVICE_1199_A,IP_1199_A,412,0,0,0
TXN_001920,USER_0196,MERCHANT_092,421.1,2026-07-18 09:29:04.362924,DEVICE_0196_A,IP_0196_A,1013,0,0,0
TXN_002616,USER_1446,MERCHANT_134,990.48,2026-07-18 09:52:04.362924,DEVICE_1446_A,IP_1446_A,754,1,0,0
TXN_002065,USER_1240,MERCHANT_048,732.13,2026-07-18 10:21:04.362924,DEVICE_1240_A,IP_1240_A,74,0,0,0
TXN_005499,USER_1449,MERCHANT_027,115.72,2026-07-18 11:27:04.362924,DEVICE_1449_A,IP_1449_A,142,0,0,0
TXN_004199,USER_1298,MERCHANT_138,62.88,2026-07-18 11:53:04.362924,DEVICE_1298_A,IP_1298_A,585,0,0,0
TXN_005013,USER_0559,MERCHANT_081,603.97,2026-07-18 12:00:04.362924,DEVICE_0559_A,IP_0559_A,340,0,0,0
TXN_005919,USER_1262,MERCHANT_023,973.94,2026-07-18 12:12:04.362924,DEVICE_1262_A,IP_1262_A,1000,1,0,0
TXN_005411,USER_0964,MERCHANT_037,404.25,2026-07-18 12:19:04.362924,DEVICE_0964_A,IP_0964_A,935,1,0,0
TXN_005775,USER_0538,MERCHANT_098,755.92,2026-07-18 12:19:04.362924,DEVICE_0538_A,IP_0538_A,1405,0,0,0
TXN_005259,USER_1045,MERCHANT_027,177.09,2026-07-18 13:06:04.362924,DEVICE_1045_A,IP_1045_A,407,0,0,0
TXN_005011,USER_0073,MERCHANT_007,12361.82,2026-07-18 13:32:04.362924,DEVICE_RING_C_02,IP_RING_C_01,44,4,4,1
TXN_001708,USER_1436,MERCHANT_137,2494.49,2026-07-18 13:57:04.362924,DEVICE_1436_A,IP_1436_A,982,0,0,0
TXN_003009,USER_1200,MERCHANT_128,1351.47,2026-07-18 14:00:04.362924,DEVICE_1200_A,IP_1200_A,260,0,0,0
TXN_002800,USER_0203,MERCHANT_130,752.02,2026-07-18 14:48:04.362924,DEVICE_0203_A,IP_0203_A,920,0,0,0
TXN_000143,USER_1026,MERCHANT_078,179.71,2026-07-18 14:54:04.362924,DEVICE_1026_A,IP_1026_A,592,0,0,0
TXN_002611,USER_0440,MERCHANT_034,978.06,2026-07-18 15:13:04.362924,DEVICE_0440_A,IP_0440_A,525,1,1,0
TXN_002806,USER_0229,MERCHANT_105,158.34,2026-07-18 16:45:04.362924,DEVICE_0229_A,IP_0229_A,455,0,0,0
TXN_003815,USER_0437,MERCHANT_034,232.42,2026-07-18 17:13:04.362924,DEVICE_0437_A,IP_0437_A,445,0,1,0
TXN_000044,USER_0833,MERCHANT_105,478.71,2026-07-18 17:17:04.362924,DEVICE_0833_A,IP_0833_A,712,0,0,0
TXN_000180,USER_0210,MERCHANT_100,4614.95,2026-07-18 17:33:04.362924,DEVICE_0210_A,IP_0210_A,794,0,0,0
TXN_004208,USER_1003,MERCHANT_071,70.52,2026-07-18 17:49:04.362924,DEVICE_1003_A,IP_1003_A,41,0,0,0
TXN_003723,USER_0958,MERCHANT_021,175.63,2026-07-18 17:58:04.362924,DEVICE_0958_A,IP_0958_A,1364,0,1,0
TXN_002908,USER_1215,MERCHANT_028,257.08,2026-07-18 18:08:04.362924,DEVICE_1215_A,IP_1215_A,320,1,0,0
TXN_000883,USER_0396,MERCHANT_032,415.65,2026-07-18 19:02:04.362924,DEVICE_0396_A,IP_0396_A,1452,1,0,0
TXN_005387,USER_0746,MERCHANT_003,1652.74,2026-07-18 19:59:04.362924,DEVICE_0746_A,IP_0746_A,539,0,0,0
TXN_000729,USER_1376,MERCHANT_088,400.26,2026-07-18 20:12:04.362924,DEVICE_1376_A,IP_1376_A,779,0,0,0
TXN_004701,USER_0861,MERCHANT_095,284.94,2026-07-18 20:16:04.362924,DEVICE_0861_A,IP_0861_A,934,0,0,0
TXN_001999,USER_0100,MERCHANT_010,2123.84,2026-07-18 20:19:04.362924,DEVICE_RING_D_02,IP_RING_D_01,53,6,3,1
TXN_004011,USER_1149,MERCHANT_002,610.27,2026-07-18 20:29:04.362924,DEVICE_1149_A,IP_1149_A,821,0,2,0
TXN_003249,USER_0357,MERCHANT_106,712.43,2026-07-18 22:06:04.362924,DEVICE_0357_A,IP_0357_A,210,2,0,0
TXN_002838,USER_1425,MERCHANT_128,2031.23,2026-07-18 22:13:04.362924,DEVICE_1425_A,IP_1425_A,570,1,1,0
TXN_000254,USER_0326,MERCHANT_036,1301.51,2026-07-18 22:30:04.362924,DEVICE_0326_A,IP_0326_A,40,2,2,0
TXN_004092,USER_0126,MERCHANT_013,1741.16,2026-07-18 23:22:04.362924,DEVICE_0126_A,IP_0126_A,613,0,0,0
TXN_004177,USER_0872,MERCHANT_130,595.83,2026-07-19 00:20:04.362924,DEVICE_0872_A,IP_0872_A,372,0,0,0
TXN_003962,USER_0792,MERCHANT_088,2476.89,2026-07-19 00:39:04.362924,DEVICE_0792_A,IP_0792_A,234,0,0,0
TXN_001029,USER_1068,MERCHANT_072,950.58,2026-07-19 00:53:04.362924,DEVICE_1068_A,IP_1068_A,59,1,0,0
TXN_004354,USER_1401,MERCHANT_063,171.1,2026-07-19 01:01:04.362924,DEVICE_1401_A,IP_1401_A,596,0,0,0
TXN_002775,USER_0895,MERCHANT_002,415.12,2026-07-19 01:24:04.362924,DEVICE_0895_A,IP_0895_A,380,0,0,0
TXN_001388,USER_0670,MERCHANT_149,1935.39,2026-07-19 01:28:04.362924,DEVICE_0670_A,IP_0670_A,851,0,0,0
TXN_000642,USER_0441,MERCHANT_137,2097.91,2026-07-19 01:58:04.362924,DEVICE_0441_A,IP_0441_A,480,0,0,0
TXN_000113,USER_0258,MERCHANT_024,627.73,2026-07-19 02:35:04.362924,DEVICE_0258_A,IP_0258_A,204,0,0,0
TXN_005973,USER_0064,MERCHANT_007,4963.69,2026-07-19 03:10:04.362924,DEVICE_RING_C_02,IP_RING_C_01,74,4,1,1
TXN_003172,USER_0845,MERCHANT_004,946.83,2026-07-19 03:36:04.362924,DEVICE_0845_A,IP_0845_A,1371,0,1,0
TXN_005727,USER_0707,MERCHANT_069,114.52,2026-07-19 03:41:04.362924,DEVICE_0707_A,IP_0707_A,726,0,0,0
TXN_003689,USER_1041,MERCHANT_004,1561.61,2026-07-19 03:57:04.362924,DEVICE_1041_A,IP_1041_A,544,0,0,0
TXN_001501,USER_1175,MERCHANT_106,1075.67,2026-07-19 04:37:04.362924,DEVICE_1175_A,IP_1175_A,1382,0,2,0
TXN_003623,USER_0031,MERCHANT_004,345.79,2026-07-19 04:39:04.362924,DEVICE_RING_B_02,IP_RING_B_02,41,7,1,1
TXN_003981,USER_0462,MERCHANT_148,1667.12,2026-07-19 05:00:04.362924,DEVICE_0462_A,IP_0462_A,255,0,0,0
TXN_002114,USER_1263,MERCHANT_004,282.96,2026-07-19 05:30:04.362924,DEVICE_1263_A,IP_1263_A,732,0,0,0
TXN_000323,USER_0235,MERCHANT_003,324.82,2026-07-19 06:22:04.362924,DEVICE_0235_A,IP_0235_A,1469,0,0,0
TXN_000017,USER_1443,MERCHANT_126,280.71,2026-07-19 06:34:04.362924,DEVICE_1443_A,IP_1443_A,947,1,0,0
TXN_003410,USER_0213,MERCHANT_093,2785.2,2026-07-19 06:41:04.362924,DEVICE_0213_A,IP_0213_A,682,0,0,0
TXN_004864,USER_0918,MERCHANT_120,217.89,2026-07-19 06:48:04.362924,DEVICE_0918_A,IP_0918_A,889,0,0,0
TXN_000963,USER_1211,MERCHANT_060,695.28,2026-07-19 06:57:04.362924,DEVICE_1211_A,IP_1211_A,807,0,0,0
TXN_001511,USER_1494,MERCHANT_032,254.85,2026-07-19 07:01:04.362924,DEVICE_1494_A,IP_1494_A,1392,0,0,0
TXN_004683,USER_1484,MERCHANT_078,1808.41,2026-07-19 07:45:04.362924,DEVICE_1484_A,IP_1484_A,734,1,0,0
TXN_001807,USER_0088,MERCHANT_008,3265.51,2026-07-19 08:01:04.362924,DEVICE_RING_C_01,IP_RING_C_01,88,2,2,1
TXN_003316,USER_0453,MERCHANT_001,819.97,2026-07-19 08:03:04.362924,DEVICE_0453_A,IP_0453_A,140,0,0,0
TXN_002798,USER_0709,MERCHANT_126,157.2,2026-07-19 08:04:04.362924,DEVICE_0709_A,IP_0709_A,1099,1,0,0
TXN_004856,USER_0218,MERCHANT_115,3479.59,2026-07-19 08:04:04.362924,DEVICE_0218_A,IP_0218_A,480,1,1,0
TXN_003557,USER_0787,MERCHANT_006,970.04,2026-07-19 08:16:04.362924,DEVICE_0787_A,IP_0787_A,861,2,0,0
TXN_003945,USER_0704,MERCHANT_011,440.44,2026-07-19 09:01:04.362924,DEVICE_0704_A,IP_0704_A,68,1,0,0
TXN_005104,USER_0967,MERCHANT_031,636.2,2026-07-19 09:15:04.362924,DEVICE_0967_A,IP_0967_A,245,0,0,0
TXN_004745,USER_0087,MERCHANT_009,12436.43,2026-07-19 10:21:04.362924,DEVICE_RING_C_01,IP_RING_C_01,18,3,3,1
TXN_003023,USER_0688,MERCHANT_131,440.7,2026-07-19 10:40:04.362924,DEVICE_0688_A,IP_0688_A,424,0,1,0
TXN_002166,USER_0359,MERCHANT_114,280.23,2026-07-19 11:23:04.362924,DEVICE_0359_A,IP_0359_A,200,0,0,0
TXN_005250,USER_0397,MERCHANT_080,824.56,2026-07-19 11:25:04.362924,DEVICE_0397_A,IP_0397_A,803,0,0,0
TXN_002523,USER_1421,MERCHANT_011,790.4,2026-07-19 11:42:04.362924,DEVICE_1421_A,IP_1421_A,1420,0,0,0
TXN_002471,USER_0207,MERCHANT_011,1341.66,2026-07-19 12:15:04.362924,DEVICE_0207_A,IP_0207_A,478,1,1,0
TXN_002551,USER_0559,MERCHANT_026,182.63,2026-07-19 12:20:04.362924,DEVICE_0559_A,IP_0559_A,383,0,0,0
TXN_004621,USER_0322,MERCHANT_131,426.97,2026-07-19 12:47:04.362924,DEVICE_0322_A,IP_0322_A,1044,0,1,0
TXN_004895,USER_0740,MERCHANT_025,270.09,2026-07-19 13:04:04.362924,DEVICE_0740_A,IP_0740_A,447,0,0,0
TXN_000355,USER_1313,MERCHANT_103,591.5,2026-07-19 13:26:04.362924,DEVICE_1313_A,IP_1313_A,1124,0,1,0
TXN_001595,USER_1483,MERCHANT_069,101.98,2026-07-19 13:34:04.362924,DEVICE_1483_A,IP_1483_A,273,0,0,0
TXN_002628,USER_0259,MERCHANT_091,1012.68,2026-07-19 13:55:04.362924,DEVICE_0259_A,IP_0259_A,708,0,1,0
TXN_002496,USER_0250,MERCHANT_040,1104.15,2026-07-19 14:30:04.362924,DEVICE_0250_A,IP_0250_A,471,0,0,0
TXN_003083,USER_1290,MERCHANT_069,137.23,2026-07-19 14:52:04.362924,DEVICE_1290_A,IP_1290_A,538,0,0,0
TXN_005308,USER_0175,MERCHANT_055,316.77,2026-07-19 15:12:04.362924,DEVICE_0175_A,IP_0175_A,509,0,1,0
TXN_002748,USER_0572,MERCHANT_113,253.07,2026-07-19 15:52:04.362924,DEVICE_0572_A,IP_0572_A,303,0,0,0
TXN_000610,USER_1314,MERCHANT_147,1842.66,2026-07-19 15:55:04.362924,DEVICE_1314_A,IP_1314_A,1396,1,0,0
TXN_005472,USER_0006,MERCHANT_001,3662.06,2026-07-19 15:56:04.362924,DEVICE_RING_A_01,IP_RING_A_02,8,6,2,1
TXN_001083,USER_1279,MERCHANT_112,471.4,2026-07-19 16:10:04.362924,DEVICE_1279_A,IP_1279_A,558,0,0,0
TXN_005245,USER_1499,MERCHANT_040,1243.86,2026-07-19 16:10:04.362924,DEVICE_1499_A,IP_1499_A,55,1,0,0
TXN_002085,USER_0192,MERCHANT_067,397.04,2026-07-19 16:32:04.362924,DEVICE_0192_A,IP_0192_A,893,0,0,0
TXN_005889,USER_0726,MERCHANT_022,109.66,2026-07-19 16:46:04.362924,DEVICE_0726_A,IP_0726_A,556,1,0,0
TXN_005982,USER_0295,MERCHANT_139,2027.12,2026-07-19 17:02:04.362924,DEVICE_0295_A,IP_0295_A,1423,2,1,0
TXN_002258,USER_0449,MERCHANT_063,437.62,2026-07-19 17:08:04.362924,DEVICE_0449_A,IP_0449_A,831,1,0,0
TXN_005244,USER_0342,MERCHANT_042,980.2,2026-07-19 17:21:04.362924,DEVICE_0342_A,IP_0342_A,881,0,0,0
TXN_003848,USER_1482,MERCHANT_016,424.0,2026-07-19 17:37:04.362924,DEVICE_1482_A,IP_1482_A,473,0,0,0
TXN_001298,USER_1294,MERCHANT_080,482.62,2026-07-19 17:40:04.362924,DEVICE_1294_A,IP_1294_A,1188,0,0,0
TXN_000895,USER_0439,MERCHANT_118,1691.8,2026-07-19 18:22:04.362924,DEVICE_0439_A,IP_0439_A,1129,1,0,0
TXN_005537,USER_1242,MERCHANT_065,271.84,2026-07-19 18:59:04.362924,DEVICE_1242_A,IP_1242_A,1427,0,0,0
TXN_004946,USER_0082,MERCHANT_009,7073.48,2026-07-19 19:27:04.362924,DEVICE_RING_C_02,IP_RING_C_01,79,2,2,1
TXN_005243,USER_0031,MERCHANT_005,5297.12,2026-07-19 19:43:04.362924,DEVICE_RING_B_01,IP_RING_B_01,64,7,5,1
TXN_001892,USER_0227,MERCHANT_100,602.9,2026-07-19 19:51:04.362924,DEVICE_0227_A,IP_0227_A,802,0,0,0
TXN_005087,USER_1280,MERCHANT_149,592.4,2026-07-19 19:53:04.362924,DEVICE_1280_A,IP_1280_A,54,2,0,0
TXN_000685,USER_1471,MERCHANT_034,239.93,2026-07-19 20:00:04.362924,DEVICE_1471_A,IP_1471_A,1265,0,0,0
TXN_002681,USER_1147,MERCHANT_052,998.53,2026-07-19 21:13:04.362924,DEVICE_1147_A,IP_1147_A,462,0,0,0
TXN_005062,USER_0215,MERCHANT_147,1315.69,2026-07-19 21:27:04.362924,DEVICE_0215_A,IP_0215_A,51,2,0,0
TXN_000582,USER_0094,MERCHANT_010,1650.38,2026-07-19 21:50:04.362924,DEVICE_RING_D_02,IP_RING_D_02,9,4,3,1
TXN_004196,USER_0239,MERCHANT_085,413.65,2026-07-19 21:50:04.362924,DEVICE_0239_A,IP_0239_A,1376,0,1,0
TXN_005573,USER_0108,MERCHANT_011,1772.21,2026-07-19 21:55:04.362924,DEVICE_RING_D_01,IP_RING_D_02,11,7,1,1
TXN_005063,USER_1012,MERCHANT_028,466.61,2026-07-19 22:01:04.362924,DEVICE_1012_A,IP_1012_A,1143,0,0,0
TXN_002000,USER_0703,MERCHANT_137,343.18,2026-07-19 22:25:04.362924,DEVICE_0703_A,IP_0703_A,1067,0,0,0
TXN_005702,USER_0467,MERCHANT_137,509.82,2026-07-19 22:31:04.362924,DEVICE_0467_A,IP_0467_A,996,1,1,0
TXN_001863,USER_0892,MERCHANT_121,1087.95,2026-07-19 23:17:04.362924,DEVICE_0892_A,IP_0892_A,1270,0,0,0
TXN_003595,USER_0682,MERCHANT_088,1542.8,2026-07-19 23:44:04.362924,DEVICE_0682_A,IP_0682_A,894,0,1,0
TXN_004714,USER_0354,MERCHANT_007,784.2,2026-07-19 23:56:04.362924,DEVICE_0354_A,IP_0354_A,765,0,0,0
TXN_000220,USER_1072,MERCHANT_053,638.0,2026-07-20 00:23:04.362924,DEVICE_1072_A,IP_1072_A,726,0,0,0
TXN_005534,USER_1243,MERCHANT_027,702.61,2026-07-20 00:26:04.362924,DEVICE_1243_A,IP_1243_A,1500,0,2,0
TXN_001971,USER_0504,MERCHANT_128,936.45,2026-07-20 00:57:04.362924,DEVICE_0504_A,IP_0504_A,608,0,0,0
TXN_003500,USER_0717,MERCHANT_010,459.17,2026-07-20 01:26:04.362924,DEVICE_0717_A,IP_0717_A,1318,2,0,0
TXN_004563,USER_0031,MERCHANT_004,1020.16,2026-07-20 01:45:04.362924,DEVICE_RING_B_01,IP_RING_B_01,66,4,2,1
TXN_001207,USER_1058,MERCHANT_127,354.4,2026-07-20 02:28:04.362924,DEVICE_1058_A,IP_1058_A,260,1,1,0
TXN_001983,USER_0569,MERCHANT_087,374.99,2026-07-20 03:08:04.362924,DEVICE_0569_A,IP_0569_A,1333,1,0,0
TXN_002272,USER_0049,MERCHANT_006,1535.82,2026-07-20 03:13:04.362924,DEVICE_RING_B_02,IP_RING_B_01,56,7,3,1
TXN_004332,USER_1244,MERCHANT_020,252.56,2026-07-20 03:57:04.362924,DEVICE_1244_A,IP_1244_A,1153,0,0,0
TXN_002749,USER_0908,MERCHANT_057,801.65,2026-07-20 04:00:04.362924,DEVICE_0908_A,IP_0908_A,1159,0,1,0
TXN_004416,USER_0030,MERCHANT_003,4596.04,2026-07-20 05:26:04.362924,DEVICE_RING_A_02,IP_RING_A_02,68,4,4,1
TXN_003223,USER_1056,MERCHANT_075,1677.12,2026-07-20 05:39:04.362924,DEVICE_1056_A,IP_1056_A,1476,0,0,0
TXN_004880,USER_1490,MERCHANT_001,1239.92,2026-07-20 06:05:04.362924,DEVICE_1490_A,IP_1490_A,604,1,0,0
TXN_002678,USER_0065,MERCHANT_007,522.82,2026-07-20 06:10:04.362924,DEVICE_RING_C_01,IP_RING_C_01,66,6,4,1
TXN_003319,USER_0691,MERCHANT_055,1391.76,2026-07-20 07:00:04.362924,DEVICE_0691_A,IP_0691_A,299,2,1,0
TXN_001129,USER_0345,MERCHANT_146,571.82,2026-07-20 07:23:04.362924,DEVICE_0345_A,IP_0345_A,1412,0,0,0
TXN_005205,USER_0304,MERCHANT_094,3580.35,2026-07-20 07:26:04.362924,DEVICE_0304_A,IP_0304_A,760,0,1,0
TXN_005141,USER_0071,MERCHANT_007,1408.03,2026-07-20 07:51:04.362924,DEVICE_RING_C_01,IP_RING_C_01,19,7,2,1
TXN_005016,USER_0862,MERCHANT_129,408.75,2026-07-20 08:08:04.362924,DEVICE_0862_A,IP_0862_A,230,0,0,0
TXN_004358,USER_0919,MERCHANT_041,470.54,2026-07-20 08:25:04.362924,DEVICE_0919_A,IP_0919_A,787,1,1,0
TXN_000065,USER_0020,MERCHANT_003,5633.98,2026-07-20 08:28:04.362924,DEVICE_RING_A_01,IP_RING_A_01,88,4,2,1
TXN_005926,USER_0079,MERCHANT_009,1057.13,2026-07-20 08:50:04.362924,DEVICE_RING_C_01,IP_RING_C_02,55,2,2,1
TXN_005558,USER_1226,MERCHANT_013,1317.61,2026-07-20 09:10:04.362924,DEVICE_1226_A,IP_1226_A,839,0,0,0
TXN_003224,USER_0728,MERCHANT_099,1010.63,2026-07-20 09:11:04.362924,DEVICE_0728_A,IP_0728_A,1263,0,0,0
TXN_004900,USER_1248,MERCHANT_084,943.67,2026-07-20 10:40:04.362924,DEVICE_1248_A,IP_1248_A,733,1,1,0
TXN_005048,USER_1435,MERCHANT_140,590.17,2026-07-20 11:16:04.362924,DEVICE_1435_A,IP_1435_A,1192,1,0,0
TXN_005987,USER_1306,MERCHANT_017,330.0,2026-07-20 11:22:04.362924,DEVICE_1306_A,IP_1306_A,121,0,0,0
TXN_000392,USER_0412,MERCHANT_148,867.72,2026-07-20 11:46:04.362924,DEVICE_0412_A,IP_0412_A,1325,0,0,0
TXN_000371,USER_1201,MERCHANT_081,611.13,2026-07-20 11:49:04.362924,DEVICE_1201_A,IP_1201_A,1252,0,0,0
TXN_002615,USER_0929,MERCHANT_141,940.14,2026-07-20 12:51:04.362924,DEVICE_0929_A,IP_0929_A,1138,1,1,0
TXN_001166,USER_1213,MERCHANT_096,3739.64,2026-07-20 13:44:04.362924,DEVICE_1213_A,IP_1213_A,1462,2,0,0
TXN_001078,USER_0207,MERCHANT_078,435.22,2026-07-20 14:14:04.362924,DEVICE_0207_A,IP_0207_A,1228,0,0,0
TXN_000333,USER_0588,MERCHANT_092,635.1,2026-07-20 14:16:04.362924,DEVICE_0588_A,IP_0588_A,1162,2,0,0
TXN_002981,USER_0416,MERCHANT_128,731.39,2026-07-20 14:19:04.362924,DEVICE_0416_A,IP_0416_A,1443,2,0,0
TXN_004073,USER_0648,MERCHANT_031,189.38,2026-07-20 14:35:04.362924,DEVICE_0648_A,IP_0648_A,1485,0,0,0
TXN_004408,USER_0900,MERCHANT_076,449.54,2026-07-20 14:49:04.362924,DEVICE_0900_A,IP_0900_A,907,0,0,0
TXN_002597,USER_1014,MERCHANT_115,380.66,2026-07-20 15:02:04.362924,DEVICE_1014_A,IP_1014_A,898,0,0,0
TXN_001420,USER_1063,MERCHANT_119,878.14,2026-07-20 15:02:04.362924,DEVICE_1063_A,IP_1063_A,1209,0,0,0
TXN_002486,USER_1104,MERCHANT_144,1143.24,2026-07-20 16:37:04.362924,DEVICE_1104_A,IP_1104_A,1252,0,2,0
TXN_000379,USER_0113,MERCHANT_010,22333.63,2026-07-20 16:43:04.362924,DEVICE_RING_D_02,IP_RING_D_02,11,6,1,1
TXN_002654,USER_0932,MERCHANT_055,1299.67,2026-07-20 17:01:04.362924,DEVICE_0932_A,IP_0932_A,860,0,0,0
TXN_001254,USER_0327,MERCHANT_107,794.31,2026-07-20 17:43:04.362924,DEVICE_0327_A,IP_0327_A,1041,0,0,0
TXN_003503,USER_0915,MERCHANT_066,620.7,2026-07-20 17:49:04.362924,DEVICE_0915_A,IP_0915_A,541,0,0,0
TXN_000597,USER_0057,MERCHANT_005,1908.69,2026-07-20 18:14:04.362924,DEVICE_RING_B_02,IP_RING_B_01,79,3,2,1
TXN_000888,USER_0489,MERCHANT_060,458.27,2026-07-20 18:25:04.362924,DEVICE_0489_A,IP_0489_A,1481,0,0,0
TXN_002170,USER_0041,MERCHANT_006,3985.45,2026-07-20 18:38:04.362924,DEVICE_RING_B_02,IP_RING_B_02,39,4,5,1
TXN_005490,USER_0273,MERCHANT_133,449.7,2026-07-20 18:50:04.362924,DEVICE_0273_A,IP_0273_A,898,0,0,0
TXN_005194,USER_1347,MERCHANT_037,385.09,2026-07-20 18:52:04.362924,DEVICE_1347_A,IP_1347_A,1474,1,0,0
TXN_001576,USER_0014,MERCHANT_002,2412.47,2026-07-20 19:10:04.362924,DEVICE_RING_A_01,IP_RING_A_02,66,7,5,1
TXN_003793,USER_0521,MERCHANT_140,727.66,2026-07-20 19:38:04.362924,DEVICE_0521_A,IP_0521_A,1157,0,0,0
TXN_000490,USER_0896,MERCHANT_090,1162.3,2026-07-20 19:41:04.362924,DEVICE_0896_A,IP_0896_A,1148,0,1,0
TXN_005637,USER_0277,MERCHANT_066,2865.4,2026-07-20 19:42:04.362924,DEVICE_0277_A,IP_0277_A,1093,0,0,0
TXN_003004,USER_0569,MERCHANT_042,2471.78,2026-07-20 19:43:04.362924,DEVICE_0569_A,IP_0569_A,835,0,1,0
TXN_002759,USER_0587,MERCHANT_111,256.97,2026-07-20 19:50:04.362924,DEVICE_0587_A,IP_0587_A,1181,0,0,0
TXN_004393,USER_0032,MERCHANT_006,3457.79,2026-07-20 20:52:04.362924,DEVICE_RING_B_01,IP_RING_B_02,12,2,4,1
TXN_005336,USER_1075,MERCHANT_063,413.0,2026-07-20 21:14:04.362924,DEVICE_1075_A,IP_1075_A,1316,2,1,0
TXN_004365,USER_1334,MERCHANT_039,383.55,2026-07-20 21:22:04.362924,DEVICE_1334_A,IP_1334_A,639,0,0,0
TXN_000261,USER_0058,MERCHANT_004,989.42,2026-07-20 21:30:04.362924,DEVICE_RING_B_02,IP_RING_B_02,15,4,2,1
TXN_001773,USER_1142,MERCHANT_012,376.13,2026-07-20 21:32:04.362924,DEVICE_1142_A,IP_1142_A,592,0,0,0
TXN_005765,USER_0976,MERCHANT_121,650.24,2026-07-20 22:09:04.362924,DEVICE_0976_A,IP_0976_A,221,1,1,0
TXN_001750,USER_0861,MERCHANT_054,1271.2,2026-07-20 22:13:04.362924,DEVICE_0861_A,IP_0861_A,830,0,0,0
TXN_004718,USER_1257,MERCHANT_009,1458.44,2026-07-20 22:29:04.362924,DEVICE_1257_A,IP_1257_A,466,1,0,0
TXN_002506,USER_1231,MERCHANT_105,323.07,2026-07-20 22:48:04.362924,DEVICE_1231_A,IP_1231_A,767,2,0,0
TXN_000397,USER_0670,MERCHANT_083,166.02,2026-07-20 23:15:04.362924,DEVICE_0670_A,IP_0670_A,610,0,0,0
TXN_003045,USER_0690,MERCHANT_016,1025.45,2026-07-20 23:33:04.362924,DEVICE_0690_A,IP_0690_A,370,0,0,0
TXN_000060,USER_0196,MERCHANT_033,1247.12,2026-07-21 00:35:04.362924,DEVICE_0196_A,IP_0196_A,1058,2,0,0
TXN_004327,USER_1453,MERCHANT_112,383.86,2026-07-21 01:04:04.362924,DEVICE_1453_A,IP_1453_A,900,0,0,0
TXN_003368,USER_0090,MERCHANT_007,2986.32,2026-07-21 01:22:04.362924,DEVICE_RING_C_01,IP_RING_C_01,11,4,5,1
TXN_002173,USER_0036,MERCHANT_006,1815.65,2026-07-21 01:35:04.362924,DEVICE_RING_B_01,IP_RING_B_02,39,2,4,1
TXN_004680,USER_0578,MERCHANT_136,724.45,2026-07-21 01:51:04.362924,DEVICE_0578_A,IP_0578_A,424,0,0,0
TXN_000960,USER_0966,MERCHANT_099,839.42,2026-07-21 01:56:04.362924,DEVICE_0966_A,IP_0966_A,517,0,0,0
TXN_001049,USER_0429,MERCHANT_053,1815.9,2026-07-21 02:46:04.362924,DEVICE_0429_A,IP_0429_A,1096,2,0,0
TXN_005897,USER_0084,MERCHANT_009,519.51,2026-07-21 02:47:04.362924,DEVICE_RING_C_02,IP_RING_C_02,9,7,5,1
TXN_005504,USER_1258,MERCHANT_093,212.81,2026-07-21 02:51:04.362924,DEVICE_1258_A,IP_1258_A,87,1,0,0
TXN_000427,USER_0831,MERCHANT_134,290.97,2026-07-21 02:57:04.362924,DEVICE_0831_A,IP_0831_A,1089,1,0,0
TXN_002001,USER_0927,MERCHANT_096,361.6,2026-07-21 04:19:04.362924,DEVICE_0927_A,IP_0927_A,1149,1,0,0
TXN_005860,USER_0391,MERCHANT_053,373.66,2026-07-21 04:46:04.362924,DEVICE_0391_A,IP_0391_A,207,1,0,0
TXN_000306,USER_1075,MERCHANT_026,655.19,2026-07-21 04:51:04.362924,DEVICE_1075_A,IP_1075_A,991,1,0,0
TXN_002436,USER_0924,MERCHANT_041,454.77,2026-07-21 04:57:04.362924,DEVICE_0924_A,IP_0924_A,651,1,1,0
TXN_003392,USER_0368,MERCHANT_130,328.59,2026-07-21 06:04:04.362924,DEVICE_0368_A,IP_0368_A,354,1,0,0
TXN_003006,USER_1372,MERCHANT_030,220.37,2026-07-21 06:41:04.362924,DEVICE_1372_A,IP_1372_A,399,1,0,0
TXN_003837,USER_0982,MERCHANT_067,1518.03,2026-07-21 07:53:04.362924,DEVICE_0982_A,IP_0982_A,348,0,1,0
TXN_001117,USER_0691,MERCHANT_149,3639.1,2026-07-21 08:51:04.362924,DEVICE_0691_A,IP_0691_A,1245,0,0,0
TXN_001656,USER_1476,MERCHANT_095,480.77,2026-07-21 09:09:04.362924,DEVICE_1476_A,IP_1476_A,573,1,0,0
TXN_000416,USER_1427,MERCHANT_019,342.26,2026-07-21 09:53:04.362924,DEVICE_1427_A,IP_1427_A,1111,1,0,0
TXN_004773,USER_0278,MERCHANT_110,973.72,2026-07-21 09:54:04.362924,DEVICE_0278_A,IP_0278_A,1041,0,0,0
TXN_000431,USER_1281,MERCHANT_043,247.02,2026-07-21 09:56:04.362924,DEVICE_1281_A,IP_1281_A,783,0,0,0
TXN_002909,USER_1487,MERCHANT_132,428.13,2026-07-21 10:03:04.362924,DEVICE_1487_A,IP_1487_A,378,1,0,0
TXN_003192,USER_0182,MERCHANT_101,1023.69,2026-07-21 10:43:04.362924,DEVICE_0182_A,IP_0182_A,351,2,0,0
TXN_004478,USER_0213,MERCHANT_078,1058.23,2026-07-21 11:02:04.362924,DEVICE_0213_A,IP_0213_A,1118,1,1,0
TXN_003864,USER_1340,MERCHANT_119,510.41,2026-07-21 11:13:04.362924,DEVICE_1340_A,IP_1340_A,1053,1,0,0
TXN_001161,USER_0368,MERCHANT_134,92.05,2026-07-21 11:20:04.362924,DEVICE_0368_A,IP_0368_A,1390,1,1,0
TXN_002699,USER_1215,MERCHANT_120,956.69,2026-07-21 11:48:04.362924,DEVICE_1215_A,IP_1215_A,1076,0,0,0
TXN_003450,USER_0981,MERCHANT_033,439.97,2026-07-21 11:54:04.362924,DEVICE_0981_A,IP_0981_A,1269,1,0,0
TXN_005608,USER_0456,MERCHANT_020,451.69,2026-07-21 12:09:04.362924,DEVICE_0456_A,IP_0456_A,837,0,0,0
TXN_001859,USER_1151,MERCHANT_054,745.05,2026-07-21 12:11:04.362924,DEVICE_1151_A,IP_1151_A,744,1,0,0
TXN_005219,USER_0855,MERCHANT_108,408.1,2026-07-21 12:55:04.362924,DEVICE_0855_A,IP_0855_A,1249,0,1,0
TXN_002824,USER_1183,MERCHANT_046,209.15,2026-07-21 12:55:04.362924,DEVICE_1183_A,IP_1183_A,594,0,2,0
TXN_000420,USER_0971,MERCHANT_109,631.17,2026-07-21 13:05:04.362924,DEVICE_0971_A,IP_0971_A,1467,0,0,0
TXN_005441,USER_0779,MERCHANT_073,382.02,2026-07-21 13:05:04.362924,DEVICE_0779_A,IP_0779_A,57,0,0,0
TXN_001046,USER_0016,MERCHANT_003,6049.35,2026-07-21 13:58:04.362924,DEVICE_RING_A_02,IP_RING_A_02,48,8,1,1
TXN_001991,USER_0116,MERCHANT_010,5566.13,2026-07-21 14:04:04.362924,DEVICE_RING_D_02,IP_RING_D_01,37,4,1,1
TXN_005817,USER_1007,MERCHANT_127,325.66,2026-07-21 14:26:04.362924,DEVICE_1007_A,IP_1007_A,187,0,0,0
TXN_004876,USER_1283,MERCHANT_103,280.36,2026-07-21 14:52:04.362924,DEVICE_1283_A,IP_1283_A,673,2,0,0
TXN_001677,USER_0747,MERCHANT_059,1494.88,2026-07-21 14:53:04.362924,DEVICE_0747_A,IP_0747_A,897,2,0,0
TXN_002974,USER_0040,MERCHANT_006,18239.08,2026-07-21 15:14:04.362924,DEVICE_RING_B_01,IP_RING_B_01,55,4,1,1
TXN_005997,USER_0667,MERCHANT_067,1424.27,2026-07-21 16:25:04.362924,DEVICE_0667_A,IP_0667_A,577,1,0,0
TXN_001141,USER_1487,MERCHANT_087,479.99,2026-07-21 16:50:04.362924,DEVICE_1487_A,IP_1487_A,371,0,0,0
TXN_005282,USER_1060,MERCHANT_135,983.6,2026-07-21 18:04:04.362924,DEVICE_1060_A,IP_1060_A,465,0,0,0
TXN_001045,USER_0099,MERCHANT_011,2103.63,2026-07-21 18:35:04.362924,DEVICE_RING_D_01,IP_RING_D_01,45,5,4,1
TXN_005240,USER_0220,MERCHANT_113,1124.73,2026-07-21 19:03:04.362924,DEVICE_0220_A,IP_0220_A,459,0,0,0
TXN_001837,USER_0853,MERCHANT_120,254.46,2026-07-21 19:08:04.362924,DEVICE_0853_A,IP_0853_A,755,0,0,0
TXN_003687,USER_0017,MERCHANT_003,25000.0,2026-07-21 19:16:04.362924,DEVICE_RING_A_02,IP_RING_A_01,61,5,3,1
TXN_000609,USER_1232,MERCHANT_083,158.05,2026-07-21 19:18:04.362924,DEVICE_1232_A,IP_1232_A,1484,0,0,0
TXN_004194,USER_1127,MERCHANT_017,97.24,2026-07-21 19:34:04.362924,DEVICE_1127_A,IP_1127_A,1081,1,0,0
TXN_003736,USER_0444,MERCHANT_031,547.51,2026-07-21 19:54:04.362924,DEVICE_0444_A,IP_0444_A,488,0,0,0
TXN_000683,USER_0980,MERCHANT_039,404.86,2026-07-21 20:19:04.362924,DEVICE_0980_A,IP_0980_A,1270,0,0,0
TXN_001467,USER_1369,MERCHANT_111,2099.3,2026-07-21 22:21:04.362924,DEVICE_1369_A,IP_1369_A,349,1,0,0
TXN_004254,USER_0660,MERCHANT_141,264.6,2026-07-21 22:52:04.362924,DEVICE_0660_A,IP_0660_A,1078,0,0,0
TXN_004383,USER_1482,MERCHANT_021,363.87,2026-07-21 23:05:04.362924,DEVICE_1482_A,IP_1482_A,1397,0,0,0
TXN_003551,USER_0809,MERCHANT_030,402.76,2026-07-21 23:09:04.362924,DEVICE_0809_A,IP_0809_A,1322,2,1,0
TXN_000787,USER_0897,MERCHANT_048,1121.44,2026-07-21 23:48:04.362924,DEVICE_0897_A,IP_0897_A,68,0,0,0
TXN_005672,USER_0644,MERCHANT_060,621.06,2026-07-22 01:07:04.362924,DEVICE_0644_A,IP_0644_A,1053,0,2,0
TXN_004657,USER_0527,MERCHANT_076,473.64,2026-07-22 01:23:04.362924,DEVICE_0527_A,IP_0527_A,1180,1,0,0
TXN_003567,USER_1335,MERCHANT_145,712.47,2026-07-22 02:35:04.362924,DEVICE_1335_A,IP_1335_A,362,0,0,0
TXN_005248,USER_0195,MERCHANT_145,186.39,2026-07-22 02:42:04.362924,DEVICE_0195_A,IP_0195_A,1230,1,1,0
TXN_001281,USER_0846,MERCHANT_032,663.21,2026-07-22 03:10:04.362924,DEVICE_0846_A,IP_0846_A,127,1,1,0
TXN_003197,USER_1414,MERCHANT_143,1023.99,2026-07-22 04:06:04.362924,DEVICE_1414_A,IP_1414_A,1415,0,0,0
TXN_005948,USER_0817,MERCHANT_105,1438.52,2026-07-22 04:13:04.362924,DEVICE_0817_A,IP_0817_A,1071,0,0,0
TXN_002153,USER_0106,MERCHANT_012,2552.77,2026-07-22 05:34:04.362924,DEVICE_RING_D_01,IP_RING_D_02,20,6,5,1
TXN_003914,USER_1410,MERCHANT_103,318.37,2026-07-22 05:47:04.362924,DEVICE_1410_A,IP_1410_A,545,0,1,0
TXN_004947,USER_0155,MERCHANT_054,344.5,2026-07-22 06:19:04.362924,DEVICE_0155_A,IP_0155_A,704,0,0,0
TXN_000233,USER_0943,MERCHANT_129,620.86,2026-07-22 06:43:04.362924,DEVICE_0943_A,IP_0943_A,112,0,0,0
TXN_002906,USER_0209,MERCHANT_025,1053.49,2026-07-22 09:13:04.362924,DEVICE_0209_A,IP_0209_A,913,0,2,0
TXN_000276,USER_1033,MERCHANT_015,848.53,2026-07-22 09:27:04.362924,DEVICE_1033_A,IP_1033_A,958,0,0,0
TXN_000138,USER_1417,MERCHANT_030,471.25,2026-07-22 09:42:04.362924,DEVICE_1417_A,IP_1417_A,1116,0,1,0
TXN_001932,USER_1161,MERCHANT_149,870.84,2026-07-22 10:23:04.362924,DEVICE_1161_A,IP_1161_A,1489,0,0,0
TXN_004359,USER_0245,MERCHANT_107,934.97,2026-07-22 10:36:04.362924,DEVICE_0245_A,IP_0245_A,882,0,0,0
TXN_001452,USER_1432,MERCHANT_060,2150.79,2026-07-22 10:53:04.362924,DEVICE_1432_A,IP_1432_A,1061,0,2,0
TXN_005795,USER_1289,MERCHANT_100,484.59,2026-07-22 11:55:04.362924,DEVICE_1289_A,IP_1289_A,604,0,0,0
TXN_000871,USER_1374,MERCHANT_041,525.43,2026-07-22 12:17:04.362924,DEVICE_1374_A,IP_1374_A,805,0,0,0
TXN_004352,USER_0104,MERCHANT_010,2621.6,2026-07-22 13:00:04.362924,DEVICE_RING_D_01,IP_RING_D_02,7,7,5,1
TXN_004459,USER_0695,MERCHANT_050,187.41,2026-07-22 13:04:04.362924,DEVICE_0695_A,IP_0695_A,1010,1,0,0
TXN_005723,USER_0974,MERCHANT_112,337.52,2026-07-22 13:16:04.362924,DEVICE_0974_A,IP_0974_A,1217,0,0,0
TXN_004847,USER_0839,MERCHANT_057,117.13,2026-07-22 13:20:04.362924,DEVICE_0839_A,IP_0839_A,68,1,0,0
TXN_000606,USER_0733,MERCHANT_141,2451.67,2026-07-22 13:39:04.362924,DEVICE_0733_A,IP_0733_A,672,1,1,0
TXN_003427,USER_1497,MERCHANT_149,725.13,2026-07-22 14:05:04.362924,DEVICE_1497_A,IP_1497_A,1334,0,0,0
TXN_002627,USER_1250,MERCHANT_123,1718.93,2026-07-22 14:14:04.362924,DEVICE_1250_A,IP_1250_A,112,2,1,0
TXN_002407,USER_0990,MERCHANT_105,226.39,2026-07-22 14:17:04.362924,DEVICE_0990_A,IP_0990_A,1478,0,1,0
TXN_001221,USER_0530,MERCHANT_126,246.22,2026-07-22 14:26:04.362924,DEVICE_0530_A,IP_0530_A,942,1,0,0
TXN_001759,USER_0940,MERCHANT_050,2010.5,2026-07-22 14:26:04.362924,DEVICE_0940_A,IP_0940_A,542,0,0,0
TXN_005543,USER_0649,MERCHANT_116,1502.51,2026-07-22 14:35:04.362924,DEVICE_0649_A,IP_0649_A,633,2,0,0
TXN_001860,USER_0249,MERCHANT_045,729.36,2026-07-22 15:17:04.362924,DEVICE_0249_A,IP_0249_A,1373,0,0,0
TXN_000104,USER_1336,MERCHANT_028,328.73,2026-07-22 15:43:04.362924,DEVICE_1336_A,IP_1336_A,955,0,1,0
TXN_000711,USER_0648,MERCHANT_138,702.88,2026-07-22 15:49:04.362924,DEVICE_0648_A,IP_0648_A,1207,0,0,0
TXN_002902,USER_1492,MERCHANT_082,436.48,2026-07-22 15:50:04.362924,DEVICE_1492_A,IP_1492_A,301,0,0,0
TXN_005423,USER_0084,MERCHANT_009,6310.82,2026-07-22 15:59:04.362924,DEVICE_RING_C_02,IP_RING_C_01,34,8,2,1
TXN_005223,USER_1195,MERCHANT_129,506.89,2026-07-22 16:10:04.362924,DEVICE_1195_A,IP_1195_A,1171,0,0,0
TXN_004133,USER_0306,MERCHANT_032,1339.03,2026-07-22 16:56:04.362924,DEVICE_0306_A,IP_0306_A,1171,0,0,0
TXN_002885,USER_1010,MERCHANT_101,76.42,2026-07-22 17:09:04.362924,DEVICE_1010_A,IP_1010_A,827,0,0,0
TXN_005994,USER_0239,MERCHANT_003,885.39,2026-07-22 17:32:04.362924,DEVICE_0239_A,IP_0239_A,417,0,0,0
TXN_005783,USER_0852,MERCHANT_093,845.5,2026-07-22 17:35:04.362924,DEVICE_0852_A,IP_0852_A,1320,2,0,0
TXN_004897,USER_0886,MERCHANT_051,169.11,2026-07-22 17:38:04.362924,DEVICE_0886_A,IP_0886_A,577,1,2,0
TXN_001108,USER_0587,MERCHANT_105,272.29,2026-07-22 17:55:04.362924,DEVICE_0587_A,IP_0587_A,261,1,0,0
TXN_003186,USER_0059,MERCHANT_005,9458.04,2026-07-22 18:27:04.362924,DEVICE_RING_B_01,IP_RING_B_02,62,6,2,1
TXN_003250,USER_0410,MERCHANT_122,148.93,2026-07-22 18:50:04.362924,DEVICE_0410_A,IP_0410_A,444,1,1,0
TXN_000225,USER_1077,MERCHANT_128,421.15,2026-07-22 18:58:04.362924,DEVICE_1077_A,IP_1077_A,661,0,0,0
TXN_005901,USER_0382,MERCHANT_126,569.22,2026-07-22 19:30:04.362924,DEVICE_0382_A,IP_0382_A,620,0,0,0
TXN_004373,USER_1464,MERCHANT_051,264.5,2026-07-22 20:09:04.362924,DEVICE_1464_A,IP_1464_A,1452,0,0,0
TXN_003970,USER_0114,MERCHANT_012,9087.82,2026-07-22 21:08:04.362924,DEVICE_RING_D_02,IP_RING_D_01,2,2,5,1
TXN_005418,USER_0031,MERCHANT_005,346.57,2026-07-22 22:13:04.362924,DEVICE_RING_B_02,IP_RING_B_02,14,7,1,1
TXN_005669,USER_1365,MERCHANT_043,163.9,2026-07-22 22:37:04.362924,DEVICE_1365_A,IP_1365_A,848,1,0,0
TXN_002178,USER_1091,MERCHANT_107,689.17,2026-07-22 22:46:04.362924,DEVICE_1091_A,IP_1091_A,581,0,0,0
TXN_002215,USER_0370,MERCHANT_042,421.74,2026-07-22 22:50:04.362924,DEVICE_0370_A,IP_0370_A,459,0,0,0
TXN_004325,USER_1076,MERCHANT_082,338.67,2026-07-23 00:03:04.362924,DEVICE_1076_A,IP_1076_A,467,0,1,0
TXN_002086,USER_0338,MERCHANT_120,240.18,2026-07-23 00:41:04.362924,DEVICE_0338_A,IP_0338_A,199,0,0,0
TXN_000210,USER_0826,MERCHANT_033,10000.0,2026-07-23 00:43:04.362924,DEVICE_0826_A,IP_0826_A,1159,0,0,0
TXN_004660,USER_0762,MERCHANT_062,328.72,2026-07-23 01:12:04.362924,DEVICE_0762_A,IP_0762_A,345,0,0,0
TXN_004533,USER_0077,MERCHANT_008,4125.23,2026-07-23 02:06:04.362924,DEVICE_RING_C_02,IP_RING_C_01,33,8,5,1
TXN_001090,USER_0697,MERCHANT_096,517.84,2026-07-23 02:29:04.362924,DEVICE_0697_A,IP_0697_A,1023,0,1,0
TXN_005977,USER_0523,MERCHANT_061,2073.33,2026-07-23 02:55:04.362924,DEVICE_0523_A,IP_0523_A,74,0,0,0
TXN_005260,USER_1275,MERCHANT_012,2734.96,2026-07-23 03:33:04.362924,DEVICE_1275_A,IP_1275_A,567,0,0,0
TXN_002740,USER_0684,MERCHANT_114,1138.44,2026-07-23 04:00:04.362924,DEVICE_0684_A,IP_0684_A,1388,0,0,0
TXN_003011,USER_0618,MERCHANT_034,559.31,2026-07-23 04:11:04.362924,DEVICE_0618_A,IP_0618_A,335,0,0,0
TXN_002274,USER_1488,MERCHANT_098,615.57,2026-07-23 04:14:04.362924,DEVICE_1488_A,IP_1488_A,116,0,0,0
TXN_000446,USER_0966,MERCHANT_096,991.47,2026-07-23 05:57:04.362924,DEVICE_0966_A,IP_0966_A,968,2,0,0
TXN_003236,USER_1456,MERCHANT_133,691.62,2026-07-23 06:51:04.362924,DEVICE_1456_A,IP_1456_A,404,0,0,0
TXN_000908,USER_1470,MERCHANT_080,1050.08,2026-07-23 07:45:04.362924,DEVICE_1470_A,IP_1470_A,76,0,0,0
TXN_005052,USER_0320,MERCHANT_137,780.79,2026-07-23 08:10:04.362924,DEVICE_0320_A,IP_0320_A,1393,1,1,0
TXN_000774,USER_0371,MERCHANT_065,1244.32,2026-07-23 08:30:04.362924,DEVICE_0371_A,IP_0371_A,1015,0,0,0
TXN_005519,USER_0731,MERCHANT_101,236.81,2026-07-23 08:35:04.362924,DEVICE_0731_A,IP_0731_A,1087,0,0,0
TXN_005582,USER_1357,MERCHANT_058,1292.36,2026-07-23 09:07:04.362924,DEVICE_1357_A,IP_1357_A,1215,1,1,0
TXN_000667,USER_1418,MERCHANT_071,495.56,2026-07-23 09:29:04.362924,DEVICE_1418_A,IP_1418_A,569,0,0,0
TXN_003191,USER_0038,MERCHANT_004,1659.65,2026-07-23 09:41:04.362924,DEVICE_RING_B_01,IP_RING_B_01,83,7,5,1
TXN_002815,USER_1291,MERCHANT_079,2371.66,2026-07-23 10:15:04.362924,DEVICE_1291_A,IP_1291_A,864,0,0,0
TXN_002025,USER_1323,MERCHANT_099,62.32,2026-07-23 11:33:04.362924,DEVICE_1323_A,IP_1323_A,706,0,1,0
TXN_005863,USER_1389,MERCHANT_080,466.77,2026-07-23 11:54:04.362924,DEVICE_1389_A,IP_1389_A,1259,0,0,0
TXN_000506,USER_0978,MERCHANT_138,416.37,2026-07-23 12:07:04.362924,DEVICE_0978_A,IP_0978_A,1437,1,0,0
TXN_003560,USER_0028,MERCHANT_001,681.86,2026-07-23 12:16:04.362924,DEVICE_RING_A_02,IP_RING_A_01,80,3,4,1
TXN_002923,USER_1454,MERCHANT_045,518.48,2026-07-23 12:41:04.362924,DEVICE_1454_A,IP_1454_A,178,2,0,0
TXN_004826,USER_0533,MERCHANT_002,719.0,2026-07-23 13:07:04.362924,DEVICE_0533_A,IP_0533_A,107,1,0,0
TXN_002057,USER_1041,MERCHANT_044,419.79,2026-07-23 13:08:04.362924,DEVICE_1041_A,IP_1041_A,105,2,0,0
TXN_005045,USER_0920,MERCHANT_110,1116.52,2026-07-23 13:14:04.362924,DEVICE_0920_A,IP_0920_A,1224,0,1,0
TXN_000791,USER_1470,MERCHANT_018,828.11,2026-07-23 13:28:04.362924,DEVICE_1470_A,IP_1470_A,119,1,0,0
TXN_005898,USER_1158,MERCHANT_024,1350.28,2026-07-23 14:07:04.362924,DEVICE_1158_A,IP_1158_A,1005,0,0,0
TXN_002944,USER_0926,MERCHANT_118,520.12,2026-07-23 14:19:04.362924,DEVICE_0926_A,IP_0926_A,1245,0,0,0
TXN_004047,USER_0913,MERCHANT_048,1014.81,2026-07-23 16:10:04.362924,DEVICE_0913_A,IP_0913_A,369,2,0,0
TXN_002962,USER_0320,MERCHANT_061,380.12,2026-07-23 16:22:04.362924,DEVICE_0320_A,IP_0320_A,902,0,0,0
TXN_002013,USER_1118,MERCHANT_036,337.0,2026-07-23 16:30:04.362924,DEVICE_1118_A,IP_1118_A,1150,0,0,0
TXN_005653,USER_0786,MERCHANT_139,543.88,2026-07-23 16:32:04.362924,DEVICE_0786_A,IP_0786_A,1448,0,0,0
TXN_003070,USER_0613,MERCHANT_036,1008.75,2026-07-23 16:34:04.362924,DEVICE_0613_A,IP_0613_A,1462,1,0,0
TXN_000023,USER_1343,MERCHANT_073,631.17,2026-07-23 16:37:04.362924,DEVICE_1343_A,IP_1343_A,235,1,0,0
TXN_002980,USER_1384,MERCHANT_099,697.0,2026-07-23 16:57:04.362924,DEVICE_1384_A,IP_1384_A,820,0,2,0
TXN_004250,USER_0279,MERCHANT_140,574.67,2026-07-23 17:02:04.362924,DEVICE_0279_A,IP_0279_A,1137,0,0,0
TXN_003861,USER_1357,MERCHANT_038,427.51,2026-07-23 17:02:04.362924,DEVICE_1357_A,IP_1357_A,1001,0,0,0
TXN_001627,USER_0651,MERCHANT_078,428.99,2026-07-23 17:34:04.362924,DEVICE_0651_A,IP_0651_A,481,0,0,0
TXN_002230,USER_0468,MERCHANT_041,1277.38,2026-07-23 17:51:04.362924,DEVICE_0468_A,IP_0468_A,235,0,1,0
TXN_001075,USER_0807,MERCHANT_017,1266.65,2026-07-23 18:04:04.362924,DEVICE_0807_A,IP_0807_A,1239,1,0,0
TXN_004772,USER_0013,MERCHANT_001,943.16,2026-07-23 18:37:04.362924,DEVICE_RING_A_01,IP_RING_A_01,27,7,1,1
TXN_004637,USER_0998,MERCHANT_011,888.33,2026-07-23 18:41:04.362924,DEVICE_0998_A,IP_0998_A,144,1,0,0
TXN_004432,USER_0515,MERCHANT_092,112.63,2026-07-23 19:37:04.362924,DEVICE_0515_A,IP_0515_A,1271,0,0,0
TXN_000179,USER_1235,MERCHANT_130,491.98,2026-07-23 19:43:04.362924,DEVICE_1235_A,IP_1235_A,1069,0,0,0
TXN_005237,USER_1175,MERCHANT_107,210.31,2026-07-23 21:27:04.362924,DEVICE_1175_A,IP_1175_A,950,0,1,0
TXN_004776,USER_0795,MERCHANT_069,1079.12,2026-07-23 21:31:04.362924,DEVICE_0795_A,IP_0795_A,1214,0,1,0
TXN_001664,USER_1304,MERCHANT_057,380.34,2026-07-23 21:39:04.362924,DEVICE_1304_A,IP_1304_A,1469,0,0,0
TXN_001770,USER_0566,MERCHANT_027,907.36,2026-07-23 22:21:04.362924,DEVICE_0566_A,IP_0566_A,1178,0,0,0
TXN_001673,USER_0734,MERCHANT_121,447.25,2026-07-23 22:45:04.362924,DEVICE_0734_A,IP_0734_A,872,1,0,0
TXN_004013,USER_1308,MERCHANT_014,286.63,2026-07-23 23:19:04.362924,DEVICE_1308_A,IP_1308_A,240,0,1,0
TXN_001936,USER_0226,MERCHANT_121,194.36,2026-07-23 23:26:04.362924,DEVICE_0226_A,IP_0226_A,1380,0,0,0
TXN_000174,USER_0987,MERCHANT_029,774.95,2026-07-23 23:28:04.362924,DEVICE_0987_A,IP_0987_A,620,0,0,0
TXN_001274,USER_0053,MERCHANT_006,1821.9,2026-07-23 23:30:04.362924,DEVICE_RING_B_02,IP_RING_B_02,27,6,5,1
TXN_002888,USER_0235,MERCHANT_072,1699.66,2026-07-23 23:33:04.362924,DEVICE_0235_A,IP_0235_A,194,0,0,0
TXN_003213,USER_0600,MERCHANT_139,2095.08,2026-07-23 23:52:04.362924,DEVICE_0600_A,IP_0600_A,917,0,0,0
TXN_005548,USER_0707,MERCHANT_076,852.92,2026-07-23 23:56:04.362924,DEVICE_0707_A,IP_0707_A,1010,0,0,0
TXN_003796,USER_1179,MERCHANT_071,469.99,2026-07-24 00:28:04.362924,DEVICE_1179_A,IP_1179_A,1231,1,0,0
TXN_002813,USER_1447,MERCHANT_017,2210.71,2026-07-24 00:40:04.362924,DEVICE_1447_A,IP_1447_A,848,0,0,0
TXN_001873,USER_0514,MERCHANT_023,476.23,2026-07-24 01:07:04.362924,DEVICE_0514_A,IP_0514_A,1222,0,2,0
TXN_000284,USER_0381,MERCHANT_058,237.12,2026-07-24 01:48:04.362924,DEVICE_0381_A,IP_0381_A,37,1,2,0
TXN_001589,USER_1174,MERCHANT_040,322.54,2026-07-24 02:21:04.362924,DEVICE_1174_A,IP_1174_A,871,0,0,0
TXN_004971,USER_1347,MERCHANT_110,1888.41,2026-07-24 02:59:04.362924,DEVICE_1347_A,IP_1347_A,516,2,0,0
TXN_000199,USER_0872,MERCHANT_102,626.77,2026-07-24 03:09:04.362924,DEVICE_0872_A,IP_0872_A,673,0,0,0
TXN_004526,USER_0395,MERCHANT_024,1415.37,2026-07-24 03:40:04.362924,DEVICE_0395_A,IP_0395_A,629,0,0,0
TXN_000298,USER_0395,MERCHANT_100,755.52,2026-07-24 04:19:04.362924,DEVICE_0395_A,IP_0395_A,527,0,0,0
TXN_002252,USER_1196,MERCHANT_013,1863.66,2026-07-24 05:33:04.362924,DEVICE_1196_A,IP_1196_A,1121,0,0,0
TXN_005355,USER_1101,MERCHANT_014,400.31,2026-07-24 05:44:04.362924,DEVICE_1101_A,IP_1101_A,381,2,0,0
TXN_004942,USER_0114,MERCHANT_011,2035.34,2026-07-24 06:10:04.362924,DEVICE_RING_D_02,IP_RING_D_02,90,6,5,1
TXN_000069,USER_0964,MERCHANT_145,786.94,2026-07-24 06:53:04.362924,DEVICE_0964_A,IP_0964_A,1426,1,0,0
TXN_004462,USER_0698,MERCHANT_048,2401.75,2026-07-24 07:37:04.362924,DEVICE_0698_A,IP_0698_A,522,1,1,0
TXN_000798,USER_0910,MERCHANT_049,1000.3,2026-07-24 07:57:04.362924,DEVICE_0910_A,IP_0910_A,425,0,0,0
TXN_002092,USER_0906,MERCHANT_021,751.66,2026-07-24 08:04:04.362924,DEVICE_0906_A,IP_0906_A,337,0,1,0
TXN_004114,USER_0402,MERCHANT_051,190.39,2026-07-24 08:19:04.362924,DEVICE_0402_A,IP_0402_A,193,0,0,0
TXN_005531,USER_0138,MERCHANT_011,1581.26,2026-07-24 08:25:04.362924,DEVICE_0138_A,IP_0138_A,349,0,1,0
TXN_005963,USER_0563,MERCHANT_051,615.91,2026-07-24 08:54:04.362924,DEVICE_0563_A,IP_0563_A,1122,0,0,0
TXN_005885,USER_0048,MERCHANT_005,569.79,2026-07-24 09:18:04.362924,DEVICE_RING_B_02,IP_RING_B_02,90,8,5,1
TXN_001663,USER_1219,MERCHANT_059,122.19,2026-07-24 09:44:04.362924,DEVICE_1219_A,IP_1219_A,817,0,0,0
TXN_000924,USER_1065,MERCHANT_103,354.9,2026-07-24 10:20:04.362924,DEVICE_1065_A,IP_1065_A,1239,0,0,0
TXN_002780,USER_0045,MERCHANT_006,4037.93,2026-07-24 10:33:04.362924,DEVICE_RING_B_02,IP_RING_B_01,57,4,3,1
TXN_004636,USER_1024,MERCHANT_021,67.44,2026-07-24 10:37:04.362924,DEVICE_1024_A,IP_1024_A,1357,0,2,0
TXN_002949,USER_0812,MERCHANT_124,521.53,2026-07-24 10:58:04.362924,DEVICE_0812_A,IP_0812_A,394,1,0,0
TXN_003917,USER_0671,MERCHANT_081,561.92,2026-07-24 10:59:04.362924,DEVICE_0671_A,IP_0671_A,311,0,0,0
TXN_001284,USER_1340,MERCHANT_060,1229.62,2026-07-24 11:31:04.362924,DEVICE_1340_A,IP_1340_A,747,0,0,0
TXN_004321,USER_1218,MERCHANT_059,591.12,2026-07-24 11:51:04.362924,DEVICE_1218_A,IP_1218_A,1202,0,0,0
TXN_000215,USER_0312,MERCHANT_129,473.65,2026-07-24 11:56:04.362924,DEVICE_0312_A,IP_0312_A,1342,0,1,0
TXN_003974,USER_0280,MERCHANT_068,640.31,2026-07-24 12:16:04.362924,DEVICE_0280_A,IP_0280_A,1406,0,0,0
TXN_000305,USER_1449,MERCHANT_092,590.67,2026-07-24 12:18:04.362924,DEVICE_1449_A,IP_1449_A,661,0,0,0
TXN_005293,USER_1355,MERCHANT_104,195.35,2026-07-24 12:40:04.362924,DEVICE_1355_A,IP_1355_A,1348,0,0,0
TXN_001552,USER_1032,MERCHANT_036,515.0,2026-07-24 13:17:04.362924,DEVICE_1032_A,IP_1032_A,1211,0,0,0
TXN_002925,USER_0670,MERCHANT_061,642.74,2026-07-24 13:38:04.362924,DEVICE_0670_A,IP_0670_A,910,0,0,0
TXN_001434,USER_0921,MERCHANT_044,387.46,2026-07-24 14:30:04.362924,DEVICE_0921_A,IP_0921_A,188,0,0,0
TXN_003780,USER_0467,MERCHANT_042,562.49,2026-07-24 14:43:04.362924,DEVICE_0467_A,IP_0467_A,680,1,0,0
TXN_002160,USER_1222,MERCHANT_021,911.6,2026-07-24 14:43:04.362924,DEVICE_1222_A,IP_1222_A,144,0,0,0
TXN_004331,USER_0965,MERCHANT_044,1000.2,2026-07-24 14:57:04.362924,DEVICE_0965_A,IP_0965_A,1322,0,1,0
TXN_003674,USER_1421,MERCHANT_077,1109.93,2026-07-24 16:09:04.362924,DEVICE_1421_A,IP_1421_A,868,1,0,0
TXN_001988,USER_0527,MERCHANT_041,883.65,2026-07-24 16:17:04.362924,DEVICE_0527_A,IP_0527_A,1127,0,0,0
TXN_003817,USER_0046,MERCHANT_004,1704.84,2026-07-24 16:17:04.362924,DEVICE_RING_B_02,IP_RING_B_01,58,5,5,1
TXN_000715,USER_0140,MERCHANT_068,583.3,2026-07-24 16:40:04.362924,DEVICE_0140_A,IP_0140_A,538,0,0,0
TXN_000897,USER_0159,MERCHANT_054,529.32,2026-07-24 17:11:04.362924,DEVICE_0159_A,IP_0159_A,1212,0,0,0
TXN_003968,USER_0878,MERCHANT_058,145.43,2026-07-24 17:35:04.362924,DEVICE_0878_A,IP_0878_A,805,1,0,0
TXN_000693,USER_0988,MERCHANT_145,266.7,2026-07-24 17:40:04.362924,DEVICE_0988_A,IP_0988_A,778,0,2,0
TXN_000860,USER_1196,MERCHANT_010,964.52,2026-07-24 17:47:04.362924,DEVICE_1196_A,IP_1196_A,1096,0,0,0
TXN_000780,USER_0340,MERCHANT_033,955.69,2026-07-24 18:12:04.362924,DEVICE_0340_A,IP_0340_A,1029,0,2,0
TXN_001545,USER_1206,MERCHANT_126,381.94,2026-07-24 18:21:04.362924,DEVICE_1206_A,IP_1206_A,160,0,0,0
TXN_004722,USER_0420,MERCHANT_062,884.86,2026-07-24 18:28:04.362924,DEVICE_0420_A,IP_0420_A,898,0,0,0
TXN_000997,USER_0426,MERCHANT_149,2310.44,2026-07-24 18:40:04.362924,DEVICE_0426_A,IP_0426_A,507,2,0,0
TXN_000086,USER_0374,MERCHANT_117,411.83,2026-07-24 18:41:04.362924,DEVICE_0374_A,IP_0374_A,784,0,0,0
TXN_003681,USER_0690,MERCHANT_131,259.11,2026-07-24 18:42:04.362924,DEVICE_0690_A,IP_0690_A,960,1,1,0
TXN_003184,USER_1055,MERCHANT_129,468.17,2026-07-24 18:49:04.362924,DEVICE_1055_A,IP_1055_A,1079,0,1,0
TXN_001634,USER_1467,MERCHANT_150,1299.07,2026-07-24 20:28:04.362924,DEVICE_1467_A,IP_1467_A,247,1,0,0
TXN_004966,USER_1057,MERCHANT_071,502.78,2026-07-24 20:36:04.362924,DEVICE_1057_A,IP_1057_A,208,2,0,0
TXN_001544,USER_0499,MERCHANT_104,425.86,2026-07-24 20:44:04.362924,DEVICE_0499_A,IP_0499_A,1465,0,0,0
TXN_000091,USER_0398,MERCHANT_100,645.31,2026-07-24 20:49:04.362924,DEVICE_0398_A,IP_0398_A,959,0,1,0
TXN_002122,USER_0390,MERCHANT_097,1080.72,2026-07-24 20:55:04.362924,DEVICE_0390_A,IP_0390_A,1273,2,0,0
TXN_000421,USER_1382,MERCHANT_040,2814.36,2026-07-24 21:03:04.362924,DEVICE_1382_A,IP_1382_A,598,0,0,0
TXN_004859,USER_0762,MERCHANT_011,661.79,2026-07-24 22:12:04.362924,DEVICE_0762_A,IP_0762_A,1073,0,1,0
TXN_003125,USER_1294,MERCHANT_140,540.44,2026-07-24 22:20:04.362924,DEVICE_1294_A,IP_1294_A,1321,0,0,0
TXN_003947,USER_1389,MERCHANT_046,897.98,2026-07-24 23:26:04.362924,DEVICE_1389_A,IP_1389_A,305,0,1,0
TXN_000388,USER_0465,MERCHANT_083,2450.53,2026-07-24 23:29:04.362924,DEVICE_0465_A,IP_0465_A,1471,0,0,0
TXN_002508,USER_0457,MERCHANT_011,1526.05,2026-07-25 00:27:04.362924,DEVICE_0457_A,IP_0457_A,733,0,1,0
TXN_000754,USER_0483,MERCHANT_117,1322.34,2026-07-25 00:37:04.362924,DEVICE_0483_A,IP_0483_A,1322,1,1,0
TXN_000283,USER_0393,MERCHANT_090,1971.29,2026-07-25 00:39:04.362924,DEVICE_0393_A,IP_0393_A,272,0,0,0
TXN_001130,USER_1292,MERCHANT_121,767.78,2026-07-25 00:51:04.362924,DEVICE_1292_A,IP_1292_A,1004,0,0,0
TXN_000082,USER_0870,MERCHANT_136,784.28,2026-07-25 00:53:04.362924,DEVICE_0870_A,IP_0870_A,1057,1,1,0
TXN_000660,USER_1087,MERCHANT_039,538.43,2026-07-25 01:28:04.362924,DEVICE_1087_A,IP_1087_A,779,0,1,0
TXN_001014,USER_1160,MERCHANT_057,357.82,2026-07-25 01:34:04.362924,DEVICE_1160_A,IP_1160_A,980,1,0,0
TXN_005792,USER_1150,MERCHANT_061,91.56,2026-07-25 01:37:04.362924,DEVICE_1150_A,IP_1150_A,941,0,1,0
TXN_001962,USER_0031,MERCHANT_005,3326.25,2026-07-25 01:48:04.362924,DEVICE_RING_B_02,IP_RING_B_01,27,4,5,1
TXN_000817,USER_1277,MERCHANT_039,733.05,2026-07-25 02:01:04.362924,DEVICE_1277_A,IP_1277_A,699,0,0,0
TXN_004259,USER_1192,MERCHANT_100,560.12,2026-07-25 02:13:04.362924,DEVICE_1192_A,IP_1192_A,1372,1,0,0
TXN_001320,USER_0465,MERCHANT_063,521.5,2026-07-25 03:08:04.362924,DEVICE_0465_A,IP_0465_A,1130,2,2,0
TXN_000981,USER_1004,MERCHANT_056,1081.69,2026-07-25 03:33:04.362924,DEVICE_1004_A,IP_1004_A,1287,0,1,0
TXN_003584,USER_1249,MERCHANT_061,239.79,2026-07-25 04:03:04.362924,DEVICE_1249_A,IP_1249_A,1297,0,0,0
TXN_005092,USER_0595,MERCHANT_143,353.4,2026-07-25 04:04:04.362924,DEVICE_0595_A,IP_0595_A,1239,0,0,0
TXN_001302,USER_0214,MERCHANT_114,1262.64,2026-07-25 04:21:04.362924,DEVICE_0214_A,IP_0214_A,598,0,1,0
TXN_003296,USER_1259,MERCHANT_106,267.85,2026-07-25 04:23:04.362924,DEVICE_1259_A,IP_1259_A,1075,0,0,0
TXN_002766,USER_0463,MERCHANT_002,1110.08,2026-07-25 04:31:04.362924,DEVICE_0463_A,IP_0463_A,1032,1,0,0
TXN_002552,USER_0266,MERCHANT_038,146.49,2026-07-25 05:14:04.362924,DEVICE_0266_A,IP_0266_A,1396,0,0,0
TXN_005542,USER_1195,MERCHANT_119,2099.33,2026-07-25 06:01:04.362924,DEVICE_1195_A,IP_1195_A,993,0,0,0
TXN_002943,USER_0481,MERCHANT_088,969.99,2026-07-25 06:02:04.362924,DEVICE_0481_A,IP_0481_A,797,0,0,0
TXN_003225,USER_1499,MERCHANT_142,742.29,2026-07-25 06:08:04.362924,DEVICE_1499_A,IP_1499_A,326,0,0,0
TXN_002725,USER_0339,MERCHANT_068,2614.61,2026-07-25 06:28:04.362924,DEVICE_0339_A,IP_0339_A,355,0,0,0
TXN_004784,USER_0930,MERCHANT_060,288.03,2026-07-25 06:33:04.362924,DEVICE_0930_A,IP_0930_A,1200,0,0,0
TXN_000204,USER_0089,MERCHANT_009,7171.34,2026-07-25 06:55:04.362924,DEVICE_RING_C_02,IP_RING_C_01,90,7,2,1
TXN_002379,USER_1456,MERCHANT_116,440.02,2026-07-25 08:21:04.362924,DEVICE_1456_A,IP_1456_A,645,1,2,0
TXN_000875,USER_0132,MERCHANT_127,585.28,2026-07-25 09:49:04.362924,DEVICE_0132_A,IP_0132_A,517,0,0,0
TXN_002527,USER_0309,MERCHANT_022,822.21,2026-07-25 10:20:04.362924,DEVICE_0309_A,IP_0309_A,532,1,0,0
TXN_004609,USER_1350,MERCHANT_047,1003.95,2026-07-25 10:23:04.362924,DEVICE_1350_A,IP_1350_A,1309,0,0,0
TXN_003581,USER_0487,MERCHANT_070,2952.8,2026-07-25 11:42:04.362924,DEVICE_0487_A,IP_0487_A,1124,1,0,0
TXN_005929,USER_0730,MERCHANT_046,1454.87,2026-07-25 11:50:04.362924,DEVICE_0730_A,IP_0730_A,915,1,1,0
TXN_003670,USER_1338,MERCHANT_108,773.52,2026-07-25 12:27:04.362924,DEVICE_1338_A,IP_1338_A,1361,0,0,0
TXN_001732,USER_0325,MERCHANT_114,461.71,2026-07-25 12:31:04.362924,DEVICE_0325_A,IP_0325_A,1060,0,0,0
TXN_004292,USER_0701,MERCHANT_022,434.5,2026-07-25 12:36:04.362924,DEVICE_0701_A,IP_0701_A,1314,0,0,0
TXN_005570,USER_0918,MERCHANT_035,283.8,2026-07-25 13:24:04.362924,DEVICE_0918_A,IP_0918_A,905,2,0,0
TXN_004068,USER_0190,MERCHANT_095,749.84,2026-07-25 13:32:04.362924,DEVICE_0190_A,IP_0190_A,853,0,1,0
TXN_003282,USER_0856,MERCHANT_089,613.67,2026-07-25 14:04:04.362924,DEVICE_0856_A,IP_0856_A,528,1,0,0
TXN_004725,USER_0756,MERCHANT_041,564.67,2026-07-25 14:10:04.362924,DEVICE_0756_A,IP_0756_A,334,0,0,0
TXN_004392,USER_0664,MERCHANT_023,1109.73,2026-07-25 14:11:04.362924,DEVICE_0664_A,IP_0664_A,157,2,1,0
TXN_002366,USER_0272,MERCHANT_006,1895.48,2026-07-25 14:22:04.362924,DEVICE_0272_A,IP_0272_A,1358,1,0,0
TXN_000351,USER_0489,MERCHANT_141,757.57,2026-07-25 14:28:04.362924,DEVICE_0489_A,IP_0489_A,85,2,0,0
TXN_001814,USER_0648,MERCHANT_125,1175.63,2026-07-25 14:39:04.362924,DEVICE_0648_A,IP_0648_A,549,0,0,0
TXN_002545,USER_0885,MERCHANT_143,3703.25,2026-07-25 15:06:04.362924,DEVICE_0885_A,IP_0885_A,568,0,2,0
TXN_003129,USER_0985,MERCHANT_138,633.61,2026-07-25 15:06:04.362924,DEVICE_0985_A,IP_0985_A,1294,1,0,0
TXN_002912,USER_0817,MERCHANT_126,785.07,2026-07-25 15:33:04.362924,DEVICE_0817_A,IP_0817_A,1436,0,0,0
TXN_003705,USER_0938,MERCHANT_115,540.04,2026-07-25 15:37:04.362924,DEVICE_0938_A,IP_0938_A,1452,0,0,0
TXN_005390,USER_0709,MERCHANT_075,117.15,2026-07-25 16:35:04.362924,DEVICE_0709_A,IP_0709_A,708,0,0,0
TXN_001396,USER_1439,MERCHANT_021,689.14,2026-07-25 16:42:04.362924,DEVICE_1439_A,IP_1439_A,596,2,0,0
TXN_005624,USER_0972,MERCHANT_023,857.84,2026-07-25 17:10:04.362924,DEVICE_0972_A,IP_0972_A,410,0,0,0
TXN_004152,USER_0135,MERCHANT_096,1397.95,2026-07-25 17:20:04.362924,DEVICE_0135_A,IP_0135_A,1436,0,0,0
TXN_002683,USER_0715,MERCHANT_138,468.64,2026-07-25 17:44:04.362924,DEVICE_0715_A,IP_0715_A,964,0,0,0
TXN_001216,USER_1354,MERCHANT_098,1529.56,2026-07-25 17:48:04.362924,DEVICE_1354_A,IP_1354_A,219,0,0,0
TXN_003716,USER_0261,MERCHANT_122,532.89,2026-07-25 17:49:04.362924,DEVICE_0261_A,IP_0261_A,42,0,0,0
TXN_004258,USER_1240,MERCHANT_026,1746.38,2026-07-25 17:52:04.362924,DEVICE_1240_A,IP_1240_A,346,2,0,0
TXN_002282,USER_0084,MERCHANT_007,1269.63,2026-07-25 18:04:04.362924,DEVICE_RING_C_02,IP_RING_C_02,64,8,1,1
TXN_005750,USER_0009,MERCHANT_002,941.66,2026-07-25 18:24:04.362924,DEVICE_RING_A_02,IP_RING_A_01,13,6,5,1
TXN_000596,USER_1190,MERCHANT_096,409.29,2026-07-25 18:58:04.362924,DEVICE_1190_A,IP_1190_A,1467,0,1,0
TXN_000925,USER_0446,MERCHANT_124,1470.29,2026-07-25 19:32:04.362924,DEVICE_0446_A,IP_0446_A,816,0,0,0
TXN_003987,USER_0036,MERCHANT_005,4346.8,2026-07-25 19:38:04.362924,DEVICE_RING_B_01,IP_RING_B_02,61,6,3,1
TXN_002579,USER_1217,MERCHANT_069,740.56,2026-07-25 20:43:04.362924,DEVICE_1217_A,IP_1217_A,290,1,1,0
TXN_000649,USER_1065,MERCHANT_141,504.58,2026-07-25 21:31:04.362924,DEVICE_1065_A,IP_1065_A,179,0,0,0
TXN_005719,USER_0561,MERCHANT_147,910.4,2026-07-25 22:31:04.362924,DEVICE_0561_A,IP_0561_A,1354,2,0,0
TXN_000912,USER_0773,MERCHANT_070,707.19,2026-07-25 22:38:04.362924,DEVICE_0773_A,IP_0773_A,319,2,1,0
TXN_002076,USER_0928,MERCHANT_055,473.37,2026-07-25 23:39:04.362924,DEVICE_0928_A,IP_0928_A,997,0,1,0
TXN_000457,USER_0632,MERCHANT_025,553.72,2026-07-26 00:17:04.362924,DEVICE_0632_A,IP_0632_A,976,0,0,0
TXN_002462,USER_0173,MERCHANT_112,1047.27,2026-07-26 00:18:04.362924,DEVICE_0173_A,IP_0173_A,1353,0,0,0
TXN_000698,USER_1378,MERCHANT_014,234.77,2026-07-26 01:17:04.362924,DEVICE_1378_A,IP_1378_A,359,0,0,0
TXN_003465,USER_0880,MERCHANT_013,684.3,2026-07-26 01:37:04.362924,DEVICE_0880_A,IP_0880_A,449,0,0,0
TXN_004168,USER_0573,MERCHANT_032,498.77,2026-07-26 02:27:04.362924,DEVICE_0573_A,IP_0573_A,90,0,1,0
TXN_000054,USER_0043,MERCHANT_004,4608.8,2026-07-26 02:47:04.362924,DEVICE_RING_B_01,IP_RING_B_01,36,8,4,1
TXN_000207,USER_0386,MERCHANT_023,882.89,2026-07-26 03:37:04.362924,DEVICE_0386_A,IP_0386_A,164,0,2,0
TXN_000317,USER_0963,MERCHANT_004,1000.64,2026-07-26 03:37:04.362924,DEVICE_0963_A,IP_0963_A,64,0,0,0
TXN_001278,USER_0760,MERCHANT_134,805.87,2026-07-26 03:55:04.362924,DEVICE_0760_A,IP_0760_A,727,1,0,0
TXN_003075,USER_0260,MERCHANT_145,346.25,2026-07-26 04:28:04.362924,DEVICE_0260_A,IP_0260_A,1463,1,0,0
TXN_000944,USER_1042,MERCHANT_099,556.99,2026-07-26 04:30:04.362924,DEVICE_1042_A,IP_1042_A,757,0,0,0
TXN_002134,USER_1168,MERCHANT_050,935.23,2026-07-26 04:31:04.362924,DEVICE_1168_A,IP_1168_A,360,0,0,0
TXN_003553,USER_0745,MERCHANT_028,778.18,2026-07-26 04:43:04.362924,DEVICE_0745_A,IP_0745_A,31,2,0,0
TXN_005275,USER_1491,MERCHANT_055,441.24,2026-07-26 04:51:04.362924,DEVICE_1491_A,IP_1491_A,622,0,0,0
TXN_000051,USER_0956,MERCHANT_024,765.09,2026-07-26 04:56:04.362924,DEVICE_0956_A,IP_0956_A,490,2,1,0
TXN_004936,USER_0179,MERCHANT_045,901.87,2026-07-26 05:18:04.362924,DEVICE_0179_A,IP_0179_A,402,0,0,0
TXN_003872,USER_0948,MERCHANT_148,675.36,2026-07-26 05:27:04.362924,DEVICE_0948_A,IP_0948_A,1163,0,0,0
TXN_001316,USER_0954,MERCHANT_017,224.32,2026-07-26 06:50:04.362924,DEVICE_0954_A,IP_0954_A,1021,0,0,0
TXN_003572,USER_1340,MERCHANT_118,1605.06,2026-07-26 07:07:04.362924,DEVICE_1340_A,IP_1340_A,658,0,0,0
TXN_002608,USER_0876,MERCHANT_046,114.75,2026-07-26 07:32:04.362924,DEVICE_0876_A,IP_0876_A,342,0,0,0
TXN_000019,USER_1208,MERCHANT_089,303.66,2026-07-26 07:36:04.362924,DEVICE_1208_A,IP_1208_A,901,2,0,0
TXN_001273,USER_0744,MERCHANT_081,264.46,2026-07-26 07:54:04.362924,DEVICE_0744_A,IP_0744_A,734,0,0,0
TXN_004494,USER_0298,MERCHANT_083,425.37,2026-07-26 08:16:04.362924,DEVICE_0298_A,IP_0298_A,1006,0,0,0
TXN_001112,USER_0100,MERCHANT_010,3107.2,2026-07-26 08:34:04.362924,DEVICE_RING_D_02,IP_RING_D_01,61,7,3,1
TXN_003632,USER_0817,MERCHANT_123,372.86,2026-07-26 08:59:04.362924,DEVICE_0817_A,IP_0817_A,496,0,0,0
TXN_004409,USER_0284,MERCHANT_010,900.19,2026-07-26 09:00:04.362924,DEVICE_0284_A,IP_0284_A,1334,0,0,0
TXN_003171,USER_1224,MERCHANT_098,295.19,2026-07-26 11:08:04.362924,DEVICE_1224_A,IP_1224_A,1433,0,0,0
TXN_000929,USER_0320,MERCHANT_114,1941.22,2026-07-26 11:08:04.362924,DEVICE_0320_A,IP_0320_A,390,0,0,0
TXN_001321,USER_1046,MERCHANT_011,626.04,2026-07-26 11:16:04.362924,DEVICE_1046_A,IP_1046_A,32,1,2,0
TXN_000732,USER_1006,MERCHANT_098,288.05,2026-07-26 11:41:04.362924,DEVICE_1006_A,IP_1006_A,431,0,2,0
TXN_002075,USER_0887,MERCHANT_002,377.55,2026-07-26 11:42:04.362924,DEVICE_0887_A,IP_0887_A,1007,0,0,0
TXN_002979,USER_0494,MERCHANT_026,901.93,2026-07-26 12:08:04.362924,DEVICE_0494_A,IP_0494_A,611,0,1,0
TXN_005022,USER_0836,MERCHANT_082,345.71,2026-07-26 13:04:04.362924,DEVICE_0836_A,IP_0836_A,1201,0,0,0
TXN_004697,USER_1207,MERCHANT_010,879.67,2026-07-26 13:15:04.362924,DEVICE_1207_A,IP_1207_A,661,0,1,0
TXN_005628,USER_1237,MERCHANT_136,1225.73,2026-07-26 13:15:04.362924,DEVICE_1237_A,IP_1237_A,1486,0,0,0
TXN_003529,USER_1221,MERCHANT_015,151.89,2026-07-26 13:43:04.362924,DEVICE_1221_A,IP_1221_A,827,0,0,0
TXN_002295,USER_1249,MERCHANT_146,321.85,2026-07-26 13:50:04.362924,DEVICE_1249_A,IP_1249_A,423,0,1,0
TXN_000512,USER_0934,MERCHANT_142,577.81,2026-07-26 13:55:04.362924,DEVICE_0934_A,IP_0934_A,697,1,0,0
TXN_001779,USER_0762,MERCHANT_127,434.83,2026-07-26 14:07:04.362924,DEVICE_0762_A,IP_0762_A,1284,0,0,0
TXN_001326,USER_0693,MERCHANT_111,136.36,2026-07-26 14:10:04.362924,DEVICE_0693_A,IP_0693_A,461,0,2,0
TXN_000621,USER_0662,MERCHANT_034,331.65,2026-07-26 14:26:04.362924,DEVICE_0662_A,IP_0662_A,359,0,0,0
TXN_003194,USER_0555,MERCHANT_043,377.55,2026-07-26 15:25:04.362924,DEVICE_0555_A,IP_0555_A,328,0,1,0
TXN_004990,USER_0624,MERCHANT_006,3608.37,2026-07-26 15:29:04.362924,DEVICE_0624_A,IP_0624_A,1409,0,0,0
TXN_005131,USER_0989,MERCHANT_141,832.08,2026-07-26 15:36:04.362924,DEVICE_0989_A,IP_0989_A,1115,0,0,0
TXN_002542,USER_0985,MERCHANT_018,233.47,2026-07-26 15:56:04.362924,DEVICE_0985_A,IP_0985_A,163,0,1,0
TXN_004086,USER_0852,MERCHANT_023,507.09,2026-07-26 16:06:04.362924,DEVICE_0852_A,IP_0852_A,1019,0,2,0
TXN_005456,USER_0843,MERCHANT_064,1713.93,2026-07-26 16:19:04.362924,DEVICE_0843_A,IP_0843_A,1404,0,0,0
TXN_002707,USER_0103,MERCHANT_010,2889.77,2026-07-26 16:19:04.362924,DEVICE_RING_D_02,IP_RING_D_02,6,2,4,1
TXN_002871,USER_1089,MERCHANT_040,372.02,2026-07-26 17:18:04.362924,DEVICE_1089_A,IP_1089_A,845,0,0,0
TXN_005739,USER_0530,MERCHANT_124,374.59,2026-07-26 17:27:04.362924,DEVICE_0530_A,IP_0530_A,1326,0,2,0
TXN_004104,USER_1110,MERCHANT_011,1166.28,2026-07-26 18:21:04.362924,DEVICE_1110_A,IP_1110_A,1251,0,2,0
TXN_002643,USER_1243,MERCHANT_085,317.73,2026-07-26 18:44:04.362924,DEVICE_1243_A,IP_1243_A,1323,0,0,0
TXN_005370,USER_0047,MERCHANT_004,12246.39,2026-07-26 18:51:04.362924,DEVICE_RING_B_02,IP_RING_B_01,15,2,4,1
TXN_000710,USER_0269,MERCHANT_129,2141.52,2026-07-26 18:52:04.362924,DEVICE_0269_A,IP_0269_A,632,0,0,0
TXN_005074,USER_0007,MERCHANT_003,527.78,2026-07-26 18:55:04.362924,DEVICE_RING_A_02,IP_RING_A_01,51,5,1,1
TXN_004753,USER_0594,MERCHANT_001,502.7,2026-07-26 19:06:04.362924,DEVICE_0594_A,IP_0594_A,87,0,0,0
TXN_003406,USER_0745,MERCHANT_032,89.81,2026-07-26 19:26:04.362924,DEVICE_0745_A,IP_0745_A,1367,0,0,0
TXN_005920,USER_0582,MERCHANT_097,263.13,2026-07-26 19:55:04.362924,DEVICE_0582_A,IP_0582_A,546,0,0,0
TXN_003573,USER_0082,MERCHANT_008,3445.53,2026-07-26 20:00:04.362924,DEVICE_RING_C_02,IP_RING_C_02,10,6,2,1
TXN_002021,USER_0042,MERCHANT_005,2654.41,2026-07-26 20:01:04.362924,DEVICE_RING_B_01,IP_RING_B_01,37,8,4,1
TXN_003969,USER_1283,MERCHANT_011,2720.0,2026-07-26 20:35:04.362924,DEVICE_1283_A,IP_1283_A,605,0,0,0
TXN_005713,USER_1135,MERCHANT_118,1140.8,2026-07-26 20:55:04.362924,DEVICE_1135_A,IP_1135_A,39,0,0,0
TXN_003102,USER_1154,MERCHANT_039,1139.79,2026-07-26 21:11:04.362924,DEVICE_1154_A,IP_1154_A,978,1,0,0
TXN_002030,USER_0926,MERCHANT_097,414.97,2026-07-26 22:11:04.362924,DEVICE_0926_A,IP_0926_A,819,1,0,0
TXN_004565,USER_1446,MERCHANT_057,1086.62,2026-07-26 22:15:04.362924,DEVICE_1446_A,IP_1446_A,552,0,0,0
TXN_003395,USER_1415,MERCHANT_047,2634.2,2026-07-26 22:21:04.362924,DEVICE_1415_A,IP_1415_A,1476,0,1,0
TXN_004771,USER_1159,MERCHANT_019,606.87,2026-07-26 23:04:04.362924,DEVICE_1159_A,IP_1159_A,211,0,1,0
TXN_004646,USER_0153,MERCHANT_099,2016.57,2026-07-26 23:36:04.362924,DEVICE_0153_A,IP_0153_A,374,1,0,0
TXN_003111,USER_0813,MERCHANT_027,251.03,2026-07-26 23:41:04.362924,DEVICE_0813_A,IP_0813_A,820,0,2,0
TXN_001720,USER_1343,MERCHANT_051,432.82,2026-07-26 23:51:04.362924,DEVICE_1343_A,IP_1343_A,189,1,0,0
TXN_001304,USER_0021,MERCHANT_003,1174.15,2026-07-27 00:09:04.362924,DEVICE_RING_A_01,IP_RING_A_01,70,6,1,1
TXN_002023,USER_1229,MERCHANT_052,1664.74,2026-07-27 00:18:04.362924,DEVICE_1229_A,IP_1229_A,188,0,0,0
TXN_004363,USER_1309,MERCHANT_105,738.32,2026-07-27 00:28:04.362924,DEVICE_1309_A,IP_1309_A,290,1,1,0
TXN_002855,USER_1440,MERCHANT_037,1495.77,2026-07-27 00:52:04.362924,DEVICE_1440_A,IP_1440_A,1302,0,0,0
TXN_004009,USER_1170,MERCHANT_072,416.02,2026-07-27 00:57:04.362924,DEVICE_1170_A,IP_1170_A,1378,1,1,0
TXN_002711,USER_0019,MERCHANT_002,1102.81,2026-07-27 00:57:04.362924,DEVICE_RING_A_01,IP_RING_A_02,71,6,3,1
TXN_003770,USER_0617,MERCHANT_134,396.33,2026-07-27 01:16:04.362924,DEVICE_0617_A,IP_0617_A,323,0,0,0
TXN_000115,USER_0796,MERCHANT_032,519.39,2026-07-27 01:32:04.362924,DEVICE_0796_A,IP_0796_A,871,0,0,0
TXN_002190,USER_0301,MERCHANT_113,932.94,2026-07-27 01:53:04.362924,DEVICE_0301_A,IP_0301_A,532,0,0,0
TXN_002453,USER_0056,MERCHANT_005,2337.57,2026-07-27 01:58:04.362924,DEVICE_RING_B_02,IP_RING_B_02,41,6,5,1
TXN_001059,USER_0192,MERCHANT_082,902.01,2026-07-27 03:18:04.362924,DEVICE_0192_A,IP_0192_A,734,0,0,0
TXN_001549,USER_0646,MERCHANT_009,1065.81,2026-07-27 03:19:04.362924,DEVICE_0646_A,IP_0646_A,203,2,0,0
TXN_004836,USER_0491,MERCHANT_053,643.33,2026-07-27 04:22:04.362924,DEVICE_0491_A,IP_0491_A,611,0,2,0
TXN_002803,USER_0372,MERCHANT_061,779.99,2026-07-27 04:25:04.362924,DEVICE_0372_A,IP_0372_A,875,0,0,0
TXN_002331,USER_1298,MERCHANT_137,481.28,2026-07-27 04:25:04.362924,DEVICE_1298_A,IP_1298_A,1098,0,0,0
TXN_001222,USER_0093,MERCHANT_012,3407.95,2026-07-27 04:33:04.362924,DEVICE_RING_D_02,IP_RING_D_02,24,5,4,1
TXN_001861,USER_0815,MERCHANT_118,542.51,2026-07-27 04:44:04.362924,DEVICE_0815_A,IP_0815_A,1494,1,0,0
TXN_004230,USER_1022,MERCHANT_118,603.86,2026-07-27 05:33:04.362924,DEVICE_1022_A,IP_1022_A,994,0,0,0
TXN_000474,USER_0412,MERCHANT_145,1672.52,2026-07-27 05:45:04.362924,DEVICE_0412_A,IP_0412_A,415,1,1,0
TXN_000277,USER_0239,MERCHANT_144,696.61,2026-07-27 06:24:04.362924,DEVICE_0239_A,IP_0239_A,976,0,0,0
TXN_002870,USER_1267,MERCHANT_015,1508.19,2026-07-27 06:25:04.362924,DEVICE_1267_A,IP_1267_A,865,0,0,0
TXN_000004,USER_0045,MERCHANT_004,11465.25,2026-07-27 06:32:04.362924,DEVICE_RING_B_02,IP_RING_B_02,78,6,1,1
TXN_002757,USER_0851,MERCHANT_025,694.5,2026-07-27 06:39:04.362924,DEVICE_0851_A,IP_0851_A,808,0,0,0
TXN_004295,USER_1251,MERCHANT_019,1483.09,2026-07-27 07:47:04.362924,DEVICE_1251_A,IP_1251_A,1352,1,0,0
TXN_000098,USER_0541,MERCHANT_018,729.76,2026-07-27 07:52:04.362924,DEVICE_0541_A,IP_0541_A,1165,0,0,0
TXN_002760,USER_0401,MERCHANT_060,957.15,2026-07-27 09:08:04.362924,DEVICE_0401_A,IP_0401_A,871,1,0,0
TXN_002896,USER_1353,MERCHANT_018,10000.0,2026-07-27 09:42:04.362924,DEVICE_1353_A,IP_1353_A,569,0,1,0
TXN_004157,USER_0950,MERCHANT_075,890.54,2026-07-27 09:56:04.362924,DEVICE_0950_A,IP_0950_A,560,0,1,0
TXN_000975,USER_0499,MERCHANT_029,429.36,2026-07-27 11:07:04.362924,DEVICE_0499_A,IP_0499_A,1454,0,0,0
TXN_000398,USER_1114,MERCHANT_088,1656.29,2026-07-27 11:17:04.362924,DEVICE_1114_A,IP_1114_A,1427,1,0,0
TXN_000663,USER_1279,MERCHANT_038,585.44,2026-07-27 11:45:04.362924,DEVICE_1279_A,IP_1279_A,1020,2,0,0
TXN_003366,USER_0966,MERCHANT_057,2596.38,2026-07-27 12:13:04.362924,DEVICE_0966_A,IP_0966_A,1377,1,0,0
TXN_002677,USER_0497,MERCHANT_002,779.9,2026-07-27 12:13:04.362924,DEVICE_0497_A,IP_0497_A,366,2,0,0
TXN_002650,USER_0799,MERCHANT_077,1180.43,2026-07-27 12:13:04.362924,DEVICE_0799_A,IP_0799_A,196,0,0,0
TXN_000514,USER_1325,MERCHANT_150,303.77,2026-07-27 12:16:04.362924,DEVICE_1325_A,IP_1325_A,235,2,0,0
TXN_001835,USER_1407,MERCHANT_119,379.02,2026-07-27 12:25:04.362924,DEVICE_1407_A,IP_1407_A,1147,0,0,0
TXN_002998,USER_1380,MERCHANT_055,236.42,2026-07-27 12:53:04.362924,DEVICE_1380_A,IP_1380_A,873,1,2,0
TXN_004668,USER_0214,MERCHANT_120,2092.14,2026-07-27 13:28:04.362924,DEVICE_0214_A,IP_0214_A,945,0,0,0
TXN_002752,USER_0008,MERCHANT_001,12052.96,2026-07-27 13:30:04.362924,DEVICE_RING_A_02,IP_RING_A_02,86,6,5,1
TXN_002576,USER_0982,MERCHANT_051,260.59,2026-07-27 14:09:04.362924,DEVICE_0982_A,IP_0982_A,574,0,0,0
TXN_003247,USER_1189,MERCHANT_120,835.4,2026-07-27 14:13:04.362924,DEVICE_1189_A,IP_1189_A,876,0,0,0
TXN_000448,USER_0248,MERCHANT_112,296.49,2026-07-27 14:57:04.362924,DEVICE_0248_A,IP_0248_A,1386,2,0,0
TXN_002924,USER_0935,MERCHANT_117,571.8,2026-07-27 15:03:04.362924,DEVICE_0935_A,IP_0935_A,1246,2,0,0
TXN_001077,USER_0401,MERCHANT_052,186.7,2026-07-27 15:09:04.362924,DEVICE_0401_A,IP_0401_A,410,1,0,0
TXN_005249,USER_1136,MERCHANT_103,1109.27,2026-07-27 15:24:04.362924,DEVICE_1136_A,IP_1136_A,1322,0,0,0
TXN_002147,USER_0684,MERCHANT_010,180.59,2026-07-27 15:51:04.362924,DEVICE_0684_A,IP_0684_A,316,0,0,0
TXN_001424,USER_0316,MERCHANT_101,319.74,2026-07-27 16:41:04.362924,DEVICE_0316_A,IP_0316_A,1460,2,0,0
TXN_000893,USER_1382,MERCHANT_008,1335.33,2026-07-27 17:21:04.362924,DEVICE_1382_A,IP_1382_A,389,0,1,0
TXN_002727,USER_0333,MERCHANT_005,1281.17,2026-07-27 17:33:04.362924,DEVICE_0333_A,IP_0333_A,993,0,0,0
TXN_001878,USER_0281,MERCHANT_033,512.87,2026-07-27 17:51:04.362924,DEVICE_0281_A,IP_0281_A,1089,0,0,0
TXN_002942,USER_0199,MERCHANT_008,422.87,2026-07-27 17:57:04.362924,DEVICE_0199_A,IP_0199_A,1408,0,0,0
TXN_002158,USER_0027,MERCHANT_002,1819.53,2026-07-27 18:25:04.362924,DEVICE_RING_A_01,IP_RING_A_01,86,2,4,1
TXN_001410,USER_1045,MERCHANT_078,497.11,2026-07-27 18:39:04.362924,DEVICE_1045_A,IP_1045_A,220,0,0,0
TXN_004949,USER_0714,MERCHANT_079,449.29,2026-07-27 18:42:04.362924,DEVICE_0714_A,IP_0714_A,180,0,0,0
TXN_000310,USER_0624,MERCHANT_128,515.58,2026-07-27 19:15:04.362924,DEVICE_0624_A,IP_0624_A,1157,0,0,0
TXN_003442,USER_0080,MERCHANT_008,1352.79,2026-07-27 19:32:04.362924,DEVICE_RING_C_02,IP_RING_C_02,53,7,4,1
TXN_005984,USER_0345,MERCHANT_033,805.62,2026-07-27 19:41:04.362924,DEVICE_0345_A,IP_0345_A,414,0,0,0
TXN_002351,USER_0064,MERCHANT_007,7215.47,2026-07-27 19:57:04.362924,DEVICE_RING_C_01,IP_RING_C_02,12,6,4,1
TXN_000934,USER_0744,MERCHANT_112,115.33,2026-07-27 20:19:04.362924,DEVICE_0744_A,IP_0744_A,1500,2,0,0
TXN_005000,USER_1095,MERCHANT_070,317.63,2026-07-27 20:30:04.362924,DEVICE_1095_A,IP_1095_A,931,0,0,0
TXN_004593,USER_0946,MERCHANT_121,903.49,2026-07-27 20:42:04.362924,DEVICE_0946_A,IP_0946_A,1197,0,0,0
TXN_000811,USER_0939,MERCHANT_146,521.53,2026-07-27 20:46:04.362924,DEVICE_0939_A,IP_0939_A,475,1,0,0
TXN_004874,USER_0282,MERCHANT_018,714.5,2026-07-27 21:04:04.362924,DEVICE_0282_A,IP_0282_A,152,1,1,0
TXN_005837,USER_0949,MERCHANT_141,143.8,2026-07-27 21:17:04.362924,DEVICE_0949_A,IP_0949_A,129,2,0,0
TXN_002106,USER_0655,MERCHANT_078,2056.86,2026-07-27 21:40:04.362924,DEVICE_0655_A,IP_0655_A,1290,0,1,0
TXN_003994,USER_0403,MERCHANT_036,1053.9,2026-07-27 21:54:04.362924,DEVICE_0403_A,IP_0403_A,271,0,0,0
TXN_000793,USER_0112,MERCHANT_010,3280.09,2026-07-27 21:55:04.362924,DEVICE_RING_D_02,IP_RING_D_02,47,3,5,1
TXN_003005,USER_0802,MERCHANT_067,910.82,2026-07-27 21:59:04.362924,DEVICE_0802_A,IP_0802_A,549,0,2,0
TXN_003285,USER_0998,MERCHANT_141,186.01,2026-07-27 22:19:04.362924,DEVICE_0998_A,IP_0998_A,150,0,0,0
TXN_005086,USER_0797,MERCHANT_095,3430.41,2026-07-27 22:40:04.362924,DEVICE_0797_A,IP_0797_A,1081,2,0,0
TXN_000885,USER_1409,MERCHANT_136,1000.59,2026-07-27 22:42:04.362924,DEVICE_1409_A,IP_1409_A,209,0,0,0
TXN_002367,USER_1441,MERCHANT_099,401.45,2026-07-27 22:58:04.362924,DEVICE_1441_A,IP_1441_A,608,0,0,0
TXN_005182,USER_0147,MERCHANT_003,429.31,2026-07-27 23:09:04.362924,DEVICE_0147_A,IP_0147_A,1328,0,0,0
TXN_000498,USER_1246,MERCHANT_126,520.18,2026-07-27 23:35:04.362924,DEVICE_1246_A,IP_1246_A,344,0,0,0
TXN_001506,USER_1154,MERCHANT_009,427.1,2026-07-27 23:51:04.362924,DEVICE_1154_A,IP_1154_A,291,0,0,0
TXN_002854,USER_0343,MERCHANT_125,707.92,2026-07-28 00:10:04.362924,DEVICE_0343_A,IP_0343_A,1312,1,0,0
TXN_000530,USER_0559,MERCHANT_057,304.51,2026-07-28 00:39:04.362924,DEVICE_0559_A,IP_0559_A,1355,0,0,0
TXN_000241,USER_0346,MERCHANT_049,331.14,2026-07-28 01:19:04.362924,DEVICE_0346_A,IP_0346_A,68,0,0,0
TXN_003887,USER_0362,MERCHANT_100,115.57,2026-07-28 01:22:04.362924,DEVICE_0362_A,IP_0362_A,485,0,0,0
TXN_005789,USER_0182,MERCHANT_085,161.82,2026-07-28 01:23:04.362924,DEVICE_0182_A,IP_0182_A,826,0,1,0
TXN_001541,USER_1103,MERCHANT_071,587.75,2026-07-28 01:27:04.362924,DEVICE_1103_A,IP_1103_A,1450,1,0,0
TXN_003293,USER_0427,MERCHANT_057,1563.46,2026-07-28 01:34:04.362924,DEVICE_0427_A,IP_0427_A,483,0,1,0
TXN_005333,USER_1399,MERCHANT_014,727.1,2026-07-28 02:11:04.362924,DEVICE_1399_A,IP_1399_A,1423,0,1,0
TXN_001360,USER_0379,MERCHANT_131,688.45,2026-07-28 02:44:04.362924,DEVICE_0379_A,IP_0379_A,554,0,0,0
TXN_002278,USER_0013,MERCHANT_001,792.55,2026-07-28 03:01:04.362924,DEVICE_RING_A_02,IP_RING_A_01,73,3,1,1
TXN_004987,USER_0249,MERCHANT_028,508.34,2026-07-28 03:06:04.362924,DEVICE_0249_A,IP_0249_A,1257,0,0,0
TXN_001144,USER_0116,MERCHANT_012,2834.5,2026-07-28 03:24:04.362924,DEVICE_RING_D_01,IP_RING_D_01,75,2,5,1
TXN_003478,USER_0341,MERCHANT_056,123.68,2026-07-28 03:37:04.362924,DEVICE_0341_A,IP_0341_A,448,1,0,0
TXN_003381,USER_0373,MERCHANT_056,3043.37,2026-07-28 03:43:04.362924,DEVICE_0373_A,IP_0373_A,845,0,0,0
TXN_002612,USER_0692,MERCHANT_119,255.61,2026-07-28 04:09:04.362924,DEVICE_0692_A,IP_0692_A,533,0,0,0
TXN_005084,USER_0566,MERCHANT_089,269.07,2026-07-28 04:15:04.362924,DEVICE_0566_A,IP_0566_A,280,0,0,0
TXN_002564,USER_0402,MERCHANT_121,726.67,2026-07-28 04:25:04.362924,DEVICE_0402_A,IP_0402_A,720,0,0,0
TXN_000913,USER_0036,MERCHANT_006,3208.09,2026-07-28 04:38:04.362924,DEVICE_RING_B_01,IP_RING_B_02,44,6,4,1
TXN_002753,USER_1206,MERCHANT_047,423.09,2026-07-28 05:21:04.362924,DEVICE_1206_A,IP_1206_A,1315,0,0,0
TXN_000723,USER_0683,MERCHANT_126,218.28,2026-07-28 05:35:04.362924,DEVICE_0683_A,IP_0683_A,404,2,1,0
TXN_002937,USER_1014,MERCHANT_130,381.44,2026-07-28 05:45:04.362924,DEVICE_1014_A,IP_1014_A,1048,1,0,0
TXN_000985,USER_0128,MERCHANT_132,598.38,2026-07-28 05:51:04.362924,DEVICE_0128_A,IP_0128_A,1479,2,0,0
TXN_001040,USER_0545,MERCHANT_021,1315.87,2026-07-28 07:08:04.362924,DEVICE_0545_A,IP_0545_A,1300,1,0,0
TXN_002512,USER_0129,MERCHANT_066,904.5,2026-07-28 07:39:04.362924,DEVICE_0129_A,IP_0129_A,1157,0,0,0
TXN_002768,USER_0689,MERCHANT_001,843.86,2026-07-28 08:06:04.362924,DEVICE_0689_A,IP_0689_A,904,0,1,0
TXN_001513,USER_1351,MERCHANT_017,350.48,2026-07-28 08:45:04.362924,DEVICE_1351_A,IP_1351_A,1348,0,1,0
TXN_001944,USER_1133,MERCHANT_051,463.84,2026-07-28 08:51:04.362924,DEVICE_1133_A,IP_1133_A,398,1,0,0
TXN_005105,USER_0103,MERCHANT_011,3730.44,2026-07-28 09:06:04.362924,DEVICE_RING_D_02,IP_RING_D_02,38,7,3,1
TXN_003414,USER_0890,MERCHANT_055,321.46,2026-07-28 09:19:04.362924,DEVICE_0890_A,IP_0890_A,1240,0,0,0
TXN_000813,USER_0316,MERCHANT_077,1776.08,2026-07-28 09:19:04.362924,DEVICE_0316_A,IP_0316_A,106,1,0,0
TXN_001247,USER_0767,MERCHANT_142,615.54,2026-07-28 09:42:04.362924,DEVICE_0767_A,IP_0767_A,160,0,0,0
TXN_001465,USER_1039,MERCHANT_052,388.21,2026-07-28 09:44:04.362924,DEVICE_1039_A,IP_1039_A,586,1,0,0
TXN_003648,USER_0144,MERCHANT_006,703.79,2026-07-28 09:46:04.362924,DEVICE_0144_A,IP_0144_A,1294,0,1,0
TXN_004364,USER_0084,MERCHANT_008,8262.87,2026-07-28 10:06:04.362924,DEVICE_RING_C_01,IP_RING_C_01,26,7,4,1
TXN_005529,USER_0964,MERCHANT_031,524.52,2026-07-28 10:44:04.362924,DEVICE_0964_A,IP_0964_A,1054,0,0,0
TXN_005766,USER_1210,MERCHANT_110,472.39,2026-07-28 11:01:04.362924,DEVICE_1210_A,IP_1210_A,535,0,0,0
TXN_002515,USER_0840,MERCHANT_105,546.12,2026-07-28 11:03:04.362924,DEVICE_0840_A,IP_0840_A,1438,1,0,0
TXN_004543,USER_1429,MERCHANT_010,153.1,2026-07-28 11:10:04.362924,DEVICE_1429_A,IP_1429_A,615,0,0,0
TXN_003321,USER_1354,MERCHANT_051,695.08,2026-07-28 11:36:04.362924,DEVICE_1354_A,IP_1354_A,1465,0,0,0
TXN_000239,USER_0587,MERCHANT_014,365.25,2026-07-28 12:23:04.362924,DEVICE_0587_A,IP_0587_A,1225,0,0,0
TXN_002002,USER_0013,MERCHANT_002,2163.6,2026-07-28 12:55:04.362924,DEVICE_RING_A_01,IP_RING_A_02,62,6,1,1
TXN_001788,USER_1099,MERCHANT_126,341.32,2026-07-28 12:56:04.362924,DEVICE_1099_A,IP_1099_A,604,0,0,0
TXN_000117,USER_1160,MERCHANT_055,584.58,2026-07-28 13:00:04.362924,DEVICE_1160_A,IP_1160_A,346,0,0,0
TXN_000933,USER_1036,MERCHANT_051,202.54,2026-07-28 13:02:04.362924,DEVICE_1036_A,IP_1036_A,451,0,0,0
TXN_003826,USER_0083,MERCHANT_008,8068.83,2026-07-28 13:20:04.362924,DEVICE_RING_C_01,IP_RING_C_01,8,7,1,1
TXN_001104,USER_0149,MERCHANT_136,540.36,2026-07-28 13:29:04.362924,DEVICE_0149_A,IP_0149_A,474,1,2,0
TXN_003786,USER_0244,MERCHANT_054,397.03,2026-07-28 13:35:04.362924,DEVICE_0244_A,IP_0244_A,770,0,0,0
TXN_003447,USER_1044,MERCHANT_073,551.86,2026-07-28 13:53:04.362924,DEVICE_1044_A,IP_1044_A,493,0,0,0
TXN_005814,USER_0358,MERCHANT_049,319.12,2026-07-28 14:03:04.362924,DEVICE_0358_A,IP_0358_A,851,0,0,0
TXN_000659,USER_0950,MERCHANT_055,696.1,2026-07-28 15:09:04.362924,DEVICE_0950_A,IP_0950_A,105,0,0,0
TXN_000881,USER_0858,MERCHANT_010,3992.32,2026-07-28 15:18:04.362924,DEVICE_0858_A,IP_0858_A,220,1,0,0
TXN_003138,USER_0071,MERCHANT_008,900.44,2026-07-28 15:57:04.362924,DEVICE_RING_C_02,IP_RING_C_01,63,2,1,1
TXN_004584,USER_0276,MERCHANT_067,1080.23,2026-07-28 16:22:04.362924,DEVICE_0276_A,IP_0276_A,529,2,0,0
TXN_002588,USER_1349,MERCHANT_099,515.27,2026-07-28 16:46:04.362924,DEVICE_1349_A,IP_1349_A,943,0,0,0
TXN_003744,USER_0310,MERCHANT_099,680.6,2026-07-28 16:47:04.362924,DEVICE_0310_A,IP_0310_A,1192,1,0,0
TXN_005745,USER_0034,MERCHANT_004,426.24,2026-07-28 16:58:04.362924,DEVICE_RING_B_01,IP_RING_B_01,61,8,1,1
TXN_001925,USER_0062,MERCHANT_009,19893.11,2026-07-28 17:19:04.362924,DEVICE_RING_C_01,IP_RING_C_01,34,4,1,1
TXN_000146,USER_1256,MERCHANT_011,1078.47,2026-07-28 18:16:04.362924,DEVICE_1256_A,IP_1256_A,951,1,0,0
TXN_001198,USER_0488,MERCHANT_067,908.05,2026-07-28 18:37:04.362924,DEVICE_0488_A,IP_0488_A,377,0,1,0
TXN_000360,USER_1299,MERCHANT_057,322.63,2026-07-28 18:41:04.362924,DEVICE_1299_A,IP_1299_A,942,0,0,0
TXN_002296,USER_0939,MERCHANT_148,887.86,2026-07-28 19:31:04.362924,DEVICE_0939_A,IP_0939_A,822,1,0,0
TXN_004045,USER_0756,MERCHANT_146,1207.44,2026-07-28 20:47:04.362924,DEVICE_0756_A,IP_0756_A,1022,2,1,0
TXN_002476,USER_0874,MERCHANT_131,1030.81,2026-07-28 21:01:04.362924,DEVICE_0874_A,IP_0874_A,366,0,0,0
TXN_001670,USER_0272,MERCHANT_123,904.14,2026-07-28 21:04:04.362924,DEVICE_0272_A,IP_0272_A,1246,1,0,0
TXN_005442,USER_0065,MERCHANT_009,1327.18,2026-07-28 21:09:04.362924,DEVICE_RING_C_02,IP_RING_C_01,24,3,1,1
TXN_001636,USER_1410,MERCHANT_102,443.28,2026-07-28 21:11:04.362924,DEVICE_1410_A,IP_1410_A,348,0,0,0
TXN_002287,USER_0090,MERCHANT_008,5472.2,2026-07-28 21:35:04.362924,DEVICE_RING_C_02,IP_RING_C_01,80,7,1,1
TXN_003331,USER_1208,MERCHANT_056,1190.65,2026-07-28 22:01:04.362924,DEVICE_1208_A,IP_1208_A,274,2,0,0
TXN_004283,USER_0102,MERCHANT_012,7969.9,2026-07-28 22:34:04.362924,DEVICE_RING_D_02,IP_RING_D_01,86,3,4,1
TXN_001192,USER_1446,MERCHANT_118,220.61,2026-07-28 23:54:04.362924,DEVICE_1446_A,IP_1446_A,205,0,0,0
TXN_004810,USER_1480,MERCHANT_109,438.06,2026-07-29 00:18:04.362924,DEVICE_1480_A,IP_1480_A,1258,0,0,0
TXN_000071,USER_0414,MERCHANT_060,786.8,2026-07-29 00:27:04.362924,DEVICE_0414_A,IP_0414_A,974,0,0,0
TXN_002152,USER_0741,MERCHANT_038,2086.06,2026-07-29 00:37:04.362924,DEVICE_0741_A,IP_0741_A,1226,0,0,0
TXN_003879,USER_0527,MERCHANT_054,190.07,2026-07-29 00:46:04.362924,DEVICE_0527_A,IP_0527_A,408,0,0,0
TXN_001786,USER_1064,MERCHANT_031,201.09,2026-07-29 01:06:04.362924,DEVICE_1064_A,IP_1064_A,288,0,0,0
TXN_004147,USER_0232,MERCHANT_082,802.88,2026-07-29 01:15:04.362924,DEVICE_0232_A,IP_0232_A,972,0,1,0
TXN_003364,USER_0521,MERCHANT_064,217.1,2026-07-29 01:15:04.362924,DEVICE_0521_A,IP_0521_A,352,2,1,0
TXN_005833,USER_1161,MERCHANT_127,262.31,2026-07-29 01:40:04.362924,DEVICE_1161_A,IP_1161_A,1219,1,0,0
TXN_004629,USER_0616,MERCHANT_082,1365.1,2026-07-29 01:42:04.362924,DEVICE_0616_A,IP_0616_A,1188,0,0,0
TXN_005940,USER_0928,MERCHANT_031,3198.87,2026-07-29 02:22:04.362924,DEVICE_0928_A,IP_0928_A,122,1,0,0
TXN_001787,USER_0967,MERCHANT_115,475.81,2026-07-29 02:35:04.362924,DEVICE_0967_A,IP_0967_A,1398,0,0,0
TXN_000968,USER_0922,MERCHANT_119,2316.09,2026-07-29 02:41:04.362924,DEVICE_0922_A,IP_0922_A,1412,1,0,0
TXN_002022,USER_0747,MERCHANT_095,738.75,2026-07-29 03:19:04.362924,DEVICE_0747_A,IP_0747_A,1308,1,1,0
TXN_000087,USER_0901,MERCHANT_096,1192.11,2026-07-29 03:31:04.362924,DEVICE_0901_A,IP_0901_A,251,0,0,0
TXN_003092,USER_1039,MERCHANT_038,1060.73,2026-07-29 03:51:04.362924,DEVICE_1039_A,IP_1039_A,259,0,0,0
TXN_001942,USER_1484,MERCHANT_036,447.28,2026-07-29 03:57:04.362924,DEVICE_1484_A,IP_1484_A,1270,0,0,0
TXN_003896,USER_0582,MERCHANT_045,1271.76,2026-07-29 04:00:04.362924,DEVICE_0582_A,IP_0582_A,351,0,0,0
TXN_005928,USER_0829,MERCHANT_057,679.88,2026-07-29 04:06:04.362924,DEVICE_0829_A,IP_0829_A,1167,0,0,0
TXN_004875,USER_0087,MERCHANT_007,1361.09,2026-07-29 04:17:04.362924,DEVICE_RING_C_02,IP_RING_C_01,77,7,5,1
TXN_003651,USER_0546,MERCHANT_057,814.82,2026-07-29 04:55:04.362924,DEVICE_0546_A,IP_0546_A,795,0,1,0
TXN_003838,USER_0990,MERCHANT_032,797.72,2026-07-29 04:56:04.362924,DEVICE_0990_A,IP_0990_A,685,0,0,0
TXN_005717,USER_0244,MERCHANT_105,841.18,2026-07-29 05:41:04.362924,DEVICE_0244_A,IP_0244_A,1393,0,0,0
TXN_002549,USER_1207,MERCHANT_003,1290.74,2026-07-29 05:44:04.362924,DEVICE_1207_A,IP_1207_A,651,1,0,0
TXN_004189,USER_1213,MERCHANT_020,438.98,2026-07-29 06:03:04.362924,DEVICE_1213_A,IP_1213_A,1382,1,0,0
TXN_004499,USER_0439,MERCHANT_019,117.88,2026-07-29 06:10:04.362924,DEVICE_0439_A,IP_0439_A,312,0,0,0
TXN_000706,USER_0531,MERCHANT_133,945.24,2026-07-29 06:50:04.362924,DEVICE_0531_A,IP_0531_A,61,1,0,0
TXN_004182,USER_0548,MERCHANT_027,409.53,2026-07-29 07:06:04.362924,DEVICE_0548_A,IP_0548_A,1100,2,2,0
TXN_001970,USER_0891,MERCHANT_057,1404.25,2026-07-29 07:25:04.362924,DEVICE_0891_A,IP_0891_A,1409,0,0,0
TXN_001616,USER_1461,MERCHANT_049,6579.8,2026-07-29 07:53:04.362924,DEVICE_1461_A,IP_1461_A,425,1,1,0
TXN_003795,USER_0709,MERCHANT_129,603.56,2026-07-29 08:19:04.362924,DEVICE_0709_A,IP_0709_A,1059,1,0,0
TXN_003353,USER_0670,MERCHANT_086,827.3,2026-07-29 08:28:04.362924,DEVICE_0670_A,IP_0670_A,438,0,0,0
TXN_000528,USER_1250,MERCHANT_090,622.03,2026-07-29 08:35:04.362924,DEVICE_1250_A,IP_1250_A,735,0,1,0
TXN_000056,USER_1308,MERCHANT_126,1206.39,2026-07-29 08:43:04.362924,DEVICE_1308_A,IP_1308_A,334,0,0,0
TXN_001690,USER_0903,MERCHANT_123,494.11,2026-07-29 09:14:04.362924,DEVICE_0903_A,IP_0903_A,1230,1,0,0
TXN_004003,USER_0066,MERCHANT_009,2545.45,2026-07-29 09:32:04.362924,DEVICE_RING_C_01,IP_RING_C_01,90,6,5,1
TXN_005426,USER_0703,MERCHANT_150,981.27,2026-07-29 09:41:04.362924,DEVICE_0703_A,IP_0703_A,1282,1,1,0
TXN_005801,USER_0241,MERCHANT_055,748.71,2026-07-29 09:44:04.362924,DEVICE_0241_A,IP_0241_A,1006,0,0,0
TXN_005321,USER_1262,MERCHANT_049,709.38,2026-07-29 09:49:04.362924,DEVICE_1262_A,IP_1262_A,789,1,0,0
TXN_002883,USER_0757,MERCHANT_131,380.61,2026-07-29 10:11:04.362924,DEVICE_0757_A,IP_0757_A,586,0,0,0
TXN_004124,USER_0368,MERCHANT_003,701.09,2026-07-29 10:31:04.362924,DEVICE_0368_A,IP_0368_A,473,0,0,0
TXN_003816,USER_1418,MERCHANT_099,156.35,2026-07-29 11:12:04.362924,DEVICE_1418_A,IP_1418_A,544,0,0,0
TXN_005520,USER_1374,MERCHANT_009,194.37,2026-07-29 11:32:04.362924,DEVICE_1374_A,IP_1374_A,1085,0,2,0
TXN_004868,USER_0240,MERCHANT_009,583.87,2026-07-29 11:49:04.362924,DEVICE_0240_A,IP_0240_A,1347,1,0,0
TXN_003073,USER_1115,MERCHANT_120,698.32,2026-07-29 12:09:04.362924,DEVICE_1115_A,IP_1115_A,284,1,0,0
TXN_003310,USER_0761,MERCHANT_146,599.86,2026-07-29 12:13:04.362924,DEVICE_0761_A,IP_0761_A,979,0,0,0
TXN_000969,USER_0520,MERCHANT_134,582.2,2026-07-29 12:37:04.362924,DEVICE_0520_A,IP_0520_A,721,0,2,0
TXN_000600,USER_0373,MERCHANT_116,796.24,2026-07-29 12:48:04.362924,DEVICE_0373_A,IP_0373_A,966,0,2,0
TXN_003104,USER_0847,MERCHANT_059,1339.28,2026-07-29 12:52:04.362924,DEVICE_0847_A,IP_0847_A,1491,0,1,0
TXN_000102,USER_0784,MERCHANT_005,437.66,2026-07-29 12:54:04.362924,DEVICE_0784_A,IP_0784_A,386,0,0,0
TXN_004829,USER_1224,MERCHANT_149,1199.38,2026-07-29 13:19:04.362924,DEVICE_1224_A,IP_1224_A,558,0,0,0
TXN_002167,USER_0050,MERCHANT_006,1111.19,2026-07-29 14:02:04.362924,DEVICE_RING_B_02,IP_RING_B_02,2,6,4,1
TXN_000412,USER_0102,MERCHANT_010,811.92,2026-07-29 14:28:04.362924,DEVICE_RING_D_02,IP_RING_D_02,32,4,1,1
TXN_000661,USER_0065,MERCHANT_008,1408.65,2026-07-29 14:32:04.362924,DEVICE_RING_C_02,IP_RING_C_01,47,6,1,1
TXN_003200,USER_1166,MERCHANT_013,832.9,2026-07-29 14:36:04.362924,DEVICE_1166_A,IP_1166_A,1018,0,0,0
TXN_000563,USER_1154,MERCHANT_044,1153.17,2026-07-29 14:44:04.362924,DEVICE_1154_A,IP_1154_A,282,0,0,0
TXN_003571,USER_0063,MERCHANT_008,1856.71,2026-07-29 15:59:04.362924,DEVICE_RING_C_02,IP_RING_C_02,3,6,1,1
TXN_004188,USER_0089,MERCHANT_007,1221.7,2026-07-29 16:27:04.362924,DEVICE_RING_C_02,IP_RING_C_01,13,3,5,1
TXN_005844,USER_0801,MERCHANT_129,121.99,2026-07-29 16:46:04.362924,DEVICE_0801_A,IP_0801_A,101,0,0,0
TXN_003925,USER_0490,MERCHANT_002,492.72,2026-07-29 16:56:04.362924,DEVICE_0490_A,IP_0490_A,649,1,0,0
TXN_004889,USER_0305,MERCHANT_065,711.63,2026-07-29 17:06:04.362924,DEVICE_0305_A,IP_0305_A,959,1,0,0
TXN_000674,USER_0451,MERCHANT_106,454.11,2026-07-29 17:08:04.362924,DEVICE_0451_A,IP_0451_A,75,0,0,0
TXN_003037,USER_0517,MERCHANT_094,464.06,2026-07-29 18:28:04.362924,DEVICE_0517_A,IP_0517_A,746,1,1,0
TXN_002779,USER_1320,MERCHANT_085,572.84,2026-07-29 19:05:04.362924,DEVICE_1320_A,IP_1320_A,957,0,2,0
TXN_001031,USER_0060,MERCHANT_004,1932.69,2026-07-29 19:16:04.362924,DEVICE_RING_B_01,IP_RING_B_02,6,5,5,1
TXN_003588,USER_1342,MERCHANT_092,301.37,2026-07-29 20:09:04.362924,DEVICE_1342_A,IP_1342_A,1351,0,1,0
TXN_003226,USER_0945,MERCHANT_036,286.01,2026-07-29 20:15:04.362924,DEVICE_0945_A,IP_0945_A,922,0,0,0
TXN_003804,USER_1396,MERCHANT_013,676.23,2026-07-29 20:16:04.362924,DEVICE_1396_A,IP_1396_A,194,0,0,0
TXN_004598,USER_0054,MERCHANT_005,9093.54,2026-07-29 20:18:04.362924,DEVICE_RING_B_02,IP_RING_B_01,1,2,1,1
TXN_001569,USER_0382,MERCHANT_067,185.86,2026-07-29 20:27:04.362924,DEVICE_0382_A,IP_0382_A,49,0,0,0
TXN_004024,USER_0351,MERCHANT_099,1079.9,2026-07-29 20:30:04.362924,DEVICE_0351_A,IP_0351_A,255,0,0,0
TXN_000675,USER_0450,MERCHANT_035,208.78,2026-07-29 20:32:04.362924,DEVICE_0450_A,IP_0450_A,1319,0,1,0
TXN_005410,USER_1243,MERCHANT_058,1388.31,2026-07-29 20:40:04.362924,DEVICE_1243_A,IP_1243_A,67,1,0,0
TXN_000012,USER_0670,MERCHANT_083,423.11,2026-07-29 20:48:04.362924,DEVICE_0670_A,IP_0670_A,532,1,0,0
TXN_003517,USER_0706,MERCHANT_030,330.39,2026-07-29 20:55:04.362924,DEVICE_0706_A,IP_0706_A,176,0,1,0
TXN_003060,USER_0028,MERCHANT_003,1683.05,2026-07-29 21:24:04.362924,DEVICE_RING_A_01,IP_RING_A_02,8,5,1,1
TXN_003300,USER_1336,MERCHANT_109,1407.99,2026-07-29 22:52:04.362924,DEVICE_1336_A,IP_1336_A,668,0,0,0
TXN_002066,USER_1300,MERCHANT_112,387.56,2026-07-29 23:13:04.362924,DEVICE_1300_A,IP_1300_A,847,0,0,0
TXN_005208,USER_0042,MERCHANT_004,1507.31,2026-07-29 23:33:04.362924,DEVICE_RING_B_02,IP_RING_B_01,42,3,5,1
TXN_000034,USER_1083,MERCHANT_075,271.41,2026-07-29 23:44:04.362924,DEVICE_1083_A,IP_1083_A,96,0,0,0
TXN_005725,USER_0437,MERCHANT_112,428.79,2026-07-29 23:51:04.362924,DEVICE_0437_A,IP_0437_A,1037,1,0,0
TXN_003942,USER_0144,MERCHANT_004,1509.59,2026-07-30 00:11:04.362924,DEVICE_0144_A,IP_0144_A,1270,1,0,0
TXN_005707,USER_0063,MERCHANT_009,6619.48,2026-07-30 01:16:04.362924,DEVICE_RING_C_01,IP_RING_C_02,74,2,1,1
TXN_003355,USER_1150,MERCHANT_098,384.36,2026-07-30 01:33:04.362924,DEVICE_1150_A,IP_1150_A,160,0,1,0
TXN_004716,USER_0012,MERCHANT_002,2407.04,2026-07-30 02:01:04.362924,DEVICE_RING_A_01,IP_RING_A_01,36,4,1,1
TXN_003894,USER_0006,MERCHANT_002,370.94,2026-07-30 02:22:04.362924,DEVICE_RING_A_01,IP_RING_A_01,39,8,2,1
TXN_000038,USER_1286,MERCHANT_074,137.99,2026-07-30 02:25:04.362924,DEVICE_1286_A,IP_1286_A,929,0,0,0
TXN_001469,USER_1221,MERCHANT_040,244.7,2026-07-30 02:43:04.362924,DEVICE_1221_A,IP_1221_A,1162,1,0,0
TXN_002839,USER_0366,MERCHANT_107,3168.5,2026-07-30 04:40:04.362924,DEVICE_0366_A,IP_0366_A,36,1,0,0
TXN_001762,USER_0677,MERCHANT_082,1046.83,2026-07-30 05:14:04.362924,DEVICE_0677_A,IP_0677_A,1305,0,0,0
TXN_004220,USER_1113,MERCHANT_148,155.09,2026-07-30 05:20:04.362924,DEVICE_1113_A,IP_1113_A,1027,0,0,0
TXN_000176,USER_1218,MERCHANT_005,1115.79,2026-07-30 06:07:04.362924,DEVICE_1218_A,IP_1218_A,1324,0,0,0
TXN_005452,USER_0311,MERCHANT_038,652.03,2026-07-30 06:50:04.362924,DEVICE_0311_A,IP_0311_A,1008,0,0,0
TXN_000097,USER_0164,MERCHANT_013,749.21,2026-07-30 07:01:04.362924,DEVICE_0164_A,IP_0164_A,713,0,0,0
TXN_001194,USER_0645,MERCHANT_019,762.62,2026-07-30 07:07:04.362924,DEVICE_0645_A,IP_0645_A,225,0,0,0
TXN_000109,USER_1207,MERCHANT_076,727.85,2026-07-30 07:33:04.362924,DEVICE_1207_A,IP_1207_A,959,0,0,0
TXN_004652,USER_0873,MERCHANT_105,959.96,2026-07-30 07:55:04.362924,DEVICE_0873_A,IP_0873_A,1419,1,0,0
TXN_001095,USER_1192,MERCHANT_088,1039.41,2026-07-30 08:07:04.362924,DEVICE_1192_A,IP_1192_A,382,1,0,0
TXN_002863,USER_1294,MERCHANT_108,262.49,2026-07-30 08:33:04.362924,DEVICE_1294_A,IP_1294_A,1308,0,0,0
TXN_001074,USER_0297,MERCHANT_037,229.22,2026-07-30 08:44:04.362924,DEVICE_0297_A,IP_0297_A,455,0,2,0
TXN_000040,USER_0202,MERCHANT_111,695.46,2026-07-30 08:57:04.362924,DEVICE_0202_A,IP_0202_A,690,0,0,0
TXN_005729,USER_1165,MERCHANT_042,664.36,2026-07-30 09:03:04.362924,DEVICE_1165_A,IP_1165_A,1058,0,2,0
TXN_001438,USER_0130,MERCHANT_013,2003.08,2026-07-30 09:19:04.362924,DEVICE_0130_A,IP_0130_A,802,1,1,0
TXN_005985,USER_0082,MERCHANT_007,12264.32,2026-07-30 09:22:04.362924,DEVICE_RING_C_01,IP_RING_C_01,64,5,5,1
TXN_000930,USER_0343,MERCHANT_098,571.13,2026-07-30 09:27:04.362924,DEVICE_0343_A,IP_0343_A,700,0,0,0
TXN_005912,USER_0542,MERCHANT_051,562.23,2026-07-30 10:24:04.362924,DEVICE_0542_A,IP_0542_A,52,1,0,0
TXN_003813,USER_0236,MERCHANT_059,315.63,2026-07-30 10:30:04.362924,DEVICE_0236_A,IP_0236_A,988,0,0,0
TXN_002082,USER_0936,MERCHANT_020,941.84,2026-07-30 11:26:04.362924,DEVICE_0936_A,IP_0936_A,1352,0,0,0
TXN_005296,USER_0736,MERCHANT_144,528.52,2026-07-30 12:02:04.362924,DEVICE_0736_A,IP_0736_A,805,1,0,0
TXN_005409,USER_1364,MERCHANT_023,514.38,2026-07-30 12:20:04.362924,DEVICE_1364_A,IP_1364_A,249,0,0,0
TXN_003662,USER_0942,MERCHANT_146,347.54,2026-07-30 12:20:04.362924,DEVICE_0942_A,IP_0942_A,532,0,0,0
TXN_004965,USER_1408,MERCHANT_041,366.93,2026-07-30 12:35:04.362924,DEVICE_1408_A,IP_1408_A,1060,1,0,0
TXN_005983,USER_0494,MERCHANT_062,2671.67,2026-07-30 12:37:04.362924,DEVICE_0494_A,IP_0494_A,847,2,1,0
TXN_005741,USER_0548,MERCHANT_050,773.32,2026-07-30 14:18:04.362924,DEVICE_0548_A,IP_0548_A,308,0,0,0
TXN_004019,USER_0970,MERCHANT_141,406.94,2026-07-30 14:38:04.362924,DEVICE_0970_A,IP_0970_A,386,0,0,0
TXN_001159,USER_0731,MERCHANT_017,1252.95,2026-07-30 16:44:04.362924,DEVICE_0731_A,IP_0731_A,863,1,0,0
TXN_002874,USER_0861,MERCHANT_063,387.02,2026-07-30 18:29:04.362924,DEVICE_0861_A,IP_0861_A,1095,0,1,0
TXN_003823,USER_1490,MERCHANT_098,580.13,2026-07-30 18:38:04.362924,DEVICE_1490_A,IP_1490_A,1159,0,0,0
TXN_003426,USER_0308,MERCHANT_098,1332.6,2026-07-30 18:58:04.362924,DEVICE_0308_A,IP_0308_A,703,0,0,0
TXN_005547,USER_0176,MERCHANT_029,2762.34,2026-07-30 19:23:04.362924,DEVICE_0176_A,IP_0176_A,343,1,1,0
TXN_003081,USER_1260,MERCHANT_075,1476.35,2026-07-30 19:46:04.362924,DEVICE_1260_A,IP_1260_A,239,0,0,0
TXN_003618,USER_0537,MERCHANT_010,484.84,2026-07-30 19:52:04.362924,DEVICE_0537_A,IP_0537_A,712,0,0,0
TXN_003227,USER_1098,MERCHANT_086,317.92,2026-07-30 20:09:04.362924,DEVICE_1098_A,IP_1098_A,1079,0,0,0
TXN_003388,USER_1366,MERCHANT_045,636.22,2026-07-30 20:39:04.362924,DEVICE_1366_A,IP_1366_A,32,0,1,0
TXN_005080,USER_0595,MERCHANT_051,1817.98,2026-07-30 20:51:04.362924,DEVICE_0595_A,IP_0595_A,783,0,0,0
TXN_002090,USER_1043,MERCHANT_129,1783.41,2026-07-30 21:11:04.362924,DEVICE_1043_A,IP_1043_A,793,1,0,0
TXN_002841,USER_0266,MERCHANT_032,748.93,2026-07-30 21:19:04.362924,DEVICE_0266_A,IP_0266_A,1107,0,0,0
TXN_003313,USER_0033,MERCHANT_006,20132.55,2026-07-30 21:42:04.362924,DEVICE_RING_B_02,IP_RING_B_01,75,5,2,1
TXN_001399,USER_0403,MERCHANT_140,1476.22,2026-07-30 22:03:04.362924,DEVICE_0403_A,IP_0403_A,564,0,0,0
TXN_002301,USER_0587,MERCHANT_090,1320.66,2026-07-30 22:11:04.362924,DEVICE_0587_A,IP_0587_A,1499,1,2,0
TXN_005682,USER_1295,MERCHANT_022,464.32,2026-07-30 23:12:04.362924,DEVICE_1295_A,IP_1295_A,862,0,1,0
TXN_003630,USER_1299,MERCHANT_066,373.29,2026-07-30 23:18:04.362924,DEVICE_1299_A,IP_1299_A,800,0,0,0
TXN_002026,USER_0086,MERCHANT_007,3004.59,2026-07-30 23:41:04.362924,DEVICE_RING_C_02,IP_RING_C_01,1,8,2,1
TXN_005850,USER_0296,MERCHANT_089,392.64,2026-07-30 23:46:04.362924,DEVICE_0296_A,IP_0296_A,429,0,0,0
TXN_002216,USER_0854,MERCHANT_082,732.41,2026-07-30 23:50:04.362924,DEVICE_0854_A,IP_0854_A,880,0,2,0
TXN_003709,USER_0762,MERCHANT_008,824.67,2026-07-30 23:59:04.362924,DEVICE_0762_A,IP_0762_A,152,0,0,0
TXN_003690,USER_0146,MERCHANT_029,535.47,2026-07-31 00:16:04.362924,DEVICE_0146_A,IP_0146_A,744,0,1,0
TXN_001070,USER_1168,MERCHANT_015,778.06,2026-07-31 00:20:04.362924,DEVICE_1168_A,IP_1168_A,1395,0,0,0
TXN_001680,USER_0279,MERCHANT_120,434.07,2026-07-31 00:21:04.362924,DEVICE_0279_A,IP_0279_A,1007,0,0,0
TXN_004536,USER_0951,MERCHANT_128,371.94,2026-07-31 00:43:04.362924,DEVICE_0951_A,IP_0951_A,1336,0,0,0
TXN_005836,USER_0336,MERCHANT_006,437.86,2026-07-31 00:50:04.362924,DEVICE_0336_A,IP_0336_A,1223,1,0,0
TXN_000568,USER_0401,MERCHANT_108,281.71,2026-07-31 01:33:04.362924,DEVICE_0401_A,IP_0401_A,244,0,0,0
TXN_001997,USER_0760,MERCHANT_083,588.18,2026-07-31 01:41:04.362924,DEVICE_0760_A,IP_0760_A,900,0,0,0
TXN_001169,USER_0192,MERCHANT_014,937.29,2026-07-31 01:57:04.362924,DEVICE_0192_A,IP_0192_A,1444,1,0,0
TXN_001337,USER_0549,MERCHANT_002,378.75,2026-07-31 02:25:04.362924,DEVICE_0549_A,IP_0549_A,431,2,0,0
TXN_000603,USER_0780,MERCHANT_130,1151.86,2026-07-31 02:42:04.362924,DEVICE_0780_A,IP_0780_A,817,0,0,0
TXN_001611,USER_0327,MERCHANT_111,482.06,2026-07-31 03:30:04.362924,DEVICE_0327_A,IP_0327_A,408,0,0,0
TXN_003561,USER_1031,MERCHANT_105,714.45,2026-07-31 03:53:04.362924,DEVICE_1031_A,IP_1031_A,269,0,0,0
TXN_003870,USER_0368,MERCHANT_126,1266.51,2026-07-31 03:59:04.362924,DEVICE_0368_A,IP_0368_A,248,0,0,0
TXN_003068,USER_0945,MERCHANT_041,608.34,2026-07-31 04:27:04.362924,DEVICE_0945_A,IP_0945_A,930,2,1,0
TXN_005900,USER_0643,MERCHANT_056,1360.74,2026-07-31 04:33:04.362924,DEVICE_0643_A,IP_0643_A,964,0,1,0
TXN_003756,USER_1344,MERCHANT_065,137.04,2026-07-31 05:00:04.362924,DEVICE_1344_A,IP_1344_A,610,0,0,0
TXN_004151,USER_1134,MERCHANT_068,573.42,2026-07-31 05:08:04.362924,DEVICE_1134_A,IP_1134_A,1314,0,0,0
TXN_004699,USER_0617,MERCHANT_103,659.62,2026-07-31 06:18:04.362924,DEVICE_0617_A,IP_0617_A,639,0,1,0
TXN_004085,USER_0267,MERCHANT_121,1604.08,2026-07-31 07:23:04.362924,DEVICE_0267_A,IP_0267_A,1319,0,1,0
TXN_000804,USER_0613,MERCHANT_145,424.21,2026-07-31 07:37:04.362924,DEVICE_0613_A,IP_0613_A,1147,0,0,0
TXN_005288,USER_0023,MERCHANT_003,9773.43,2026-07-31 07:43:04.362924,DEVICE_RING_A_01,IP_RING_A_02,79,4,1,1
TXN_005471,USER_0421,MERCHANT_029,1869.66,2026-07-31 09:47:04.362924,DEVICE_0421_A,IP_0421_A,35,1,0,0
TXN_004702,USER_0251,MERCHANT_029,202.96,2026-07-31 10:17:04.362924,DEVICE_0251_A,IP_0251_A,708,0,0,0
TXN_005932,USER_0338,MERCHANT_086,330.26,2026-07-31 10:38:04.362924,DEVICE_0338_A,IP_0338_A,660,0,0,0
TXN_005394,USER_0956,MERCHANT_147,671.11,2026-07-31 10:44:04.362924,DEVICE_0956_A,IP_0956_A,1474,0,0,0
TXN_000948,USER_0008,MERCHANT_003,1251.55,2026-07-31 11:15:04.362924,DEVICE_RING_A_02,IP_RING_A_01,82,6,5,1
TXN_002936,USER_1210,MERCHANT_127,1810.63,2026-07-31 12:02:04.362924,DEVICE_1210_A,IP_1210_A,817,0,1,0
TXN_004006,USER_0978,MERCHANT_116,935.76,2026-07-31 12:10:04.362924,DEVICE_0978_A,IP_0978_A,84,2,0,0
TXN_003086,USER_1034,MERCHANT_004,757.05,2026-07-31 12:17:04.362924,DEVICE_1034_A,IP_1034_A,167,1,1,0
TXN_004961,USER_0938,MERCHANT_072,472.42,2026-07-31 12:52:04.362924,DEVICE_0938_A,IP_0938_A,693,1,0,0
TXN_004052,USER_0504,MERCHANT_096,687.37,2026-07-31 13:05:04.362924,DEVICE_0504_A,IP_0504_A,918,0,0,0
TXN_001973,USER_0548,MERCHANT_046,981.28,2026-07-31 13:45:04.362924,DEVICE_0548_A,IP_0548_A,109,0,0,0
TXN_002442,USER_0370,MERCHANT_034,1690.91,2026-07-31 14:39:04.362924,DEVICE_0370_A,IP_0370_A,1114,0,0,0
TXN_003536,USER_0639,MERCHANT_137,1983.78,2026-07-31 14:53:04.362924,DEVICE_0639_A,IP_0639_A,474,1,0,0
TXN_000851,USER_1384,MERCHANT_069,375.99,2026-07-31 15:25:04.362924,DEVICE_1384_A,IP_1384_A,1270,0,0,0
TXN_005035,USER_0135,MERCHANT_020,1026.32,2026-07-31 15:40:04.362924,DEVICE_0135_A,IP_0135_A,587,0,0,0
TXN_001504,USER_0012,MERCHANT_003,2491.58,2026-07-31 16:45:04.362924,DEVICE_RING_A_02,IP_RING_A_02,90,2,4,1
TXN_002663,USER_0703,MERCHANT_036,939.03,2026-07-31 17:04:04.362924,DEVICE_0703_A,IP_0703_A,163,0,1,0
TXN_004762,USER_1187,MERCHANT_065,990.85,2026-07-31 17:15:04.362924,DEVICE_1187_A,IP_1187_A,1210,0,0,0
TXN_001202,USER_0661,MERCHANT_133,434.8,2026-07-31 17:30:04.362924,DEVICE_0661_A,IP_0661_A,671,0,0,0
TXN_000790,USER_0700,MERCHANT_083,172.64,2026-07-31 17:44:04.362924,DEVICE_0700_A,IP_0700_A,869,0,0,0
TXN_002463,USER_0191,MERCHANT_073,861.45,2026-07-31 17:49:04.362924,DEVICE_0191_A,IP_0191_A,693,0,0,0
TXN_003152,USER_0258,MERCHANT_100,454.88,2026-07-31 18:14:04.362924,DEVICE_0258_A,IP_0258_A,86,0,0,0
TXN_004266,USER_0968,MERCHANT_133,868.79,2026-07-31 20:14:04.362924,DEVICE_0968_A,IP_0968_A,491,2,0,0
TXN_002807,USER_1264,MERCHANT_118,564.8,2026-07-31 20:17:04.362924,DEVICE_1264_A,IP_1264_A,1295,0,2,0
TXN_004763,USER_1040,MERCHANT_015,993.16,2026-07-31 20:29:04.362924,DEVICE_1040_A,IP_1040_A,676,0,1,0
TXN_002169,USER_1055,MERCHANT_001,503.41,2026-07-31 20:44:04.362924,DEVICE_1055_A,IP_1055_A,545,1,0,0
TXN_005009,USER_0659,MERCHANT_062,345.94,2026-07-31 21:03:04.362924,DEVICE_0659_A,IP_0659_A,1388,0,1,0
TXN_000684,USER_1349,MERCHANT_010,866.07,2026-07-31 21:28:04.362924,DEVICE_1349_A,IP_1349_A,1118,0,0,0
TXN_001385,USER_0253,MERCHANT_043,1046.81,2026-07-31 21:46:04.362924,DEVICE_0253_A,IP_0253_A,1071,0,1,0
TXN_004490,USER_0726,MERCHANT_091,600.6,2026-07-31 21:53:04.362924,DEVICE_0726_A,IP_0726_A,431,0,0,0
TXN_000704,USER_0468,MERCHANT_010,208.63,2026-07-31 22:26:04.362924,DEVICE_0468_A,IP_0468_A,766,0,0,0
TXN_003091,USER_1291,MERCHANT_132,153.46,2026-07-31 22:28:04.362924,DEVICE_1291_A,IP_1291_A,1249,0,2,0
TXN_004070,USER_0957,MERCHANT_105,1322.68,2026-07-31 23:31:04.362924,DEVICE_0957_A,IP_0957_A,235,2,0,0
TXN_003884,USER_1375,MERCHANT_141,307.72,2026-07-31 23:43:04.362924,DEVICE_1375_A,IP_1375_A,695,0,0,0
TXN_004190,USER_0078,MERCHANT_008,2347.07,2026-08-01 00:01:04.362924,DEVICE_RING_C_02,IP_RING_C_01,3,2,1,1
TXN_003298,USER_0134,MERCHANT_073,295.24,2026-08-01 00:47:04.362924,DEVICE_0134_A,IP_0134_A,1419,0,2,0
TXN_004808,USER_0668,MERCHANT_047,978.65,2026-08-01 01:18:04.362924,DEVICE_0668_A,IP_0668_A,1213,0,0,0
TXN_005496,USER_1260,MERCHANT_067,230.48,2026-08-01 01:57:04.362924,DEVICE_1260_A,IP_1260_A,1169,0,0,0
TXN_001018,USER_1049,MERCHANT_012,417.39,2026-08-01 01:59:04.362924,DEVICE_1049_A,IP_1049_A,243,1,1,0
TXN_002637,USER_0907,MERCHANT_071,692.22,2026-08-01 02:06:04.362924,DEVICE_0907_A,IP_0907_A,837,0,0,0
TXN_005523,USER_1303,MERCHANT_143,1055.74,2026-08-01 02:49:04.362924,DEVICE_1303_A,IP_1303_A,924,0,0,0
TXN_003956,USER_0651,MERCHANT_073,379.32,2026-08-01 02:52:04.362924,DEVICE_0651_A,IP_0651_A,1489,0,0,0
TXN_004472,USER_1349,MERCHANT_024,1571.51,2026-08-01 02:54:04.362924,DEVICE_1349_A,IP_1349_A,936,0,0,0
TXN_000316,USER_1427,MERCHANT_124,609.53,2026-08-01 04:12:04.362924,DEVICE_1427_A,IP_1427_A,1380,0,0,0
TXN_000834,USER_0676,MERCHANT_014,337.34,2026-08-01 04:29:04.362924,DEVICE_0676_A,IP_0676_A,982,0,0,0
TXN_001744,USER_1234,MERCHANT_021,1434.17,2026-08-01 04:47:04.362924,DEVICE_1234_A,IP_1234_A,1201,0,0,0
TXN_003899,USER_0584,MERCHANT_087,827.94,2026-08-01 04:59:04.362924,DEVICE_0584_A,IP_0584_A,610,0,0,0
TXN_004926,USER_1285,MERCHANT_098,411.99,2026-08-01 05:11:04.362924,DEVICE_1285_A,IP_1285_A,329,0,0,0
TXN_001056,USER_0450,MERCHANT_138,362.57,2026-08-01 05:57:04.362924,DEVICE_0450_A,IP_0450_A,614,0,0,0
TXN_003663,USER_0244,MERCHANT_002,793.89,2026-08-01 06:03:04.362924,DEVICE_0244_A,IP_0244_A,1313,0,0,0
TXN_002303,USER_1017,MERCHANT_128,449.87,2026-08-01 06:20:04.362924,DEVICE_1017_A,IP_1017_A,1240,0,2,0
TXN_004481,USER_0583,MERCHANT_126,244.95,2026-08-01 06:44:04.362924,DEVICE_0583_A,IP_0583_A,1267,0,0,0
TXN_001042,USER_0204,MERCHANT_094,425.29,2026-08-01 07:03:04.362924,DEVICE_0204_A,IP_0204_A,780,0,0,0
TXN_005144,USER_0402,MERCHANT_018,442.01,2026-08-01 07:52:04.362924,DEVICE_0402_A,IP_0402_A,143,1,0,0
TXN_000088,USER_1270,MERCHANT_084,767.77,2026-08-01 07:57:04.362924,DEVICE_1270_A,IP_1270_A,1279,0,0,0
TXN_005541,USER_1152,MERCHANT_133,2129.88,2026-08-01 08:13:04.362924,DEVICE_1152_A,IP_1152_A,1359,0,0,0
TXN_003895,USER_0187,MERCHANT_072,446.81,2026-08-01 08:16:04.362924,DEVICE_0187_A,IP_0187_A,560,0,1,0
TXN_003732,USER_1282,MERCHANT_034,322.4,2026-08-01 08:18:04.362924,DEVICE_1282_A,IP_1282_A,205,0,0,0
TXN_004766,USER_1215,MERCHANT_027,723.49,2026-08-01 08:31:04.362924,DEVICE_1215_A,IP_1215_A,49,0,0,0
TXN_003830,USER_1223,MERCHANT_057,860.58,2026-08-01 08:57:04.362924,DEVICE_1223_A,IP_1223_A,1213,0,0,0
TXN_004804,USER_0254,MERCHANT_050,352.83,2026-08-01 09:02:04.362924,DEVICE_0254_A,IP_0254_A,987,0,0,0
TXN_000788,USER_0610,MERCHANT_083,846.67,2026-08-01 09:22:04.362924,DEVICE_0610_A,IP_0610_A,159,0,0,0
TXN_001357,USER_1389,MERCHANT_026,398.32,2026-08-01 09:24:04.362924,DEVICE_1389_A,IP_1389_A,725,0,0,0
TXN_005848,USER_0856,MERCHANT_117,284.62,2026-08-01 09:35:04.362924,DEVICE_0856_A,IP_0856_A,1362,0,0,0
TXN_004067,USER_0941,MERCHANT_033,691.54,2026-08-01 09:54:04.362924,DEVICE_0941_A,IP_0941_A,1194,2,1,0
TXN_001322,USER_0713,MERCHANT_043,892.65,2026-08-01 10:32:04.362924,DEVICE_0713_A,IP_0713_A,31,0,1,0
TXN_001361,USER_1031,MERCHANT_048,593.15,2026-08-01 10:48:04.362924,DEVICE_1031_A,IP_1031_A,527,0,0,0
TXN_001840,USER_1233,MERCHANT_145,513.29,2026-08-01 10:53:04.362924,DEVICE_1233_A,IP_1233_A,630,0,1,0
TXN_004813,USER_0593,MERCHANT_079,983.89,2026-08-01 11:22:04.362924,DEVICE_0593_A,IP_0593_A,289,0,0,0
TXN_002243,USER_0659,MERCHANT_140,2641.92,2026-08-01 11:48:04.362924,DEVICE_0659_A,IP_0659_A,930,0,0,0
TXN_003424,USER_1094,MERCHANT_140,821.05,2026-08-01 12:31:04.362924,DEVICE_1094_A,IP_1094_A,890,0,1,0
TXN_004486,USER_0413,MERCHANT_059,181.43,2026-08-01 12:32:04.362924,DEVICE_0413_A,IP_0413_A,30,0,0,0
TXN_003212,USER_0950,MERCHANT_041,247.99,2026-08-01 12:56:04.362924,DEVICE_0950_A,IP_0950_A,825,0,0,0
TXN_004160,USER_0447,MERCHANT_058,639.1,2026-08-01 13:12:04.362924,DEVICE_0447_A,IP_0447_A,1125,1,0,0
TXN_003777,USER_0301,MERCHANT_086,151.95,2026-08-01 13:23:04.362924,DEVICE_0301_A,IP_0301_A,514,0,0,0
TXN_002324,USER_0200,MERCHANT_138,2106.53,2026-08-01 13:29:04.362924,DEVICE_0200_A,IP_0200_A,276,1,0,0
TXN_003383,USER_0829,MERCHANT_090,703.71,2026-08-01 14:15:04.362924,DEVICE_0829_A,IP_0829_A,1482,0,0,0
TXN_005923,USER_0626,MERCHANT_128,972.65,2026-08-01 14:45:04.362924,DEVICE_0626_A,IP_0626_A,1205,1,1,0
TXN_000832,USER_0410,MERCHANT_005,301.25,2026-08-01 15:35:04.362924,DEVICE_0410_A,IP_0410_A,801,0,0,0
TXN_002956,USER_0366,MERCHANT_132,2224.87,2026-08-01 15:53:04.362924,DEVICE_0366_A,IP_0366_A,1211,0,1,0
TXN_000827,USER_0419,MERCHANT_113,1961.78,2026-08-01 15:53:04.362924,DEVICE_0419_A,IP_0419_A,121,2,0,0
TXN_003116,USER_0250,MERCHANT_023,724.54,2026-08-01 16:01:04.362924,DEVICE_0250_A,IP_0250_A,644,0,2,0
TXN_000231,USER_1372,MERCHANT_031,346.94,2026-08-01 16:01:04.362924,DEVICE_1372_A,IP_1372_A,293,2,0,0
TXN_003522,USER_0021,MERCHANT_001,206.6,2026-08-01 16:35:04.362924,DEVICE_RING_A_02,IP_RING_A_01,27,7,1,1
TXN_003785,USER_0721,MERCHANT_122,849.98,2026-08-01 16:41:04.362924,DEVICE_0721_A,IP_0721_A,986,1,0,0
TXN_004806,USER_0235,MERCHANT_131,181.27,2026-08-01 16:47:04.362924,DEVICE_0235_A,IP_0235_A,396,0,0,0
TXN_000536,USER_0934,MERCHANT_150,621.71,2026-08-01 16:49:04.362924,DEVICE_0934_A,IP_0934_A,239,0,2,0
TXN_003477,USER_0599,MERCHANT_003,1249.24,2026-08-01 16:49:04.362924,DEVICE_0599_A,IP_0599_A,309,0,0,0
TXN_001356,USER_0142,MERCHANT_117,85.94,2026-08-01 17:41:04.362924,DEVICE_0142_A,IP_0142_A,816,0,0,0
TXN_003176,USER_0590,MERCHANT_085,341.25,2026-08-01 17:57:04.362924,DEVICE_0590_A,IP_0590_A,500,1,0,0
TXN_000954,USER_0176,MERCHANT_074,1771.8,2026-08-01 18:22:04.362924,DEVICE_0176_A,IP_0176_A,1022,0,0,0
TXN_005348,USER_1283,MERCHANT_083,115.12,2026-08-01 19:01:04.362924,DEVICE_1283_A,IP_1283_A,368,2,0,0
TXN_005112,USER_1027,MERCHANT_113,4029.78,2026-08-01 19:25:04.362924,DEVICE_1027_A,IP_1027_A,964,0,0,0
TXN_001148,USER_1176,MERCHANT_117,203.75,2026-08-01 19:47:04.362924,DEVICE_1176_A,IP_1176_A,1405,1,0,0
TXN_002509,USER_0418,MERCHANT_088,217.81,2026-08-01 20:00:04.362924,DEVICE_0418_A,IP_0418_A,1136,0,0,0
TXN_004355,USER_0859,MERCHANT_046,812.48,2026-08-01 20:03:04.362924,DEVICE_0859_A,IP_0859_A,1303,0,0,0
TXN_000799,USER_0487,MERCHANT_143,612.88,2026-08-01 20:34:04.362924,DEVICE_0487_A,IP_0487_A,1173,0,0,0
TXN_003734,USER_0382,MERCHANT_051,668.96,2026-08-01 20:34:04.362924,DEVICE_0382_A,IP_0382_A,697,2,0,0
TXN_004643,USER_0194,MERCHANT_127,506.58,2026-08-01 21:05:04.362924,DEVICE_0194_A,IP_0194_A,593,0,0,0
TXN_005865,USER_0858,MERCHANT_059,392.25,2026-08-01 21:54:04.362924,DEVICE_0858_A,IP_0858_A,706,0,0,0
TXN_000399,USER_1062,MERCHANT_005,550.61,2026-08-01 22:26:04.362924,DEVICE_1062_A,IP_1062_A,284,2,0,0
TXN_002345,USER_0755,MERCHANT_053,119.33,2026-08-01 22:28:04.362924,DEVICE_0755_A,IP_0755_A,1368,1,0,0
TXN_001349,USER_0087,MERCHANT_007,637.25,2026-08-01 22:42:04.362924,DEVICE_RING_C_02,IP_RING_C_01,61,3,3,1
TXN_002159,USER_0323,MERCHANT_085,1568.95,2026-08-01 22:55:04.362924,DEVICE_0323_A,IP_0323_A,1069,0,0,0
TXN_000751,USER_0379,MERCHANT_034,300.22,2026-08-01 23:06:04.362924,DEVICE_0379_A,IP_0379_A,1108,1,0,0
TXN_005174,USER_0183,MERCHANT_013,284.45,2026-08-01 23:06:04.362924,DEVICE_0183_A,IP_0183_A,1192,0,0,0
TXN_004955,USER_0117,MERCHANT_012,3466.5,2026-08-01 23:46:04.362924,DEVICE_RING_D_02,IP_RING_D_02,85,3,5,1
TXN_002891,USER_0415,MERCHANT_013,667.06,2026-08-02 00:11:04.362924,DEVICE_0415_A,IP_0415_A,784,0,0,0
TXN_004941,USER_0846,MERCHANT_111,932.04,2026-08-02 00:14:04.362924,DEVICE_0846_A,IP_0846_A,305,0,0,0
TXN_004249,USER_1032,MERCHANT_108,868.41,2026-08-02 00:29:04.362924,DEVICE_1032_A,IP_1032_A,1046,0,0,0
TXN_001012,USER_0737,MERCHANT_090,695.85,2026-08-02 00:39:04.362924,DEVICE_0737_A,IP_0737_A,887,0,0,0
TXN_003496,USER_0045,MERCHANT_004,17312.78,2026-08-02 00:40:04.362924,DEVICE_RING_B_01,IP_RING_B_01,17,2,1,1
TXN_003322,USER_0147,MERCHANT_033,304.56,2026-08-02 00:53:04.362924,DEVICE_0147_A,IP_0147_A,103,0,2,0
TXN_004930,USER_1054,MERCHANT_013,538.88,2026-08-02 00:53:04.362924,DEVICE_1054_A,IP_1054_A,1470,0,0,0
TXN_004488,USER_1080,MERCHANT_120,388.96,2026-08-02 01:22:04.362924,DEVICE_1080_A,IP_1080_A,1124,1,0,0
TXN_004247,USER_1427,MERCHANT_115,678.68,2026-08-02 01:44:04.362924,DEVICE_1427_A,IP_1427_A,143,0,0,0
TXN_005753,USER_0911,MERCHANT_076,1703.02,2026-08-02 02:03:04.362924,DEVICE_0911_A,IP_0911_A,786,1,0,0
TXN_000141,USER_1132,MERCHANT_119,711.61,2026-08-02 02:18:04.362924,DEVICE_1132_A,IP_1132_A,1184,1,0,0
TXN_005937,USER_1469,MERCHANT_147,1505.99,2026-08-02 04:15:04.362924,DEVICE_1469_A,IP_1469_A,213,0,1,0
TXN_004853,USER_1339,MERCHANT_067,893.55,2026-08-02 04:18:04.362924,DEVICE_1339_A,IP_1339_A,855,0,0,0
TXN_005261,USER_0460,MERCHANT_130,1535.08,2026-08-02 04:40:04.362924,DEVICE_0460_A,IP_0460_A,54,0,0,0
TXN_004845,USER_0963,MERCHANT_064,1439.01,2026-08-02 05:00:04.362924,DEVICE_0963_A,IP_0963_A,1089,0,0,0
TXN_004106,USER_0698,MERCHANT_057,720.02,2026-08-02 05:02:04.362924,DEVICE_0698_A,IP_0698_A,191,0,0,0
TXN_005376,USER_0931,MERCHANT_084,1044.91,2026-08-02 05:06:04.362924,DEVICE_0931_A,IP_0931_A,165,0,0,0
TXN_002142,USER_1451,MERCHANT_113,623.34,2026-08-02 05:11:04.362924,DEVICE_1451_A,IP_1451_A,907,1,0,0
TXN_000634,USER_0557,MERCHANT_109,435.62,2026-08-02 05:43:04.362924,DEVICE_0557_A,IP_0557_A,242,0,1,0
TXN_002890,USER_1189,MERCHANT_051,799.65,2026-08-02 05:46:04.362924,DEVICE_1189_A,IP_1189_A,1222,2,0,0
TXN_001935,USER_1243,MERCHANT_108,4359.82,2026-08-02 07:29:04.362924,DEVICE_1243_A,IP_1243_A,1133,1,1,0
TXN_002279,USER_0064,MERCHANT_007,4867.61,2026-08-02 07:55:04.362924,DEVICE_RING_C_02,IP_RING_C_02,59,8,3,1
TXN_003259,USER_0731,MERCHANT_104,1461.15,2026-08-02 08:08:04.362924,DEVICE_0731_A,IP_0731_A,312,0,0,0
TXN_001967,USER_1171,MERCHANT_019,517.46,2026-08-02 08:09:04.362924,DEVICE_1171_A,IP_1171_A,1477,0,1,0
TXN_002795,USER_1359,MERCHANT_007,586.02,2026-08-02 08:38:04.362924,DEVICE_1359_A,IP_1359_A,336,2,0,0
TXN_001753,USER_0004,MERCHANT_002,1299.81,2026-08-02 09:26:04.362924,DEVICE_RING_A_02,IP_RING_A_02,79,6,5,1
TXN_000743,USER_1375,MERCHANT_147,375.52,2026-08-02 09:34:04.362924,DEVICE_1375_A,IP_1375_A,858,1,0,0
TXN_002441,USER_0445,MERCHANT_087,2228.57,2026-08-02 10:05:04.362924,DEVICE_0445_A,IP_0445_A,1321,0,0,0
TXN_002680,USER_0859,MERCHANT_088,492.43,2026-08-02 10:08:04.362924,DEVICE_0859_A,IP_0859_A,1289,0,0,0
TXN_004257,USER_1488,MERCHANT_008,320.5,2026-08-02 10:16:04.362924,DEVICE_1488_A,IP_1488_A,1324,1,0,0
TXN_000184,USER_0494,MERCHANT_035,861.59,2026-08-02 10:34:04.362924,DEVICE_0494_A,IP_0494_A,159,1,1,0
TXN_004767,USER_0762,MERCHANT_105,247.06,2026-08-02 10:48:04.362924,DEVICE_0762_A,IP_0762_A,528,0,0,0
TXN_005674,USER_0765,MERCHANT_072,4989.93,2026-08-02 10:54:04.362924,DEVICE_0765_A,IP_0765_A,722,1,0,0
TXN_001324,USER_0049,MERCHANT_004,4066.54,2026-08-02 11:36:04.362924,DEVICE_RING_B_02,IP_RING_B_01,69,6,1,1
TXN_000607,USER_0566,MERCHANT_052,335.82,2026-08-02 12:25:04.362924,DEVICE_0566_A,IP_0566_A,459,0,0,0
TXN_005575,USER_0087,MERCHANT_007,938.35,2026-08-02 13:59:04.362924,DEVICE_RING_C_02,IP_RING_C_02,44,5,2,1
TXN_003607,USER_1069,MERCHANT_127,334.3,2026-08-02 14:00:04.362924,DEVICE_1069_A,IP_1069_A,351,0,0,0
TXN_002572,USER_0066,MERCHANT_007,587.25,2026-08-02 14:18:04.362924,DEVICE_RING_C_02,IP_RING_C_02,51,5,3,1
TXN_001752,USER_0116,MERCHANT_011,4924.22,2026-08-02 14:32:04.362924,DEVICE_RING_D_01,IP_RING_D_01,2,3,5,1
TXN_000714,USER_0572,MERCHANT_059,809.39,2026-08-02 14:47:04.362924,DEVICE_0572_A,IP_0572_A,676,0,0,0
TXN_000816,USER_1415,MERCHANT_098,196.91,2026-08-02 15:16:04.362924,DEVICE_1415_A,IP_1415_A,140,0,0,0
TXN_000336,USER_0436,MERCHANT_100,537.34,2026-08-02 15:18:04.362924,DEVICE_0436_A,IP_0436_A,678,0,0,0
TXN_004809,USER_0478,MERCHANT_062,1750.07,2026-08-02 15:54:04.362924,DEVICE_0478_A,IP_0478_A,1013,0,0,0
TXN_001723,USER_1041,MERCHANT_149,1044.23,2026-08-02 16:10:04.362924,DEVICE_1041_A,IP_1041_A,229,0,0,0
TXN_002198,USER_0258,MERCHANT_020,608.68,2026-08-02 16:20:04.362924,DEVICE_0258_A,IP_0258_A,1187,0,0,0
TXN_001604,USER_0425,MERCHANT_059,329.49,2026-08-02 16:34:04.362924,DEVICE_0425_A,IP_0425_A,276,0,0,0
TXN_003399,USER_0025,MERCHANT_001,24233.61,2026-08-02 17:08:04.362924,DEVICE_RING_A_02,IP_RING_A_02,45,6,5,1
TXN_002541,USER_1234,MERCHANT_028,352.39,2026-08-02 17:20:04.362924,DEVICE_1234_A,IP_1234_A,887,0,0,0
TXN_005264,USER_1378,MERCHANT_009,820.59,2026-08-02 17:27:04.362924,DEVICE_1378_A,IP_1378_A,1225,0,0,0
TXN_002254,USER_0057,MERCHANT_004,2469.96,2026-08-02 17:30:04.362924,DEVICE_RING_B_01,IP_RING_B_02,36,2,4,1
TXN_004613,USER_0107,MERCHANT_012,10572.28,2026-08-02 18:07:04.362924,DEVICE_RING_D_01,IP_RING_D_02,39,8,4,1
TXN_002636,USER_0668,MERCHANT_037,1340.22,2026-08-02 18:09:04.362924,DEVICE_0668_A,IP_0668_A,321,1,0,0
TXN_003214,USER_1279,MERCHANT_031,1880.62,2026-08-02 18:19:04.362924,DEVICE_1279_A,IP_1279_A,997,0,0,0
TXN_000376,USER_0048,MERCHANT_005,1160.61,2026-08-02 18:48:04.362924,DEVICE_RING_B_01,IP_RING_B_02,18,3,3,1
TXN_004967,USER_0077,MERCHANT_008,977.09,2026-08-02 20:08:04.362924,DEVICE_RING_C_02,IP_RING_C_01,57,4,1,1
TXN_005190,USER_0234,MERCHANT_111,2198.01,2026-08-02 20:14:04.362924,DEVICE_0234_A,IP_0234_A,645,1,0,0
TXN_005279,USER_0358,MERCHANT_114,335.3,2026-08-02 20:17:04.362924,DEVICE_0358_A,IP_0358_A,1232,0,0,0
TXN_001852,USER_0165,MERCHANT_048,2271.99,2026-08-02 20:19:04.362924,DEVICE_0165_A,IP_0165_A,320,1,0,0
TXN_004805,USER_0395,MERCHANT_077,492.68,2026-08-02 20:31:04.362924,DEVICE_0395_A,IP_0395_A,695,2,0,0
TXN_002369,USER_1052,MERCHANT_123,259.7,2026-08-02 21:25:04.362924,DEVICE_1052_A,IP_1052_A,343,0,1,0
TXN_003613,USER_0217,MERCHANT_093,524.59,2026-08-02 21:29:04.362924,DEVICE_0217_A,IP_0217_A,661,0,0,0
TXN_002866,USER_1285,MERCHANT_064,476.31,2026-08-02 21:35:04.362924,DEVICE_1285_A,IP_1285_A,330,0,0,0
TXN_005439,USER_0041,MERCHANT_005,3518.79,2026-08-02 21:41:04.362924,DEVICE_RING_B_01,IP_RING_B_01,66,6,2,1
TXN_000764,USER_1053,MERCHANT_116,558.29,2026-08-02 21:50:04.362924,DEVICE_1053_A,IP_1053_A,587,1,0,0
TXN_003763,USER_0515,MERCHANT_106,326.09,2026-08-02 22:27:04.362924,DEVICE_0515_A,IP_0515_A,668,0,1,0
TXN_005185,USER_0617,MERCHANT_083,1309.31,2026-08-02 22:53:04.362924,DEVICE_0617_A,IP_0617_A,1292,0,0,0
TXN_001871,USER_1296,MERCHANT_143,261.82,2026-08-02 22:56:04.362924,DEVICE_1296_A,IP_1296_A,439,0,0,0
TXN_003017,USER_1216,MERCHANT_101,191.99,2026-08-02 23:00:04.362924,DEVICE_1216_A,IP_1216_A,154,1,1,0
TXN_005585,USER_0073,MERCHANT_009,8034.95,2026-08-02 23:27:04.362924,DEVICE_RING_C_02,IP_RING_C_01,51,8,3,1
TXN_003922,USER_0407,MERCHANT_067,709.89,2026-08-02 23:38:04.362924,DEVICE_0407_A,IP_0407_A,984,0,0,0
TXN_000500,USER_0063,MERCHANT_008,627.19,2026-08-03 00:40:04.362924,DEVICE_RING_C_02,IP_RING_C_01,51,5,4,1
TXN_002519,USER_0318,MERCHANT_049,505.01,2026-08-03 00:48:04.362924,DEVICE_0318_A,IP_0318_A,78,0,0,0
TXN_000544,USER_1095,MERCHANT_092,1768.89,2026-08-03 00:57:04.362924,DEVICE_1095_A,IP_1095_A,1068,0,0,0
TXN_001748,USER_1307,MERCHANT_027,873.71,2026-08-03 01:06:04.362924,DEVICE_1307_A,IP_1307_A,257,0,0,0
TXN_000800,USER_1301,MERCHANT_092,613.54,2026-08-03 01:37:04.362924,DEVICE_1301_A,IP_1301_A,1411,0,0,0
TXN_002976,USER_0591,MERCHANT_060,649.53,2026-08-03 02:48:04.362924,DEVICE_0591_A,IP_0591_A,178,2,0,0
TXN_003641,USER_1367,MERCHANT_116,413.32,2026-08-03 03:06:04.362924,DEVICE_1367_A,IP_1367_A,197,0,1,0
TXN_002504,USER_0831,MERCHANT_105,379.08,2026-08-03 03:08:04.362924,DEVICE_0831_A,IP_0831_A,386,0,0,0
TXN_004640,USER_1069,MERCHANT_013,71.71,2026-08-03 03:26:04.362924,DEVICE_1069_A,IP_1069_A,1312,0,0,0
TXN_002284,USER_0952,MERCHANT_081,287.45,2026-08-03 03:26:04.362924,DEVICE_0952_A,IP_0952_A,1303,0,0,0
TXN_001629,USER_0059,MERCHANT_005,2675.53,2026-08-03 03:47:04.362924,DEVICE_RING_B_02,IP_RING_B_01,7,7,2,1
TXN_005796,USER_0459,MERCHANT_068,554.07,2026-08-03 04:09:04.362924,DEVICE_0459_A,IP_0459_A,485,0,1,0
TXN_001817,USER_0163,MERCHANT_038,119.47,2026-08-03 04:11:04.362924,DEVICE_0163_A,IP_0163_A,870,1,0,0
TXN_003430,USER_1055,MERCHANT_073,1370.49,2026-08-03 04:49:04.362924,DEVICE_1055_A,IP_1055_A,1012,0,0,0
TXN_001712,USER_0558,MERCHANT_082,548.2,2026-08-03 05:06:04.362924,DEVICE_0558_A,IP_0558_A,1193,0,0,0
TXN_005430,USER_0824,MERCHANT_073,158.61,2026-08-03 05:10:04.362924,DEVICE_0824_A,IP_0824_A,1369,0,0,0
TXN_002341,USER_0002,MERCHANT_003,5028.49,2026-08-03 05:33:04.362924,DEVICE_RING_A_02,IP_RING_A_01,15,4,1,1
TXN_002516,USER_1439,MERCHANT_117,767.27,2026-08-03 05:39:04.362924,DEVICE_1439_A,IP_1439_A,348,1,1,0
TXN_001080,USER_1424,MERCHANT_121,1135.24,2026-08-03 05:50:04.362924,DEVICE_1424_A,IP_1424_A,284,0,1,0
TXN_004018,USER_0255,MERCHANT_117,1011.36,2026-08-03 05:59:04.362924,DEVICE_0255_A,IP_0255_A,356,0,0,0
TXN_003215,USER_1114,MERCHANT_019,1041.74,2026-08-03 06:28:04.362924,DEVICE_1114_A,IP_1114_A,775,0,1,0
TXN_005949,USER_1248,MERCHANT_108,171.89,2026-08-03 06:29:04.362924,DEVICE_1248_A,IP_1248_A,158,0,0,0
TXN_003910,USER_0311,MERCHANT_145,345.28,2026-08-03 06:38:04.362924,DEVICE_0311_A,IP_0311_A,446,1,0,0
TXN_001067,USER_0520,MERCHANT_150,227.22,2026-08-03 07:30:04.362924,DEVICE_0520_A,IP_0520_A,1108,0,1,0
TXN_004234,USER_1185,MERCHANT_102,875.94,2026-08-03 07:39:04.362924,DEVICE_1185_A,IP_1185_A,1456,0,1,0
TXN_005235,USER_0072,MERCHANT_008,3401.18,2026-08-03 08:00:04.362924,DEVICE_RING_C_02,IP_RING_C_01,60,2,3,1
TXN_000313,USER_0241,MERCHANT_135,1114.31,2026-08-03 08:35:04.362924,DEVICE_0241_A,IP_0241_A,99,1,0,0
TXN_002468,USER_0931,MERCHANT_040,617.32,2026-08-03 08:36:04.362924,DEVICE_0931_A,IP_0931_A,1152,1,1,0
TXN_004029,USER_0639,MERCHANT_086,1989.89,2026-08-03 08:50:04.362924,DEVICE_0639_A,IP_0639_A,1098,0,1,0
TXN_005818,USER_0758,MERCHANT_038,684.74,2026-08-03 09:01:04.362924,DEVICE_0758_A,IP_0758_A,1253,1,0,0
TXN_002195,USER_0962,MERCHANT_110,691.74,2026-08-03 09:31:04.362924,DEVICE_0962_A,IP_0962_A,841,1,0,0
TXN_004076,USER_0468,MERCHANT_019,653.14,2026-08-03 09:47:04.362924,DEVICE_0468_A,IP_0468_A,1046,2,0,0
TXN_003608,USER_1238,MERCHANT_064,1350.75,2026-08-03 10:10:04.362924,DEVICE_1238_A,IP_1238_A,1294,0,0,0
TXN_004612,USER_0171,MERCHANT_132,131.89,2026-08-03 10:31:04.362924,DEVICE_0171_A,IP_0171_A,198,0,0,0
TXN_002003,USER_0757,MERCHANT_086,331.16,2026-08-03 10:47:04.362924,DEVICE_0757_A,IP_0757_A,324,1,2,0
TXN_000994,USER_0751,MERCHANT_128,359.76,2026-08-03 12:04:04.362924,DEVICE_0751_A,IP_0751_A,1123,2,1,0
TXN_002940,USER_0502,MERCHANT_061,447.01,2026-08-03 12:23:04.362924,DEVICE_0502_A,IP_0502_A,785,0,0,0
TXN_002221,USER_0919,MERCHANT_121,458.6,2026-08-03 12:27:04.362924,DEVICE_0919_A,IP_0919_A,62,2,0,0
TXN_004627,USER_0934,MERCHANT_022,363.78,2026-08-03 12:27:04.362924,DEVICE_0934_A,IP_0934_A,839,2,0,0
TXN_004270,USER_0312,MERCHANT_135,1204.7,2026-08-03 12:44:04.362924,DEVICE_0312_A,IP_0312_A,1009,0,0,0
TXN_001118,USER_0940,MERCHANT_092,574.62,2026-08-03 13:00:04.362924,DEVICE_0940_A,IP_0940_A,1004,0,2,0
TXN_001608,USER_0226,MERCHANT_078,2029.28,2026-08-03 13:05:04.362924,DEVICE_0226_A,IP_0226_A,255,0,0,0
TXN_002672,USER_1489,MERCHANT_142,928.39,2026-08-03 14:03:04.362924,DEVICE_1489_A,IP_1489_A,1233,0,0,0
TXN_001051,USER_0164,MERCHANT_075,375.31,2026-08-03 14:52:04.362924,DEVICE_0164_A,IP_0164_A,417,0,1,0
TXN_001777,USER_0154,MERCHANT_018,379.21,2026-08-03 15:04:04.362924,DEVICE_0154_A,IP_0154_A,992,0,1,0
TXN_001674,USER_0010,MERCHANT_001,993.9,2026-08-03 15:13:04.362924,DEVICE_RING_A_01,IP_RING_A_01,83,2,5,1
TXN_005072,USER_0152,MERCHANT_059,508.86,2026-08-03 15:56:04.362924,DEVICE_0152_A,IP_0152_A,641,0,1,0
TXN_001395,USER_0276,MERCHANT_092,456.2,2026-08-03 16:19:04.362924,DEVICE_0276_A,IP_0276_A,198,0,0,0
TXN_000657,USER_0027,MERCHANT_003,2535.07,2026-08-03 16:45:04.362924,DEVICE_RING_A_02,IP_RING_A_01,26,4,1,1
TXN_001421,USER_1055,MERCHANT_089,898.43,2026-08-03 18:23:04.362924,DEVICE_1055_A,IP_1055_A,1464,1,0,0
TXN_005481,USER_0119,MERCHANT_010,17745.43,2026-08-03 19:20:04.362924,DEVICE_RING_D_02,IP_RING_D_02,89,7,3,1
TXN_001184,USER_1374,MERCHANT_059,184.76,2026-08-03 20:09:04.362924,DEVICE_1374_A,IP_1374_A,212,2,0,0
TXN_002222,USER_0783,MERCHANT_012,369.18,2026-08-03 20:42:04.362924,DEVICE_0783_A,IP_0783_A,318,1,0,0
TXN_002041,USER_1238,MERCHANT_027,356.34,2026-08-03 21:07:04.362924,DEVICE_1238_A,IP_1238_A,108,0,0,0
TXN_001639,USER_0698,MERCHANT_006,2818.11,2026-08-03 21:09:04.362924,DEVICE_0698_A,IP_0698_A,665,0,0,0
TXN_001224,USER_0438,MERCHANT_127,818.34,2026-08-03 21:15:04.362924,DEVICE_0438_A,IP_0438_A,1109,0,0,0
TXN_005958,USER_0194,MERCHANT_034,942.81,2026-08-03 21:37:04.362924,DEVICE_0194_A,IP_0194_A,548,0,0,0
TXN_002202,USER_1299,MERCHANT_087,519.96,2026-08-03 21:45:04.362924,DEVICE_1299_A,IP_1299_A,959,0,0,0
TXN_003995,USER_1269,MERCHANT_109,127.5,2026-08-03 21:55:04.362924,DEVICE_1269_A,IP_1269_A,1463,1,0,0
TXN_002739,USER_0373,MERCHANT_095,1924.75,2026-08-03 22:01:04.362924,DEVICE_0373_A,IP_0373_A,695,2,0,0
TXN_000365,USER_0344,MERCHANT_043,1006.81,2026-08-03 22:02:04.362924,DEVICE_0344_A,IP_0344_A,529,0,0,0
TXN_005055,USER_1438,MERCHANT_139,240.93,2026-08-03 22:15:04.362924,DEVICE_1438_A,IP_1438_A,235,0,0,0
TXN_004425,USER_0118,MERCHANT_010,1015.82,2026-08-03 22:43:04.362924,DEVICE_RING_D_01,IP_RING_D_02,90,6,4,1
TXN_000869,USER_0456,MERCHANT_032,983.22,2026-08-03 23:22:04.362924,DEVICE_0456_A,IP_0456_A,216,0,0,0
TXN_001276,USER_0949,MERCHANT_051,667.29,2026-08-03 23:45:04.362924,DEVICE_0949_A,IP_0949_A,647,0,0,0
TXN_000403,USER_0459,MERCHANT_014,602.36,2026-08-04 00:06:04.362924,DEVICE_0459_A,IP_0459_A,841,0,0,0
TXN_001180,USER_0387,MERCHANT_106,262.23,2026-08-04 00:41:04.362924,DEVICE_0387_A,IP_0387_A,684,0,1,0
TXN_001934,USER_0281,MERCHANT_020,554.17,2026-08-04 00:45:04.362924,DEVICE_0281_A,IP_0281_A,489,0,2,0
TXN_005214,USER_0390,MERCHANT_072,809.5,2026-08-04 01:35:04.362924,DEVICE_0390_A,IP_0390_A,868,0,1,0
TXN_001389,USER_0195,MERCHANT_054,614.58,2026-08-04 01:54:04.362924,DEVICE_0195_A,IP_0195_A,479,1,0,0
TXN_001557,USER_0455,MERCHANT_103,1190.49,2026-08-04 01:58:04.362924,DEVICE_0455_A,IP_0455_A,964,0,0,0
TXN_001446,USER_1398,MERCHANT_095,368.12,2026-08-04 02:21:04.362924,DEVICE_1398_A,IP_1398_A,119,0,0,0
TXN_000410,USER_0457,MERCHANT_113,882.5,2026-08-04 02:31:04.362924,DEVICE_0457_A,IP_0457_A,749,1,0,0
TXN_002561,USER_0820,MERCHANT_078,280.48,2026-08-04 02:50:04.362924,DEVICE_0820_A,IP_0820_A,1126,0,1,0
TXN_002501,USER_0028,MERCHANT_001,4423.38,2026-08-04 02:52:04.362924,DEVICE_RING_A_02,IP_RING_A_02,7,4,3,1
TXN_000011,USER_0674,MERCHANT_138,423.84,2026-08-04 03:28:04.362924,DEVICE_0674_A,IP_0674_A,1020,0,1,0
TXN_004794,USER_0472,MERCHANT_044,731.52,2026-08-04 03:28:04.362924,DEVICE_0472_A,IP_0472_A,583,0,0,0
TXN_000347,USER_1338,MERCHANT_035,202.53,2026-08-04 04:44:04.362924,DEVICE_1338_A,IP_1338_A,645,0,1,0
TXN_001532,USER_0139,MERCHANT_093,159.27,2026-08-04 05:11:04.362924,DEVICE_0139_A,IP_0139_A,1208,0,0,0
TXN_000531,USER_0959,MERCHANT_132,968.62,2026-08-04 05:56:04.362924,DEVICE_0959_A,IP_0959_A,71,1,2,0
TXN_000822,USER_1291,MERCHANT_051,1726.65,2026-08-04 07:23:04.362924,DEVICE_1291_A,IP_1291_A,1179,0,0,0
TXN_000257,USER_1296,MERCHANT_060,1551.71,2026-08-04 07:30:04.362924,DEVICE_1296_A,IP_1296_A,1125,1,1,0
TXN_005641,USER_1496,MERCHANT_015,1082.18,2026-08-04 07:33:04.362924,DEVICE_1496_A,IP_1496_A,676,1,0,0
TXN_001918,USER_1366,MERCHANT_004,376.64,2026-08-04 09:06:04.362924,DEVICE_1366_A,IP_1366_A,284,0,0,0
TXN_002130,USER_0977,MERCHANT_108,1028.2,2026-08-04 09:15:04.362924,DEVICE_0977_A,IP_0977_A,870,0,0,0
TXN_005166,USER_1298,MERCHANT_121,1245.32,2026-08-04 09:19:04.362924,DEVICE_1298_A,IP_1298_A,950,0,1,0
TXN_001884,USER_0182,MERCHANT_009,384.75,2026-08-04 09:32:04.362924,DEVICE_0182_A,IP_0182_A,722,0,0,0
TXN_000591,USER_0157,MERCHANT_027,633.08,2026-08-04 09:50:04.362924,DEVICE_0157_A,IP_0157_A,856,0,0,0
TXN_005916,USER_0067,MERCHANT_009,1023.04,2026-08-04 09:58:04.362924,DEVICE_RING_C_02,IP_RING_C_02,72,2,1,1
TXN_005427,USER_0729,MERCHANT_071,1236.28,2026-08-04 10:04:04.362924,DEVICE_0729_A,IP_0729_A,670,0,1,0
TXN_000565,USER_0161,MERCHANT_013,1477.11,2026-08-04 10:16:04.362924,DEVICE_0161_A,IP_0161_A,1442,0,0,0
TXN_002206,USER_1483,MERCHANT_052,855.11,2026-08-04 10:22:04.362924,DEVICE_1483_A,IP_1483_A,1206,2,1,0
TXN_004244,USER_0094,MERCHANT_010,5027.79,2026-08-04 10:42:04.362924,DEVICE_RING_D_02,IP_RING_D_01,22,3,4,1
TXN_005509,USER_1480,MERCHANT_086,506.03,2026-08-04 11:06:04.362924,DEVICE_1480_A,IP_1480_A,1340,0,0,0
TXN_005382,USER_1204,MERCHANT_060,376.95,2026-08-04 11:38:04.362924,DEVICE_1204_A,IP_1204_A,35,1,0,0
TXN_000516,USER_1115,MERCHANT_147,1057.3,2026-08-04 12:56:04.362924,DEVICE_1115_A,IP_1115_A,1277,0,0,0
TXN_002424,USER_0636,MERCHANT_073,580.75,2026-08-04 13:03:04.362924,DEVICE_0636_A,IP_0636_A,360,0,0,0
TXN_005332,USER_0516,MERCHANT_136,495.58,2026-08-04 13:43:04.362924,DEVICE_0516_A,IP_0516_A,650,0,0,0
TXN_001650,USER_0708,MERCHANT_058,4184.33,2026-08-04 14:11:04.362924,DEVICE_0708_A,IP_0708_A,1431,0,1,0
TXN_004525,USER_0227,MERCHANT_118,1453.93,2026-08-04 14:21:04.362924,DEVICE_0227_A,IP_0227_A,79,0,0,0
TXN_000435,USER_0979,MERCHANT_058,1851.4,2026-08-04 14:56:04.362924,DEVICE_0979_A,IP_0979_A,689,0,1,0
TXN_005955,USER_0914,MERCHANT_099,893.46,2026-08-04 15:11:04.362924,DEVICE_0914_A,IP_0914_A,1297,0,0,0
TXN_002087,USER_0116,MERCHANT_011,1504.03,2026-08-04 15:18:04.362924,DEVICE_RING_D_01,IP_RING_D_01,17,6,5,1
TXN_005599,USER_1042,MERCHANT_126,653.26,2026-08-04 15:26:04.362924,DEVICE_1042_A,IP_1042_A,369,0,0,0
TXN_005698,USER_0075,MERCHANT_009,1186.64,2026-08-04 15:50:04.362924,DEVICE_RING_C_02,IP_RING_C_01,31,2,3,1
TXN_002546,USER_0500,MERCHANT_150,830.19,2026-08-04 16:09:04.362924,DEVICE_0500_A,IP_0500_A,876,0,0,0
TXN_002144,USER_0816,MERCHANT_037,720.46,2026-08-04 16:45:04.362924,DEVICE_0816_A,IP_0816_A,527,1,0,0
TXN_001899,USER_0278,MERCHANT_020,913.81,2026-08-04 16:52:04.362924,DEVICE_0278_A,IP_0278_A,542,2,0,0
TXN_002934,USER_0503,MERCHANT_007,1228.32,2026-08-04 17:10:04.362924,DEVICE_0503_A,IP_0503_A,1290,0,0,0
TXN_003409,USER_0869,MERCHANT_099,507.79,2026-08-04 17:26:04.362924,DEVICE_0869_A,IP_0869_A,159,0,0,0
TXN_000843,USER_0033,MERCHANT_005,813.48,2026-08-04 17:37:04.362924,DEVICE_RING_B_02,IP_RING_B_01,31,6,2,1
TXN_001767,USER_0882,MERCHANT_096,3056.84,2026-08-04 17:40:04.362924,DEVICE_0882_A,IP_0882_A,327,1,0,0
TXN_001432,USER_0617,MERCHANT_113,1106.25,2026-08-04 17:49:04.362924,DEVICE_0617_A,IP_0617_A,317,0,0,0
TXN_004551,USER_0331,MERCHANT_104,1705.84,2026-08-04 17:53:04.362924,DEVICE_0331_A,IP_0331_A,1271,0,0,0
TXN_004240,USER_0012,MERCHANT_002,2311.88,2026-08-04 18:12:04.362924,DEVICE_RING_A_01,IP_RING_A_01,70,6,2,1
TXN_000802,USER_0444,MERCHANT_137,407.44,2026-08-04 18:56:04.362924,DEVICE_0444_A,IP_0444_A,1258,0,0,0
TXN_004726,USER_1241,MERCHANT_044,55.65,2026-08-04 18:56:04.362924,DEVICE_1241_A,IP_1241_A,770,1,0,0
TXN_001570,USER_0035,MERCHANT_004,1472.91,2026-08-04 19:00:04.362924,DEVICE_RING_B_02,IP_RING_B_02,82,4,2,1
TXN_000545,USER_1264,MERCHANT_047,93.99,2026-08-04 19:06:04.362924,DEVICE_1264_A,IP_1264_A,631,0,0,0
TXN_005360,USER_1389,MERCHANT_146,488.23,2026-08-04 19:43:04.362924,DEVICE_1389_A,IP_1389_A,1032,0,0,0
TXN_002722,USER_0064,MERCHANT_008,1507.64,2026-08-04 19:44:04.362924,DEVICE_RING_C_02,IP_RING_C_01,54,2,3,1
TXN_000327,USER_0006,MERCHANT_001,7959.78,2026-08-04 20:11:04.362924,DEVICE_RING_A_02,IP_RING_A_01,76,3,4,1
TXN_004057,USER_1076,MERCHANT_103,1796.47,2026-08-04 20:26:04.362924,DEVICE_1076_A,IP_1076_A,330,1,0,0
TXN_002061,USER_1413,MERCHANT_048,1135.81,2026-08-04 20:40:04.362924,DEVICE_1413_A,IP_1413_A,1003,0,0,0
TXN_005703,USER_1128,MERCHANT_147,626.85,2026-08-04 20:54:04.362924,DEVICE_1128_A,IP_1128_A,1166,0,0,0
TXN_003934,USER_1318,MERCHANT_044,1061.63,2026-08-04 20:57:04.362924,DEVICE_1318_A,IP_1318_A,772,0,0,0
TXN_001483,USER_0904,MERCHANT_079,2191.09,2026-08-04 21:01:04.362924,DEVICE_0904_A,IP_0904_A,872,1,1,0
TXN_001114,USER_0295,MERCHANT_031,870.17,2026-08-04 21:09:04.362924,DEVICE_0295_A,IP_0295_A,323,0,0,0
TXN_002073,USER_0423,MERCHANT_052,641.25,2026-08-04 21:17:04.362924,DEVICE_0423_A,IP_0423_A,382,0,0,0
TXN_000354,USER_0436,MERCHANT_109,532.18,2026-08-04 21:24:04.362924,DEVICE_0436_A,IP_0436_A,802,0,2,0
TXN_005998,USER_1293,MERCHANT_081,240.78,2026-08-04 22:07:04.362924,DEVICE_1293_A,IP_1293_A,1233,0,0,0
TXN_005026,USER_0201,MERCHANT_027,237.71,2026-08-04 22:15:04.362924,DEVICE_0201_A,IP_0201_A,927,1,1,0
TXN_005530,USER_1050,MERCHANT_051,552.48,2026-08-04 22:18:04.362924,DEVICE_1050_A,IP_1050_A,1362,0,1,0
TXN_004368,USER_0707,MERCHANT_106,614.76,2026-08-04 22:54:04.362924,DEVICE_0707_A,IP_0707_A,1153,0,0,0
TXN_005428,USER_0638,MERCHANT_080,591.02,2026-08-04 23:07:04.362924,DEVICE_0638_A,IP_0638_A,597,0,2,0
TXN_001213,USER_1103,MERCHANT_117,350.07,2026-08-04 23:19:04.362924,DEVICE_1103_A,IP_1103_A,1316,2,0,0
TXN_001339,USER_0033,MERCHANT_004,1695.73,2026-08-04 23:58:04.362924,DEVICE_RING_B_01,IP_RING_B_01,34,6,2,1
TXN_003133,USER_0221,MERCHANT_029,163.78,2026-08-05 00:07:04.362924,DEVICE_0221_A,IP_0221_A,284,0,0,0
TXN_001909,USER_1003,MERCHANT_137,245.06,2026-08-05 00:09:04.362924,DEVICE_1003_A,IP_1003_A,137,0,0,0
TXN_003547,USER_1277,MERCHANT_016,1004.48,2026-08-05 00:17:04.362924,DEVICE_1277_A,IP_1277_A,152,0,0,0
TXN_000976,USER_0276,MERCHANT_117,145.44,2026-08-05 01:22:04.362924,DEVICE_0276_A,IP_0276_A,596,1,0,0
TXN_002191,USER_0654,MERCHANT_143,180.97,2026-08-05 01:50:04.362924,DEVICE_0654_A,IP_0654_A,1117,1,0,0
TXN_000991,USER_0512,MERCHANT_077,701.5,2026-08-05 01:55:04.362924,DEVICE_0512_A,IP_0512_A,1455,0,0,0
TXN_003563,USER_1139,MERCHANT_046,116.1,2026-08-05 01:56:04.362924,DEVICE_1139_A,IP_1139_A,1413,0,0,0
TXN_001379,USER_0471,MERCHANT_135,380.97,2026-08-05 02:18:04.362924,DEVICE_0471_A,IP_0471_A,1306,1,1,0
TXN_000101,USER_0173,MERCHANT_034,207.56,2026-08-05 02:38:04.362924,DEVICE_0173_A,IP_0173_A,60,0,0,0
TXN_001135,USER_0621,MERCHANT_064,499.6,2026-08-05 03:02:04.362924,DEVICE_0621_A,IP_0621_A,510,0,0,0
TXN_002691,USER_1252,MERCHANT_074,279.9,2026-08-05 03:08:04.362924,DEVICE_1252_A,IP_1252_A,267,1,1,0
TXN_004787,USER_0812,MERCHANT_012,1038.1,2026-08-05 03:33:04.362924,DEVICE_0812_A,IP_0812_A,1362,0,0,0
TXN_003094,USER_1161,MERCHANT_008,821.92,2026-08-05 03:34:04.362924,DEVICE_1161_A,IP_1161_A,174,2,1,0
TXN_000678,USER_0701,MERCHANT_022,2233.07,2026-08-05 04:08:04.362924,DEVICE_0701_A,IP_0701_A,473,0,2,0
TXN_004413,USER_0500,MERCHANT_100,271.27,2026-08-05 04:27:04.362924,DEVICE_0500_A,IP_0500_A,166,0,0,0
TXN_001124,USER_1140,MERCHANT_126,254.6,2026-08-05 04:53:04.362924,DEVICE_1140_A,IP_1140_A,1063,0,0,0
TXN_004576,USER_1036,MERCHANT_121,508.15,2026-08-05 05:09:04.362924,DEVICE_1036_A,IP_1036_A,222,1,1,0
TXN_000244,USER_1100,MERCHANT_135,1148.54,2026-08-05 05:11:04.362924,DEVICE_1100_A,IP_1100_A,801,0,0,0
TXN_002742,USER_0618,MERCHANT_126,849.29,2026-08-05 05:21:04.362924,DEVICE_0618_A,IP_0618_A,1031,2,0,0
TXN_000662,USER_0610,MERCHANT_043,398.13,2026-08-05 06:10:04.362924,DEVICE_0610_A,IP_0610_A,1082,0,0,0
TXN_005734,USER_0644,MERCHANT_089,520.14,2026-08-05 07:32:04.362924,DEVICE_0644_A,IP_0644_A,381,2,0,0
TXN_004423,USER_0208,MERCHANT_022,1538.38,2026-08-05 07:36:04.362924,DEVICE_0208_A,IP_0208_A,632,1,0,0
TXN_000721,USER_1129,MERCHANT_002,755.8,2026-08-05 07:48:04.362924,DEVICE_1129_A,IP_1129_A,1138,2,1,0
TXN_000752,USER_0851,MERCHANT_084,217.71,2026-08-05 08:04:04.362924,DEVICE_0851_A,IP_0851_A,1005,0,1,0
TXN_005153,USER_1209,MERCHANT_088,884.93,2026-08-05 08:19:04.362924,DEVICE_1209_A,IP_1209_A,1054,1,0,0
TXN_003554,USER_1156,MERCHANT_041,3946.55,2026-08-05 08:40:04.362924,DEVICE_1156_A,IP_1156_A,441,1,0,0
TXN_003521,USER_0032,MERCHANT_004,4133.13,2026-08-05 09:14:04.362924,DEVICE_RING_B_02,IP_RING_B_02,43,7,3,1
TXN_005030,USER_1246,MERCHANT_150,606.56,2026-08-05 10:20:04.362924,DEVICE_1246_A,IP_1246_A,898,0,0,0
TXN_000984,USER_0920,MERCHANT_069,578.91,2026-08-05 10:23:04.362924,DEVICE_0920_A,IP_0920_A,340,1,1,0
TXN_002543,USER_0076,MERCHANT_007,2012.29,2026-08-05 10:35:04.362924,DEVICE_RING_C_02,IP_RING_C_01,16,2,2,1
TXN_005246,USER_0238,MERCHANT_036,594.04,2026-08-05 10:46:04.362924,DEVICE_0238_A,IP_0238_A,797,2,0,0
TXN_002029,USER_1087,MERCHANT_084,702.17,2026-08-05 10:54:04.362924,DEVICE_1087_A,IP_1087_A,649,0,0,0
TXN_004439,USER_0857,MERCHANT_126,464.74,2026-08-05 11:02:04.362924,DEVICE_0857_A,IP_0857_A,1169,2,0,0
TXN_001267,USER_0035,MERCHANT_004,2236.84,2026-08-05 11:14:04.362924,DEVICE_RING_B_02,IP_RING_B_01,55,5,4,1
TXN_000920,USER_0797,MERCHANT_084,694.02,2026-08-05 11:38:04.362924,DEVICE_0797_A,IP_0797_A,958,0,0,0
TXN_001494,USER_1313,MERCHANT_011,689.07,2026-08-05 11:57:04.362924,DEVICE_1313_A,IP_1313_A,228,0,0,0
TXN_003432,USER_1012,MERCHANT_128,1646.82,2026-08-05 12:04:04.362924,DEVICE_1012_A,IP_1012_A,851,0,0,0
TXN_005306,USER_1476,MERCHANT_133,1350.88,2026-08-05 12:31:04.362924,DEVICE_1476_A,IP_1476_A,650,0,0,0
TXN_003665,USER_0625,MERCHANT_023,1467.74,2026-08-05 12:41:04.362924,DEVICE_0625_A,IP_0625_A,1362,0,0,0
TXN_003396,USER_0120,MERCHANT_011,625.19,2026-08-05 13:54:04.362924,DEVICE_RING_D_02,IP_RING_D_02,62,3,3,1
TXN_002668,USER_0789,MERCHANT_054,238.06,2026-08-05 13:59:04.362924,DEVICE_0789_A,IP_0789_A,522,0,0,0
TXN_005138,USER_1303,MERCHANT_101,1036.53,2026-08-05 14:35:04.362924,DEVICE_1303_A,IP_1303_A,664,0,0,0
TXN_004046,USER_0477,MERCHANT_035,439.49,2026-08-05 14:41:04.362924,DEVICE_0477_A,IP_0477_A,133,2,0,0
TXN_000072,USER_0140,MERCHANT_120,1901.61,2026-08-05 15:16:04.362924,DEVICE_0140_A,IP_0140_A,619,0,0,0
TXN_004670,USER_1408,MERCHANT_002,616.22,2026-08-05 15:31:04.362924,DEVICE_1408_A,IP_1408_A,524,0,0,0
TXN_002860,USER_0075,MERCHANT_009,3035.57,2026-08-05 15:40:04.362924,DEVICE_RING_C_01,IP_RING_C_01,48,6,5,1
TXN_000128,USER_0752,MERCHANT_012,392.37,2026-08-05 15:54:04.362924,DEVICE_0752_A,IP_0752_A,481,0,0,0
TXN_004746,USER_0900,MERCHANT_018,484.5,2026-08-05 16:05:04.362924,DEVICE_0900_A,IP_0900_A,648,0,0,0
TXN_001854,USER_0325,MERCHANT_127,1195.47,2026-08-05 16:47:04.362924,DEVICE_0325_A,IP_0325_A,782,0,0,0
TXN_000977,USER_0783,MERCHANT_066,427.39,2026-08-05 16:52:04.362924,DEVICE_0783_A,IP_0783_A,361,1,0,0
TXN_002644,USER_1328,MERCHANT_134,367.92,2026-08-05 17:15:04.362924,DEVICE_1328_A,IP_1328_A,1427,0,0,0
TXN_000132,USER_0846,MERCHANT_019,631.66,2026-08-05 17:54:04.362924,DEVICE_0846_A,IP_0846_A,843,1,0,0
TXN_003520,USER_0436,MERCHANT_105,113.79,2026-08-05 18:37:04.362924,DEVICE_0436_A,IP_0436_A,382,1,0,0
TXN_002344,USER_0649,MERCHANT_109,404.4,2026-08-05 18:57:04.362924,DEVICE_0649_A,IP_0649_A,1423,0,1,0
TXN_000665,USER_0544,MERCHANT_133,351.53,2026-08-05 19:04:04.362924,DEVICE_0544_A,IP_0544_A,769,0,1,0
TXN_002156,USER_0253,MERCHANT_088,377.91,2026-08-05 19:25:04.362924,DEVICE_0253_A,IP_0253_A,490,0,0,0
TXN_002399,USER_0524,MERCHANT_083,700.91,2026-08-05 19:46:04.362924,DEVICE_0524_A,IP_0524_A,628,1,1,0
TXN_000264,USER_0316,MERCHANT_048,278.28,2026-08-05 20:32:04.362924,DEVICE_0316_A,IP_0316_A,317,0,1,0
TXN_002972,USER_0693,MERCHANT_139,569.9,2026-08-05 20:40:04.362924,DEVICE_0693_A,IP_0693_A,1324,0,0,0
TXN_005216,USER_1219,MERCHANT_094,875.81,2026-08-05 21:19:04.362924,DEVICE_1219_A,IP_1219_A,1496,0,0,0
TXN_002474,USER_0970,MERCHANT_141,212.97,2026-08-05 21:23:04.362924,DEVICE_0970_A,IP_0970_A,169,0,0,0
TXN_003085,USER_1331,MERCHANT_075,521.94,2026-08-05 21:35:04.362924,DEVICE_1331_A,IP_1331_A,1223,0,0,0
TXN_005567,USER_0057,MERCHANT_004,7418.68,2026-08-05 21:50:04.362924,DEVICE_RING_B_01,IP_RING_B_02,22,3,2,1
TXN_000156,USER_1199,MERCHANT_024,351.13,2026-08-05 22:25:04.362924,DEVICE_1199_A,IP_1199_A,1353,0,0,0
TXN_002473,USER_0931,MERCHANT_005,332.77,2026-08-05 22:44:04.362924,DEVICE_0931_A,IP_0931_A,1074,1,0,0
TXN_005712,USER_0083,MERCHANT_008,887.05,2026-08-05 23:17:04.362924,DEVICE_RING_C_01,IP_RING_C_01,86,5,3,1
TXN_005587,USER_0662,MERCHANT_111,370.06,2026-08-06 00:47:04.362924,DEVICE_0662_A,IP_0662_A,1052,1,0,0
TXN_002500,USER_0677,MERCHANT_049,774.31,2026-08-06 00:53:04.362924,DEVICE_0677_A,IP_0677_A,510,0,1,0
TXN_000651,USER_1463,MERCHANT_061,2401.01,2026-08-06 01:00:04.362924,DEVICE_1463_A,IP_1463_A,234,0,0,0
TXN_004333,USER_0951,MERCHANT_135,1056.78,2026-08-06 01:12:04.362924,DEVICE_0951_A,IP_0951_A,685,0,0,0
TXN_001069,USER_0299,MERCHANT_132,422.48,2026-08-06 01:34:04.362924,DEVICE_0299_A,IP_0299_A,837,0,0,0
TXN_002556,USER_0886,MERCHANT_101,895.97,2026-08-06 01:47:04.362924,DEVICE_0886_A,IP_0886_A,951,0,1,0
TXN_003851,USER_0491,MERCHANT_099,404.82,2026-08-06 01:55:04.362924,DEVICE_0491_A,IP_0491_A,132,0,0,0
TXN_000880,USER_0703,MERCHANT_147,1462.97,2026-08-06 02:44:04.362924,DEVICE_0703_A,IP_0703_A,1181,0,0,0
TXN_004728,USER_0913,MERCHANT_134,415.95,2026-08-06 02:47:04.362924,DEVICE_0913_A,IP_0913_A,278,1,0,0
TXN_002796,USER_0356,MERCHANT_130,317.54,2026-08-06 02:55:04.362924,DEVICE_0356_A,IP_0356_A,1352,0,0,0
TXN_004998,USER_0326,MERCHANT_110,6195.71,2026-08-06 02:56:04.362924,DEVICE_0326_A,IP_0326_A,594,0,0,0
TXN_005046,USER_0384,MERCHANT_051,1339.75,2026-08-06 03:01:04.362924,DEVICE_0384_A,IP_0384_A,370,0,0,0
TXN_004675,USER_0597,MERCHANT_058,1112.11,2026-08-06 03:16:04.362924,DEVICE_0597_A,IP_0597_A,1036,0,1,0
TXN_004513,USER_0924,MERCHANT_081,385.71,2026-08-06 03:56:04.362924,DEVICE_0924_A,IP_0924_A,820,0,2,0
TXN_004165,USER_1110,MERCHANT_085,433.7,2026-08-06 03:59:04.362924,DEVICE_1110_A,IP_1110_A,687,1,0,0
TXN_001330,USER_0476,MERCHANT_106,940.94,2026-08-06 04:04:04.362924,DEVICE_0476_A,IP_0476_A,1168,1,0,0
TXN_001493,USER_0327,MERCHANT_003,392.97,2026-08-06 04:17:04.362924,DEVICE_0327_A,IP_0327_A,155,0,2,0
TXN_002116,USER_0919,MERCHANT_066,408.31,2026-08-06 04:41:04.362924,DEVICE_0919_A,IP_0919_A,855,0,1,0
TXN_004708,USER_1078,MERCHANT_033,417.31,2026-08-06 05:02:04.362924,DEVICE_1078_A,IP_1078_A,828,1,2,0
TXN_002150,USER_0724,MERCHANT_040,174.96,2026-08-06 05:19:04.362924,DEVICE_0724_A,IP_0724_A,1453,0,0,0
TXN_005375,USER_0014,MERCHANT_003,3849.42,2026-08-06 05:38:04.362924,DEVICE_RING_A_01,IP_RING_A_02,90,5,2,1
TXN_004447,USER_0586,MERCHANT_119,310.52,2026-08-06 06:13:04.362924,DEVICE_0586_A,IP_0586_A,1173,0,0,0
TXN_003819,USER_1245,MERCHANT_094,445.27,2026-08-06 06:19:04.362924,DEVICE_1245_A,IP_1245_A,750,0,2,0
TXN_000238,USER_0014,MERCHANT_003,3012.42,2026-08-06 06:29:04.362924,DEVICE_RING_A_02,IP_RING_A_01,61,4,5,1
TXN_005032,USER_0850,MERCHANT_135,1537.15,2026-08-06 06:29:04.362924,DEVICE_0850_A,IP_0850_A,1247,0,0,0
TXN_005522,USER_0849,MERCHANT_114,365.32,2026-08-06 06:33:04.362924,DEVICE_0849_A,IP_0849_A,553,0,0,0
TXN_000064,USER_1213,MERCHANT_098,244.64,2026-08-06 07:41:04.362924,DEVICE_1213_A,IP_1213_A,678,0,1,0
TXN_003729,USER_0983,MERCHANT_033,244.0,2026-08-06 07:55:04.362924,DEVICE_0983_A,IP_0983_A,468,0,2,0
TXN_002119,USER_1078,MERCHANT_008,87.81,2026-08-06 08:00:04.362924,DEVICE_1078_A,IP_1078_A,349,0,0,0
TXN_004816,USER_1180,MERCHANT_138,498.26,2026-08-06 08:06:04.362924,DEVICE_1180_A,IP_1180_A,1268,0,0,0
TXN_002897,USER_1213,MERCHANT_068,125.69,2026-08-06 08:17:04.362924,DEVICE_1213_A,IP_1213_A,167,2,0,0
TXN_002309,USER_0071,MERCHANT_007,4266.51,2026-08-06 08:22:04.362924,DEVICE_RING_C_01,IP_RING_C_02,70,7,5,1
TXN_003609,USER_0778,MERCHANT_142,218.06,2026-08-06 09:19:04.362924,DEVICE_0778_A,IP_0778_A,695,0,0,0
TXN_004858,USER_0967,MERCHANT_035,1222.36,2026-08-06 09:32:04.362924,DEVICE_0967_A,IP_0967_A,824,0,0,0
TXN_001429,USER_1066,MERCHANT_098,508.26,2026-08-06 10:27:04.362924,DEVICE_1066_A,IP_1066_A,733,1,1,0
TXN_004469,USER_1349,MERCHANT_075,650.35,2026-08-06 10:31:04.362924,DEVICE_1349_A,IP_1349_A,764,0,0,0
TXN_003812,USER_1029,MERCHANT_134,822.27,2026-08-06 11:16:04.362924,DEVICE_1029_A,IP_1029_A,37,0,0,0
TXN_001132,USER_0843,MERCHANT_073,823.34,2026-08-06 12:20:04.362924,DEVICE_0843_A,IP_0843_A,686,0,0,0
TXN_003053,USER_0833,MERCHANT_096,483.24,2026-08-06 13:36:04.362924,DEVICE_0833_A,IP_0833_A,613,0,0,0
TXN_004695,USER_0978,MERCHANT_113,519.97,2026-08-06 13:51:04.362924,DEVICE_0978_A,IP_0978_A,496,0,0,0
TXN_002398,USER_0927,MERCHANT_039,282.58,2026-08-06 14:16:04.362924,DEVICE_0927_A,IP_0927_A,257,2,0,0
TXN_001377,USER_0402,MERCHANT_098,363.26,2026-08-06 14:27:04.362924,DEVICE_0402_A,IP_0402_A,1371,1,0,0
TXN_000509,USER_1391,MERCHANT_038,622.24,2026-08-06 14:37:04.362924,DEVICE_1391_A,IP_1391_A,276,2,0,0
TXN_001527,USER_1090,MERCHANT_090,2466.04,2026-08-06 15:25:04.362924,DEVICE_1090_A,IP_1090_A,831,0,0,0
TXN_004112,USER_0135,MERCHANT_122,334.92,2026-08-06 15:54:04.362924,DEVICE_0135_A,IP_0135_A,1007,2,0,0
TXN_001571,USER_1367,MERCHANT_108,1088.58,2026-08-06 16:07:04.362924,DEVICE_1367_A,IP_1367_A,1477,0,0,0
TXN_001926,USER_0844,MERCHANT_139,301.08,2026-08-06 16:29:04.362924,DEVICE_0844_A,IP_0844_A,121,0,0,0
TXN_001003,USER_0944,MERCHANT_084,627.44,2026-08-06 16:30:04.362924,DEVICE_0944_A,IP_0944_A,277,2,0,0
TXN_003372,USER_1141,MERCHANT_013,244.8,2026-08-06 17:12:04.362924,DEVICE_1141_A,IP_1141_A,260,0,0,0
TXN_003668,USER_1377,MERCHANT_011,934.25,2026-08-06 17:29:04.362924,DEVICE_1377_A,IP_1377_A,1381,0,0,0
TXN_001872,USER_0706,MERCHANT_058,510.68,2026-08-06 17:30:04.362924,DEVICE_0706_A,IP_0706_A,442,1,0,0
TXN_001833,USER_0781,MERCHANT_149,1226.33,2026-08-06 17:39:04.362924,DEVICE_0781_A,IP_0781_A,315,0,0,0
TXN_004245,USER_1294,MERCHANT_015,611.45,2026-08-06 18:30:04.362924,DEVICE_1294_A,IP_1294_A,103,1,0,0
TXN_003134,USER_0032,MERCHANT_004,11147.65,2026-08-06 18:58:04.362924,DEVICE_RING_B_02,IP_RING_B_02,90,5,1,1
TXN_000361,USER_1326,MERCHANT_129,885.75,2026-08-06 19:02:04.362924,DEVICE_1326_A,IP_1326_A,338,0,0,0
TXN_000739,USER_1361,MERCHANT_051,2092.33,2026-08-06 19:06:04.362924,DEVICE_1361_A,IP_1361_A,1211,0,0,0
TXN_000334,USER_1320,MERCHANT_098,361.07,2026-08-06 19:20:04.362924,DEVICE_1320_A,IP_1320_A,205,1,0,0
TXN_001676,USER_1051,MERCHANT_142,471.16,2026-08-06 19:48:04.362924,DEVICE_1051_A,IP_1051_A,1486,1,1,0
TXN_004730,USER_0021,MERCHANT_003,2548.83,2026-08-06 20:29:04.362924,DEVICE_RING_A_02,IP_RING_A_01,49,6,1,1
TXN_003244,USER_0151,MERCHANT_002,1327.4,2026-08-06 21:04:04.362924,DEVICE_0151_A,IP_0151_A,1020,0,0,0
TXN_005562,USER_1190,MERCHANT_046,588.3,2026-08-06 21:27:04.362924,DEVICE_1190_A,IP_1190_A,723,0,1,0
TXN_005417,USER_0265,MERCHANT_034,450.38,2026-08-06 21:40:04.362924,DEVICE_0265_A,IP_0265_A,1405,0,0,0
TXN_001825,USER_0428,MERCHANT_134,680.9,2026-08-06 22:01:04.362924,DEVICE_0428_A,IP_0428_A,623,0,0,0
TXN_005763,USER_0182,MERCHANT_033,287.42,2026-08-06 22:03:04.362924,DEVICE_0182_A,IP_0182_A,709,0,0,0
TXN_002339,USER_0212,MERCHANT_055,603.19,2026-08-06 22:29:04.362924,DEVICE_0212_A,IP_0212_A,232,0,0,0
TXN_000527,USER_0008,MERCHANT_003,491.03,2026-08-06 22:34:04.362924,DEVICE_RING_A_02,IP_RING_A_02,58,3,4,1
TXN_000773,USER_0090,MERCHANT_009,4705.34,2026-08-06 23:10:04.362924,DEVICE_RING_C_02,IP_RING_C_01,6,7,5,1
TXN_000532,USER_0139,MERCHANT_122,172.57,2026-08-07 00:49:04.362924,DEVICE_0139_A,IP_0139_A,300,0,0,0
TXN_001705,USER_0208,MERCHANT_015,815.9,2026-08-07 01:35:04.362924,DEVICE_0208_A,IP_0208_A,531,0,0,0
TXN_003825,USER_0851,MERCHANT_017,362.98,2026-08-07 01:46:04.362924,DEVICE_0851_A,IP_0851_A,924,0,0,0
TXN_005748,USER_0374,MERCHANT_138,698.29,2026-08-07 02:07:04.362924,DEVICE_0374_A,IP_0374_A,1083,0,0,0
TXN_004754,USER_1356,MERCHANT_059,442.2,2026-08-07 02:22:04.362924,DEVICE_1356_A,IP_1356_A,852,1,0,0
TXN_005371,USER_1189,MERCHANT_135,236.33,2026-08-07 02:27:04.362924,DEVICE_1189_A,IP_1189_A,445,0,0,0
TXN_002470,USER_1263,MERCHANT_007,512.83,2026-08-07 03:42:04.362924,DEVICE_1263_A,IP_1263_A,137,0,0,0
TXN_003016,USER_0552,MERCHANT_096,1307.29,2026-08-07 03:52:04.362924,DEVICE_0552_A,IP_0552_A,1396,0,0,0
TXN_002137,USER_0098,MERCHANT_012,2768.06,2026-08-07 04:02:04.362924,DEVICE_RING_D_01,IP_RING_D_02,83,2,5,1
TXN_001561,USER_1244,MERCHANT_105,590.46,2026-08-07 04:42:04.362924,DEVICE_1244_A,IP_1244_A,165,0,0,0
TXN_002736,USER_0929,MERCHANT_035,402.91,2026-08-07 04:54:04.362924,DEVICE_0929_A,IP_0929_A,476,0,0,0
TXN_004684,USER_0571,MERCHANT_117,355.07,2026-08-07 05:19:04.362924,DEVICE_0571_A,IP_0571_A,1460,0,0,0
TXN_004741,USER_0359,MERCHANT_129,885.44,2026-08-07 05:31:04.362924,DEVICE_0359_A,IP_0359_A,1054,0,0,0
TXN_000538,USER_0342,MERCHANT_124,449.67,2026-08-07 05:39:04.362924,DEVICE_0342_A,IP_0342_A,160,0,0,0
TXN_002776,USER_0981,MERCHANT_028,484.58,2026-08-07 05:42:04.362924,DEVICE_0981_A,IP_0981_A,203,1,0,0
TXN_004920,USER_0289,MERCHANT_027,1582.07,2026-08-07 05:42:04.362924,DEVICE_0289_A,IP_0289_A,76,0,0,0
TXN_005070,USER_0593,MERCHANT_006,745.32,2026-08-07 06:15:04.362924,DEVICE_0593_A,IP_0593_A,822,1,0,0
TXN_001418,USER_1060,MERCHANT_071,733.9,2026-08-07 06:34:04.362924,DEVICE_1060_A,IP_1060_A,443,0,0,0
TXN_002016,USER_0539,MERCHANT_096,518.82,2026-08-07 06:59:04.362924,DEVICE_0539_A,IP_0539_A,1093,0,0,0
TXN_002693,USER_1000,MERCHANT_021,582.57,2026-08-07 07:07:04.362924,DEVICE_1000_A,IP_1000_A,703,0,1,0
TXN_005498,USER_0940,MERCHANT_125,368.03,2026-08-07 07:16:04.362924,DEVICE_0940_A,IP_0940_A,240,0,0,0
TXN_000828,USER_0065,MERCHANT_009,1482.06,2026-08-07 07:43:04.362924,DEVICE_RING_C_01,IP_RING_C_01,7,3,5,1
TXN_004391,USER_0681,MERCHANT_137,882.79,2026-08-07 08:21:04.362924,DEVICE_0681_A,IP_0681_A,235,0,1,0
TXN_000567,USER_0010,MERCHANT_003,325.68,2026-08-07 08:33:04.362924,DEVICE_RING_A_02,IP_RING_A_01,67,4,5,1
TXN_005506,USER_1404,MERCHANT_059,1128.07,2026-08-07 09:17:04.362924,DEVICE_1404_A,IP_1404_A,1470,0,0,0
TXN_005980,USER_0044,MERCHANT_005,4065.76,2026-08-07 09:41:04.362924,DEVICE_RING_B_01,IP_RING_B_01,4,7,4,1
TXN_000726,USER_0478,MERCHANT_118,522.67,2026-08-07 09:51:04.362924,DEVICE_0478_A,IP_0478_A,276,0,0,0
TXN_003308,USER_0079,MERCHANT_007,3589.28,2026-08-07 09:59:04.362924,DEVICE_RING_C_01,IP_RING_C_02,15,6,4,1
TXN_005438,USER_1075,MERCHANT_120,1458.14,2026-08-07 10:40:04.362924,DEVICE_1075_A,IP_1075_A,824,0,1,0
TXN_002580,USER_0987,MERCHANT_053,2243.73,2026-08-07 10:42:04.362924,DEVICE_0987_A,IP_0987_A,111,1,0,0
TXN_003025,USER_0093,MERCHANT_011,385.41,2026-08-07 10:48:04.362924,DEVICE_RING_D_01,IP_RING_D_01,7,7,2,1
TXN_002826,USER_1429,MERCHANT_015,2153.84,2026-08-07 10:55:04.362924,DEVICE_1429_A,IP_1429_A,626,0,1,0
TXN_004004,USER_1482,MERCHANT_061,855.26,2026-08-07 11:13:04.362924,DEVICE_1482_A,IP_1482_A,208,0,0,0
TXN_001655,USER_0738,MERCHANT_074,773.4,2026-08-07 11:39:04.362924,DEVICE_0738_A,IP_0738_A,743,1,0,0
TXN_000758,USER_1128,MERCHANT_123,689.22,2026-08-07 12:59:04.362924,DEVICE_1128_A,IP_1128_A,643,0,0,0
TXN_005356,USER_0432,MERCHANT_005,1173.93,2026-08-07 13:42:04.362924,DEVICE_0432_A,IP_0432_A,1490,1,2,0
TXN_005603,USER_1409,MERCHANT_100,511.08,2026-08-07 14:12:04.362924,DEVICE_1409_A,IP_1409_A,304,0,0,0
TXN_002563,USER_1328,MERCHANT_144,299.72,2026-08-07 14:28:04.362924,DEVICE_1328_A,IP_1328_A,1427,0,0,0
TXN_001476,USER_0875,MERCHANT_015,975.69,2026-08-07 14:33:04.362924,DEVICE_0875_A,IP_0875_A,1363,0,0,0
TXN_005211,USER_0756,MERCHANT_066,650.22,2026-08-07 14:46:04.362924,DEVICE_0756_A,IP_0756_A,170,0,1,0
TXN_001523,USER_0009,MERCHANT_002,1993.33,2026-08-07 14:48:04.362924,DEVICE_RING_A_02,IP_RING_A_01,38,7,4,1
TXN_005379,USER_1222,MERCHANT_066,947.17,2026-08-07 14:52:04.362924,DEVICE_1222_A,IP_1222_A,1484,0,0,0
TXN_000992,USER_0076,MERCHANT_009,324.51,2026-08-07 15:19:04.362924,DEVICE_RING_C_01,IP_RING_C_02,25,3,1,1
TXN_005065,USER_0255,MERCHANT_107,1048.03,2026-08-07 15:46:04.362924,DEVICE_0255_A,IP_0255_A,409,2,0,0
TXN_005872,USER_0743,MERCHANT_012,701.47,2026-08-07 16:03:04.362924,DEVICE_0743_A,IP_0743_A,334,0,0,0
TXN_004599,USER_0031,MERCHANT_004,3811.68,2026-08-07 16:07:04.362924,DEVICE_RING_B_02,IP_RING_B_01,39,7,4,1
TXN_000727,USER_0138,MERCHANT_004,608.35,2026-08-07 16:08:04.362924,DEVICE_0138_A,IP_0138_A,1410,0,0,0
TXN_000987,USER_1108,MERCHANT_032,1852.85,2026-08-07 16:14:04.362924,DEVICE_1108_A,IP_1108_A,1191,0,2,0
TXN_002482,USER_0559,MERCHANT_078,2178.66,2026-08-07 17:18:04.362924,DEVICE_0559_A,IP_0559_A,769,0,0,0
TXN_003352,USER_1275,MERCHANT_069,464.63,2026-08-07 17:29:04.362924,DEVICE_1275_A,IP_1275_A,1052,0,0,0
TXN_000865,USER_1179,MERCHANT_037,378.92,2026-08-07 17:45:04.362924,DEVICE_1179_A,IP_1179_A,979,1,0,0
TXN_000891,USER_0697,MERCHANT_066,1110.2,2026-08-07 17:53:04.362924,DEVICE_0697_A,IP_0697_A,168,0,0,0
TXN_001259,USER_1176,MERCHANT_027,353.6,2026-08-07 18:09:04.362924,DEVICE_1176_A,IP_1176_A,1476,0,1,0
TXN_004156,USER_1357,MERCHANT_123,509.83,2026-08-07 18:18:04.362924,DEVICE_1357_A,IP_1357_A,465,1,0,0
TXN_002346,USER_0141,MERCHANT_107,1366.21,2026-08-07 18:28:04.362924,DEVICE_0141_A,IP_0141_A,877,0,1,0
TXN_000518,USER_0607,MERCHANT_013,288.23,2026-08-07 18:59:04.362924,DEVICE_0607_A,IP_0607_A,1003,2,1,0
TXN_000614,USER_0725,MERCHANT_053,257.96,2026-08-07 19:09:04.362924,DEVICE_0725_A,IP_0725_A,1138,0,1,0
TXN_003434,USER_0190,MERCHANT_066,557.52,2026-08-07 19:13:04.362924,DEVICE_0190_A,IP_0190_A,707,0,0,0
TXN_001253,USER_0022,MERCHANT_001,340.46,2026-08-07 19:23:04.362924,DEVICE_RING_A_02,IP_RING_A_01,26,3,5,1
TXN_005634,USER_0020,MERCHANT_002,3369.43,2026-08-07 19:34:04.362924,DEVICE_RING_A_01,IP_RING_A_02,5,4,1,1
TXN_001098,USER_0349,MERCHANT_020,134.06,2026-08-07 19:38:04.362924,DEVICE_0349_A,IP_0349_A,68,1,0,0
TXN_004626,USER_1175,MERCHANT_003,1545.45,2026-08-07 20:19:04.362924,DEVICE_1175_A,IP_1175_A,1197,0,0,0
TXN_004375,USER_0461,MERCHANT_002,1264.92,2026-08-07 20:20:04.362924,DEVICE_0461_A,IP_0461_A,225,0,0,0
TXN_003389,USER_0575,MERCHANT_091,1145.0,2026-08-07 20:27:04.362924,DEVICE_0575_A,IP_0575_A,491,0,0,0
TXN_004338,USER_0807,MERCHANT_005,875.13,2026-08-07 20:52:04.362924,DEVICE_0807_A,IP_0807_A,1412,0,1,0
TXN_002267,USER_0115,MERCHANT_012,422.19,2026-08-07 21:00:04.362924,DEVICE_RING_D_02,IP_RING_D_01,14,2,5,1
TXN_005971,USER_0928,MERCHANT_111,1247.27,2026-08-07 21:28:04.362924,DEVICE_0928_A,IP_0928_A,106,0,1,0
TXN_001011,USER_0198,MERCHANT_047,1611.59,2026-08-07 21:31:04.362924,DEVICE_0198_A,IP_0198_A,1498,0,2,0
TXN_000356,USER_0108,MERCHANT_012,917.38,2026-08-07 21:35:04.362924,DEVICE_RING_D_01,IP_RING_D_02,69,6,1,1
TXN_000602,USER_1305,MERCHANT_045,300.46,2026-08-07 21:49:04.362924,DEVICE_1305_A,IP_1305_A,292,0,0,0
TXN_004100,USER_1016,MERCHANT_053,633.42,2026-08-07 22:20:04.362924,DEVICE_1016_A,IP_1016_A,447,1,0,0
TXN_000190,USER_1139,MERCHANT_095,192.63,2026-08-07 22:22:04.362924,DEVICE_1139_A,IP_1139_A,1093,0,0,0
TXN_001025,USER_1285,MERCHANT_016,2192.04,2026-08-07 22:41:04.362924,DEVICE_1285_A,IP_1285_A,604,0,1,0
TXN_003480,USER_0372,MERCHANT_110,1697.13,2026-08-07 22:47:04.362924,DEVICE_0372_A,IP_0372_A,964,0,1,0
TXN_003923,USER_0635,MERCHANT_034,462.71,2026-08-07 23:09:04.362924,DEVICE_0635_A,IP_0635_A,344,2,0,0
TXN_000604,USER_0629,MERCHANT_071,1658.48,2026-08-07 23:21:04.362924,DEVICE_0629_A,IP_0629_A,844,2,2,0
TXN_004938,USER_1364,MERCHANT_088,1509.33,2026-08-07 23:31:04.362924,DEVICE_1364_A,IP_1364_A,115,1,0,0
TXN_000267,USER_0604,MERCHANT_016,2041.09,2026-08-07 23:54:04.362924,DEVICE_0604_A,IP_0604_A,1397,0,0,0
TXN_005477,USER_1473,MERCHANT_133,522.93,2026-08-08 00:20:04.362924,DEVICE_1473_A,IP_1473_A,1450,1,0,0
TXN_003469,USER_1468,MERCHANT_102,426.67,2026-08-08 00:44:04.362924,DEVICE_1468_A,IP_1468_A,1136,1,0,0
TXN_000488,USER_0259,MERCHANT_090,266.61,2026-08-08 00:47:04.362924,DEVICE_0259_A,IP_0259_A,555,1,0,0
TXN_001370,USER_0592,MERCHANT_120,309.0,2026-08-08 00:53:04.362924,DEVICE_0592_A,IP_0592_A,1307,0,0,0
TXN_003387,USER_1027,MERCHANT_059,325.31,2026-08-08 00:54:04.362924,DEVICE_1027_A,IP_1027_A,1462,0,1,0
TXN_004572,USER_1105,MERCHANT_130,479.4,2026-08-08 01:03:04.362924,DEVICE_1105_A,IP_1105_A,828,0,0,0
TXN_004528,USER_0235,MERCHANT_146,1064.04,2026-08-08 01:19:04.362924,DEVICE_0235_A,IP_0235_A,1460,1,0,0
TXN_005437,USER_0552,MERCHANT_015,574.87,2026-08-08 01:20:04.362924,DEVICE_0552_A,IP_0552_A,936,0,0,0
TXN_000653,USER_1317,MERCHANT_040,490.42,2026-08-08 01:24:04.362924,DEVICE_1317_A,IP_1317_A,1188,0,1,0
TXN_000443,USER_0140,MERCHANT_086,127.27,2026-08-08 01:25:04.362924,DEVICE_0140_A,IP_0140_A,32,1,0,0
TXN_005186,USER_0116,MERCHANT_011,353.89,2026-08-08 01:35:04.362924,DEVICE_RING_D_02,IP_RING_D_01,32,8,5,1
TXN_003151,USER_1465,MERCHANT_122,1128.24,2026-08-08 02:29:04.362924,DEVICE_1465_A,IP_1465_A,666,0,0,0
TXN_000926,USER_1331,MERCHANT_111,191.43,2026-08-08 02:43:04.362924,DEVICE_1331_A,IP_1331_A,921,0,0,0
TXN_005267,USER_0039,MERCHANT_006,7451.37,2026-08-08 02:46:04.362924,DEVICE_RING_B_02,IP_RING_B_01,10,3,4,1
TXN_003858,USER_0182,MERCHANT_068,934.9,2026-08-08 02:46:04.362924,DEVICE_0182_A,IP_0182_A,1088,1,0,0
TXN_000927,USER_0604,MERCHANT_045,394.55,2026-08-08 02:53:04.362924,DEVICE_0604_A,IP_0604_A,1387,0,0,0
TXN_001084,USER_0012,MERCHANT_001,19946.2,2026-08-08 03:08:04.362924,DEVICE_RING_A_01,IP_RING_A_02,75,2,2,1
TXN_002783,USER_0380,MERCHANT_014,243.36,2026-08-08 03:43:04.362924,DEVICE_0380_A,IP_0380_A,500,1,0,0
TXN_002951,USER_0576,MERCHANT_088,1482.41,2026-08-08 03:54:04.362924,DEVICE_0576_A,IP_0576_A,1114,0,0,0
TXN_004921,USER_0904,MERCHANT_098,2089.6,2026-08-08 04:17:04.362924,DEVICE_0904_A,IP_0904_A,1443,0,0,0
TXN_001367,USER_1078,MERCHANT_085,587.84,2026-08-08 04:18:04.362924,DEVICE_1078_A,IP_1078_A,1214,0,0,0
TXN_002518,USER_0748,MERCHANT_062,113.57,2026-08-08 04:38:04.362924,DEVICE_0748_A,IP_0748_A,861,0,0,0
TXN_002601,USER_1253,MERCHANT_013,146.87,2026-08-08 05:28:04.362924,DEVICE_1253_A,IP_1253_A,542,0,1,0
TXN_002846,USER_0723,MERCHANT_034,263.47,2026-08-08 05:41:04.362924,DEVICE_0723_A,IP_0723_A,1094,0,1,0
TXN_002039,USER_0639,MERCHANT_071,588.6,2026-08-08 05:52:04.362924,DEVICE_0639_A,IP_0639_A,1310,0,0,0
TXN_004774,USER_0472,MERCHANT_030,608.79,2026-08-08 06:06:04.362924,DEVICE_0472_A,IP_0472_A,826,0,2,0
TXN_002714,USER_0649,MERCHANT_098,210.07,2026-08-08 06:45:04.362924,DEVICE_0649_A,IP_0649_A,343,0,1,0
TXN_002965,USER_1332,MERCHANT_135,1501.53,2026-08-08 07:08:04.362924,DEVICE_1332_A,IP_1332_A,998,0,0,0
TXN_000867,USER_1240,MERCHANT_035,743.47,2026-08-08 07:13:04.362924,DEVICE_1240_A,IP_1240_A,835,0,0,0
TXN_000520,USER_0322,MERCHANT_059,1054.13,2026-08-08 07:22:04.362924,DEVICE_0322_A,IP_0322_A,305,0,0,0
TXN_001487,USER_0976,MERCHANT_135,207.09,2026-08-08 07:39:04.362924,DEVICE_0976_A,IP_0976_A,883,0,0,0
TXN_000504,USER_1487,MERCHANT_025,915.21,2026-08-08 07:59:04.362924,DEVICE_1487_A,IP_1487_A,205,0,1,0
TXN_000092,USER_1227,MERCHANT_108,1240.68,2026-08-08 08:01:04.362924,DEVICE_1227_A,IP_1227_A,1232,1,0,0
TXN_004329,USER_1218,MERCHANT_123,2146.31,2026-08-08 08:31:04.362924,DEVICE_1218_A,IP_1218_A,528,0,0,0
TXN_004995,USER_1287,MERCHANT_026,366.46,2026-08-08 09:04:04.362924,DEVICE_1287_A,IP_1287_A,1273,0,0,0
TXN_000497,USER_0082,MERCHANT_007,886.07,2026-08-08 09:34:04.362924,DEVICE_RING_C_02,IP_RING_C_02,13,2,4,1
TXN_004407,USER_0274,MERCHANT_055,550.33,2026-08-08 09:35:04.362924,DEVICE_0274_A,IP_0274_A,923,0,0,0
TXN_000321,USER_0583,MERCHANT_077,645.28,2026-08-08 09:40:04.362924,DEVICE_0583_A,IP_0583_A,1430,1,0,0
TXN_004010,USER_0421,MERCHANT_020,964.8,2026-08-08 09:58:04.362924,DEVICE_0421_A,IP_0421_A,984,1,0,0
TXN_002649,USER_1231,MERCHANT_130,607.07,2026-08-08 09:59:04.362924,DEVICE_1231_A,IP_1231_A,773,0,0,0
TXN_001883,USER_0348,MERCHANT_150,237.74,2026-08-08 10:17:04.362924,DEVICE_0348_A,IP_0348_A,994,2,2,0
TXN_000473,USER_0855,MERCHANT_008,192.58,2026-08-08 10:31:04.362924,DEVICE_0855_A,IP_0855_A,1470,1,1,0
TXN_000687,USER_1206,MERCHANT_110,501.04,2026-08-08 10:33:04.362924,DEVICE_1206_A,IP_1206_A,499,2,0,0
TXN_001855,USER_0340,MERCHANT_119,1270.75,2026-08-08 10:34:04.362924,DEVICE_0340_A,IP_0340_A,883,1,0,0
TXN_003357,USER_0137,MERCHANT_147,636.42,2026-08-08 10:46:04.362924,DEVICE_0137_A,IP_0137_A,710,2,1,0
TXN_001577,USER_0376,MERCHANT_104,178.68,2026-08-08 11:04:04.362924,DEVICE_0376_A,IP_0376_A,58,0,1,0
TXN_002446,USER_0519,MERCHANT_033,731.1,2026-08-08 12:03:04.362924,DEVICE_0519_A,IP_0519_A,689,1,0,0
TXN_004328,USER_1203,MERCHANT_096,1178.89,2026-08-08 12:08:04.362924,DEVICE_1203_A,IP_1203_A,1058,0,0,0
TXN_005557,USER_0150,MERCHANT_126,634.99,2026-08-08 12:29:04.362924,DEVICE_0150_A,IP_0150_A,1145,1,0,0
TXN_002540,USER_1001,MERCHANT_006,625.24,2026-08-08 13:20:04.362924,DEVICE_1001_A,IP_1001_A,1480,0,0,0
TXN_004183,USER_1289,MERCHANT_125,318.03,2026-08-08 13:29:04.362924,DEVICE_1289_A,IP_1289_A,1206,1,0,0
TXN_002281,USER_1421,MERCHANT_068,164.44,2026-08-08 13:45:04.362924,DEVICE_1421_A,IP_1421_A,358,0,0,0
TXN_004137,USER_0955,MERCHANT_098,575.36,2026-08-08 14:25:04.362924,DEVICE_0955_A,IP_0955_A,54,0,1,0
TXN_005369,USER_0420,MERCHANT_148,415.83,2026-08-08 14:27:04.362924,DEVICE_0420_A,IP_0420_A,370,0,2,0
TXN_003449,USER_1270,MERCHANT_044,448.61,2026-08-08 14:51:04.362924,DEVICE_1270_A,IP_1270_A,329,0,0,0
TXN_000039,USER_0945,MERCHANT_070,221.58,2026-08-08 15:07:04.362924,DEVICE_0945_A,IP_0945_A,1054,0,0,0
TXN_004239,USER_0126,MERCHANT_099,1784.49,2026-08-08 15:15:04.362924,DEVICE_0126_A,IP_0126_A,855,0,0,0
TXN_003264,USER_0754,MERCHANT_008,1445.91,2026-08-08 15:21:04.362924,DEVICE_0754_A,IP_0754_A,1394,2,0,0
TXN_002659,USER_0852,MERCHANT_147,682.53,2026-08-08 15:40:04.362924,DEVICE_0852_A,IP_0852_A,209,0,1,0
TXN_005028,USER_1344,MERCHANT_046,431.27,2026-08-08 17:17:04.362924,DEVICE_1344_A,IP_1344_A,1113,0,0,0
TXN_000958,USER_0604,MERCHANT_125,845.13,2026-08-08 17:23:04.362924,DEVICE_0604_A,IP_0604_A,400,1,1,0
TXN_002314,USER_0914,MERCHANT_105,871.52,2026-08-08 17:44:04.362924,DEVICE_0914_A,IP_0914_A,810,0,0,0
TXN_005526,USER_1182,MERCHANT_096,379.25,2026-08-08 18:11:04.362924,DEVICE_1182_A,IP_1182_A,1449,1,2,0
TXN_001185,USER_0466,MERCHANT_013,285.63,2026-08-08 18:27:04.362924,DEVICE_0466_A,IP_0466_A,851,0,0,0
TXN_002063,USER_0335,MERCHANT_092,804.14,2026-08-08 18:31:04.362924,DEVICE_0335_A,IP_0335_A,46,0,0,0
TXN_004186,USER_1476,MERCHANT_054,785.67,2026-08-08 20:30:04.362924,DEVICE_1476_A,IP_1476_A,322,1,0,0
TXN_003617,USER_1290,MERCHANT_118,286.45,2026-08-08 20:47:04.362924,DEVICE_1290_A,IP_1290_A,438,0,1,0
TXN_005354,USER_0080,MERCHANT_009,7992.87,2026-08-08 21:07:04.362924,DEVICE_RING_C_01,IP_RING_C_02,22,8,4,1
TXN_004384,USER_0905,MERCHANT_075,696.01,2026-08-08 21:12:04.362924,DEVICE_0905_A,IP_0905_A,1191,0,0,0
TXN_000035,USER_1050,MERCHANT_019,1111.91,2026-08-08 22:13:04.362924,DEVICE_1050_A,IP_1050_A,1437,0,0,0
TXN_004841,USER_1220,MERCHANT_043,327.72,2026-08-08 22:16:04.362924,DEVICE_1220_A,IP_1220_A,708,1,0,0
TXN_004552,USER_0539,MERCHANT_124,1126.02,2026-08-08 22:52:04.362924,DEVICE_0539_A,IP_0539_A,1467,0,0,0
TXN_003311,USER_0313,MERCHANT_098,247.28,2026-08-09 00:23:04.362924,DEVICE_0313_A,IP_0313_A,1168,0,0,0
TXN_002415,USER_0405,MERCHANT_052,1287.14,2026-08-09 00:46:04.362924,DEVICE_0405_A,IP_0405_A,196,0,0,0
TXN_004035,USER_0241,MERCHANT_064,326.98,2026-08-09 00:54:04.362924,DEVICE_0241_A,IP_0241_A,1279,0,0,0
TXN_000495,USER_0184,MERCHANT_111,1880.46,2026-08-09 01:32:04.362924,DEVICE_0184_A,IP_0184_A,1368,0,1,0
TXN_004435,USER_0357,MERCHANT_064,396.28,2026-08-09 01:36:04.362924,DEVICE_0357_A,IP_0357_A,740,0,1,0
TXN_002958,USER_0804,MERCHANT_149,502.46,2026-08-09 01:56:04.362924,DEVICE_0804_A,IP_0804_A,513,0,0,0
TXN_003918,USER_0337,MERCHANT_017,905.21,2026-08-09 02:57:04.362924,DEVICE_0337_A,IP_0337_A,754,0,1,0
TXN_001900,USER_0852,MERCHANT_057,480.74,2026-08-09 03:11:04.362924,DEVICE_0852_A,IP_0852_A,938,1,1,0
TXN_000900,USER_0765,MERCHANT_009,325.13,2026-08-09 03:12:04.362924,DEVICE_0765_A,IP_0765_A,586,0,0,0
TXN_000053,USER_0680,MERCHANT_107,361.13,2026-08-09 03:31:04.362924,DEVICE_0680_A,IP_0680_A,1018,2,0,0
TXN_001903,USER_1394,MERCHANT_125,1446.31,2026-08-09 03:43:04.362924,DEVICE_1394_A,IP_1394_A,602,0,1,0
TXN_005578,USER_1317,MERCHANT_121,693.65,2026-08-09 04:11:04.362924,DEVICE_1317_A,IP_1317_A,477,0,0,0
TXN_001806,USER_0084,MERCHANT_007,512.81,2026-08-09 04:29:04.362924,DEVICE_RING_C_01,IP_RING_C_01,65,7,5,1
TXN_000373,USER_0730,MERCHANT_022,1781.64,2026-08-09 04:47:04.362924,DEVICE_0730_A,IP_0730_A,1406,0,0,0
TXN_003868,USER_0481,MERCHANT_045,2073.81,2026-08-09 05:10:04.362924,DEVICE_0481_A,IP_0481_A,1347,0,0,0
TXN_002077,USER_0618,MERCHANT_025,952.18,2026-08-09 05:18:04.362924,DEVICE_0618_A,IP_0618_A,823,0,0,0
TXN_001478,USER_0178,MERCHANT_038,821.87,2026-08-09 06:02:04.362924,DEVICE_0178_A,IP_0178_A,565,0,1,0
TXN_000315,USER_0430,MERCHANT_003,1597.25,2026-08-09 07:22:04.362924,DEVICE_0430_A,IP_0430_A,477,0,0,0
TXN_001303,USER_0171,MERCHANT_147,526.21,2026-08-09 07:27:04.362924,DEVICE_0171_A,IP_0171_A,1320,1,0,0
TXN_004704,USER_0536,MERCHANT_077,925.57,2026-08-09 07:32:04.362924,DEVICE_0536_A,IP_0536_A,539,0,0,0
TXN_002861,USER_0253,MERCHANT_075,402.83,2026-08-09 08:11:04.362924,DEVICE_0253_A,IP_0253_A,615,0,1,0
TXN_002093,USER_1329,MERCHANT_067,956.79,2026-08-09 08:13:04.362924,DEVICE_1329_A,IP_1329_A,434,0,0,0
TXN_002985,USER_1233,MERCHANT_028,173.43,2026-08-09 08:14:04.362924,DEVICE_1233_A,IP_1233_A,303,0,0,0
TXN_000149,USER_1017,MERCHANT_113,887.48,2026-08-09 08:21:04.362924,DEVICE_1017_A,IP_1017_A,1103,0,0,0
TXN_001057,USER_1485,MERCHANT_040,588.61,2026-08-09 09:25:04.362924,DEVICE_1485_A,IP_1485_A,360,0,0,0
TXN_000352,USER_0550,MERCHANT_113,1814.29,2026-08-09 09:59:04.362924,DEVICE_0550_A,IP_0550_A,626,1,0,0
TXN_005121,USER_0177,MERCHANT_097,213.04,2026-08-09 09:59:04.362924,DEVICE_0177_A,IP_0177_A,1189,2,0,0
TXN_000237,USER_1273,MERCHANT_077,131.38,2026-08-09 10:47:04.362924,DEVICE_1273_A,IP_1273_A,1002,1,0,0
TXN_002828,USER_0371,MERCHANT_102,572.74,2026-08-09 11:06:04.362924,DEVICE_0371_A,IP_0371_A,484,1,1,0
TXN_005334,USER_1269,MERCHANT_104,1468.38,2026-08-09 11:07:04.362924,DEVICE_1269_A,IP_1269_A,1009,0,0,0
TXN_000487,USER_1493,MERCHANT_086,369.44,2026-08-09 11:17:04.362924,DEVICE_1493_A,IP_1493_A,944,0,0,0
TXN_003153,USER_0003,MERCHANT_003,136.6,2026-08-09 11:40:04.362924,DEVICE_RING_A_02,IP_RING_A_02,67,7,4,1
TXN_000213,USER_0582,MERCHANT_089,1227.13,2026-08-09 12:05:04.362924,DEVICE_0582_A,IP_0582_A,1092,1,1,0
TXN_000134,USER_1432,MERCHANT_107,855.87,2026-08-09 12:27:04.362924,DEVICE_1432_A,IP_1432_A,622,0,0,0
TXN_005658,USER_1122,MERCHANT_051,580.37,2026-08-09 14:30:04.362924,DEVICE_1122_A,IP_1122_A,841,1,1,0
TXN_005899,USER_0388,MERCHANT_030,617.13,2026-08-09 14:45:04.362924,DEVICE_0388_A,IP_0388_A,780,0,0,0
TXN_004633,USER_0716,MERCHANT_032,801.69,2026-08-09 14:49:04.362924,DEVICE_0716_A,IP_0716_A,932,0,1,0
TXN_002735,USER_0203,MERCHANT_060,2663.05,2026-08-09 15:53:04.362924,DEVICE_0203_A,IP_0203_A,541,1,0,0
TXN_002032,USER_0413,MERCHANT_112,289.1,2026-08-09 16:29:04.362924,DEVICE_0413_A,IP_0413_A,1177,0,0,0
TXN_003246,USER_0791,MERCHANT_076,1070.49,2026-08-09 16:33:04.362924,DEVICE_0791_A,IP_0791_A,494,1,0,0
TXN_001619,USER_0638,MERCHANT_144,435.79,2026-08-09 17:03:04.362924,DEVICE_0638_A,IP_0638_A,741,1,0,0
TXN_000445,USER_0694,MERCHANT_024,225.56,2026-08-09 17:09:04.362924,DEVICE_0694_A,IP_0694_A,119,2,1,0
TXN_005588,USER_0050,MERCHANT_005,161.56,2026-08-09 17:12:04.362924,DEVICE_RING_B_01,IP_RING_B_01,70,6,3,1
TXN_002717,USER_0311,MERCHANT_036,959.16,2026-08-09 17:29:04.362924,DEVICE_0311_A,IP_0311_A,1105,0,1,0
TXN_000928,USER_1296,MERCHANT_125,796.19,2026-08-09 17:43:04.362924,DEVICE_1296_A,IP_1296_A,264,0,0,0
TXN_005233,USER_0179,MERCHANT_137,271.76,2026-08-09 17:44:04.362924,DEVICE_0179_A,IP_0179_A,484,0,0,0
TXN_004840,USER_0662,MERCHANT_046,367.48,2026-08-09 17:46:04.362924,DEVICE_0662_A,IP_0662_A,1178,0,0,0
TXN_005038,USER_1283,MERCHANT_106,358.49,2026-08-09 18:30:04.362924,DEVICE_1283_A,IP_1283_A,934,1,1,0
TXN_000430,USER_1301,MERCHANT_020,160.43,2026-08-09 18:37:04.362924,DEVICE_1301_A,IP_1301_A,1046,0,0,0
TXN_002785,USER_0397,MERCHANT_014,416.35,2026-08-09 18:54:04.362924,DEVICE_0397_A,IP_0397_A,1090,0,1,0
TXN_001387,USER_0886,MERCHANT_135,1592.78,2026-08-09 18:59:04.362924,DEVICE_0886_A,IP_0886_A,1452,0,2,0
TXN_003495,USER_0642,MERCHANT_130,880.56,2026-08-09 19:15:04.362924,DEVICE_0642_A,IP_0642_A,331,2,0,0
TXN_005023,USER_0564,MERCHANT_128,521.91,2026-08-09 19:49:04.362924,DEVICE_0564_A,IP_0564_A,610,0,0,0
TXN_002042,USER_0053,MERCHANT_004,1660.32,2026-08-09 20:47:04.362924,DEVICE_RING_B_01,IP_RING_B_01,54,8,1,1
TXN_002613,USER_0629,MERCHANT_042,515.85,2026-08-09 21:02:04.362924,DEVICE_0629_A,IP_0629_A,1340,0,0,0
TXN_002307,USER_1345,MERCHANT_126,945.74,2026-08-09 21:26:04.362924,DEVICE_1345_A,IP_1345_A,912,1,1,0
TXN_000906,USER_1190,MERCHANT_030,621.26,2026-08-09 21:35:04.362924,DEVICE_1190_A,IP_1190_A,38,0,0,0
TXN_001546,USER_1455,MERCHANT_032,852.79,2026-08-09 21:44:04.362924,DEVICE_1455_A,IP_1455_A,454,2,1,0
TXN_002466,USER_0033,MERCHANT_005,6071.35,2026-08-09 21:58:04.362924,DEVICE_RING_B_02,IP_RING_B_02,11,5,3,1
TXN_000250,USER_0282,MERCHANT_089,812.95,2026-08-09 22:35:04.362924,DEVICE_0282_A,IP_0282_A,935,0,0,0
TXN_000923,USER_0340,MERCHANT_084,662.92,2026-08-09 22:53:04.362924,DEVICE_0340_A,IP_0340_A,1168,0,0,0
TXN_000508,USER_0192,MERCHANT_129,313.86,2026-08-09 22:57:04.362924,DEVICE_0192_A,IP_0192_A,1199,1,1,0
TXN_001559,USER_0079,MERCHANT_007,11122.6,2026-08-09 23:15:04.362924,DEVICE_RING_C_01,IP_RING_C_02,41,8,4,1
TXN_003698,USER_1382,MERCHANT_080,770.0,2026-08-09 23:34:04.362924,DEVICE_1382_A,IP_1382_A,232,2,1,0
TXN_002862,USER_1048,MERCHANT_066,862.5,2026-08-09 23:42:04.362924,DEVICE_1048_A,IP_1048_A,1223,1,0,0
TXN_003174,USER_1422,MERCHANT_050,1073.79,2026-08-09 23:56:04.362924,DEVICE_1422_A,IP_1422_A,97,0,2,0
TXN_002207,USER_1302,MERCHANT_040,1826.24,2026-08-10 00:15:04.362924,DEVICE_1302_A,IP_1302_A,416,1,0,0
TXN_000982,USER_0651,MERCHANT_027,825.53,2026-08-10 01:20:04.362924,DEVICE_0651_A,IP_0651_A,101,0,0,0
TXN_004484,USER_0696,MERCHANT_127,908.66,2026-08-10 01:39:04.362924,DEVICE_0696_A,IP_0696_A,161,0,0,0
TXN_004105,USER_0361,MERCHANT_024,572.46,2026-08-10 01:52:04.362924,DEVICE_0361_A,IP_0361_A,1137,1,1,0
TXN_002149,USER_0445,MERCHANT_146,555.29,2026-08-10 02:18:04.362924,DEVICE_0445_A,IP_0445_A,1328,0,0,0
TXN_004237,USER_1396,MERCHANT_072,1760.31,2026-08-10 03:36:04.362924,DEVICE_1396_A,IP_1396_A,369,0,1,0
TXN_003287,USER_0052,MERCHANT_005,1797.09,2026-08-10 04:05:04.362924,DEVICE_RING_B_01,IP_RING_B_02,75,7,3,1
TXN_004041,USER_1288,MERCHANT_116,699.59,2026-08-10 04:30:04.362924,DEVICE_1288_A,IP_1288_A,1050,0,0,0
TXN_005491,USER_0108,MERCHANT_010,1657.43,2026-08-10 05:21:04.362924,DEVICE_RING_D_01,IP_RING_D_01,89,8,4,1
TXN_004733,USER_0325,MERCHANT_013,273.78,2026-08-10 05:26:04.362924,DEVICE_0325_A,IP_0325_A,1000,1,0,0
TXN_001620,USER_0361,MERCHANT_112,1419.79,2026-08-10 05:33:04.362924,DEVICE_0361_A,IP_0361_A,168,0,0,0
TXN_003362,USER_1326,MERCHANT_031,169.26,2026-08-10 05:43:04.362924,DEVICE_1326_A,IP_1326_A,574,0,0,0
TXN_004529,USER_0929,MERCHANT_125,576.57,2026-08-10 06:31:04.362924,DEVICE_0929_A,IP_0929_A,849,1,0,0
TXN_000794,USER_0266,MERCHANT_004,230.3,2026-08-10 06:41:04.362924,DEVICE_0266_A,IP_0266_A,457,0,1,0
TXN_003157,USER_0957,MERCHANT_068,237.19,2026-08-10 07:38:04.362924,DEVICE_0957_A,IP_0957_A,366,0,0,0
TXN_000221,USER_0084,MERCHANT_007,25000.0,2026-08-10 07:49:04.362924,DEVICE_RING_C_02,IP_RING_C_02,48,6,5,1
TXN_004134,USER_1243,MERCHANT_100,1557.52,2026-08-10 07:49:04.362924,DEVICE_1243_A,IP_1243_A,742,0,0,0
TXN_001692,USER_0595,MERCHANT_056,420.21,2026-08-10 08:02:04.362924,DEVICE_0595_A,IP_0595_A,1425,0,0,0
TXN_001187,USER_1197,MERCHANT_112,287.17,2026-08-10 08:18:04.362924,DEVICE_1197_A,IP_1197_A,959,1,0,0
TXN_003351,USER_0667,MERCHANT_095,406.42,2026-08-10 08:42:04.362924,DEVICE_0667_A,IP_0667_A,986,1,0,0
TXN_003046,USER_0295,MERCHANT_111,128.96,2026-08-10 08:51:04.362924,DEVICE_0295_A,IP_0295_A,902,1,0,0
TXN_002306,USER_0686,MERCHANT_146,6181.82,2026-08-10 08:55:04.362924,DEVICE_0686_A,IP_0686_A,546,2,0,0
TXN_000208,USER_1101,MERCHANT_135,882.07,2026-08-10 08:55:04.362924,DEVICE_1101_A,IP_1101_A,871,1,1,0
TXN_005866,USER_0017,MERCHANT_002,1372.27,2026-08-10 09:11:04.362924,DEVICE_RING_A_02,IP_RING_A_02,3,4,5,1
TXN_002408,USER_0656,MERCHANT_142,1117.92,2026-08-10 09:28:04.362924,DEVICE_0656_A,IP_0656_A,425,0,0,0
TXN_002916,USER_1424,MERCHANT_110,2400.39,2026-08-10 09:36:04.362924,DEVICE_1424_A,IP_1424_A,854,0,2,0
TXN_005310,USER_0911,MERCHANT_029,287.98,2026-08-10 09:57:04.362924,DEVICE_0911_A,IP_0911_A,1286,0,1,0
TXN_005241,USER_0187,MERCHANT_035,555.81,2026-08-10 10:52:04.362924,DEVICE_0187_A,IP_0187_A,745,0,2,0
TXN_005777,USER_0501,MERCHANT_044,842.17,2026-08-10 10:59:04.362924,DEVICE_0501_A,IP_0501_A,448,0,0,0
TXN_002485,USER_0791,MERCHANT_118,397.33,2026-08-10 11:19:04.362924,DEVICE_0791_A,IP_0791_A,830,0,0,0
TXN_000309,USER_0976,MERCHANT_076,904.38,2026-08-10 11:25:04.362924,DEVICE_0976_A,IP_0976_A,342,0,0,0
TXN_000859,USER_0761,MERCHANT_101,396.53,2026-08-10 11:50:04.362924,DEVICE_0761_A,IP_0761_A,1282,2,0,0
TXN_003724,USER_1262,MERCHANT_007,157.14,2026-08-10 11:50:04.362924,DEVICE_1262_A,IP_1262_A,1416,0,1,0
TXN_004500,USER_0703,MERCHANT_132,245.01,2026-08-10 12:24:04.362924,DEVICE_0703_A,IP_0703_A,782,0,1,0
TXN_005041,USER_0588,MERCHANT_094,872.4,2026-08-10 13:23:04.362924,DEVICE_0588_A,IP_0588_A,1317,0,0,0
TXN_002820,USER_0876,MERCHANT_088,141.34,2026-08-10 13:51:04.362924,DEVICE_0876_A,IP_0876_A,1143,0,0,0
TXN_000240,USER_1390,MERCHANT_098,1137.12,2026-08-10 13:58:04.362924,DEVICE_1390_A,IP_1390_A,332,1,0,0
TXN_001464,USER_0038,MERCHANT_006,1067.98,2026-08-10 15:03:04.362924,DEVICE_RING_B_02,IP_RING_B_01,32,4,3,1
TXN_004688,USER_0462,MERCHANT_109,294.24,2026-08-10 15:34:04.362924,DEVICE_0462_A,IP_0462_A,557,1,0,0
TXN_004569,USER_0137,MERCHANT_117,1782.94,2026-08-10 15:53:04.362924,DEVICE_0137_A,IP_0137_A,488,0,0,0
TXN_001950,USER_0003,MERCHANT_002,2374.76,2026-08-10 16:09:04.362924,DEVICE_RING_A_02,IP_RING_A_02,81,5,4,1
TXN_001986,USER_0164,MERCHANT_098,881.6,2026-08-10 16:15:04.362924,DEVICE_0164_A,IP_0164_A,214,1,0,0
TXN_004079,USER_0266,MERCHANT_051,448.39,2026-08-10 16:16:04.362924,DEVICE_0266_A,IP_0266_A,1086,0,0,0
TXN_004605,USER_0198,MERCHANT_014,264.5,2026-08-10 16:36:04.362924,DEVICE_0198_A,IP_0198_A,1107,1,0,0
TXN_001158,USER_1116,MERCHANT_006,3249.5,2026-08-10 16:48:04.362924,DEVICE_1116_A,IP_1116_A,143,1,0,0
TXN_001954,USER_1325,MERCHANT_072,367.46,2026-08-10 16:55:04.362924,DEVICE_1325_A,IP_1325_A,228,0,0,0
TXN_001536,USER_0948,MERCHANT_063,181.44,2026-08-10 16:58:04.362924,DEVICE_0948_A,IP_0948_A,99,0,0,0
TXN_000866,USER_1146,MERCHANT_029,448.61,2026-08-10 17:10:04.362924,DEVICE_1146_A,IP_1146_A,398,1,1,0
TXN_002006,USER_0032,MERCHANT_005,3094.37,2026-08-10 18:01:04.362924,DEVICE_RING_B_02,IP_RING_B_02,40,7,3,1
TXN_001778,USER_0737,MERCHANT_071,583.56,2026-08-10 18:30:04.362924,DEVICE_0737_A,IP_0737_A,679,1,0,0
TXN_001402,USER_0046,MERCHANT_006,4275.68,2026-08-10 18:41:04.362924,DEVICE_RING_B_01,IP_RING_B_02,60,4,1,1
TXN_002067,USER_0080,MERCHANT_009,218.16,2026-08-10 18:45:04.362924,DEVICE_RING_C_02,IP_RING_C_02,52,4,1,1
TXN_003771,USER_0037,MERCHANT_004,6808.12,2026-08-10 18:50:04.362924,DEVICE_RING_B_01,IP_RING_B_02,45,2,2,1
TXN_004580,USER_0894,MERCHANT_135,1119.51,2026-08-10 18:53:04.362924,DEVICE_0894_A,IP_0894_A,510,0,0,0
TXN_005767,USER_1381,MERCHANT_023,959.83,2026-08-10 20:28:04.362924,DEVICE_1381_A,IP_1381_A,31,0,0,0
TXN_000681,USER_0822,MERCHANT_117,1030.9,2026-08-10 20:32:04.362924,DEVICE_0822_A,IP_0822_A,1251,0,0,0
TXN_002533,USER_0220,MERCHANT_065,910.11,2026-08-10 20:51:04.362924,DEVICE_0220_A,IP_0220_A,1229,0,0,0
TXN_005358,USER_0103,MERCHANT_010,1011.41,2026-08-10 21:10:04.362924,DEVICE_RING_D_01,IP_RING_D_01,25,4,5,1
TXN_000287,USER_0352,MERCHANT_009,535.44,2026-08-10 22:22:04.362924,DEVICE_0352_A,IP_0352_A,1382,0,0,0
TXN_004307,USER_1017,MERCHANT_109,374.06,2026-08-10 22:45:04.362924,DEVICE_1017_A,IP_1017_A,1164,0,0,0
TXN_000972,USER_0701,MERCHANT_065,360.01,2026-08-10 22:52:04.362924,DEVICE_0701_A,IP_0701_A,425,0,0,0
TXN_001456,USER_1345,MERCHANT_114,160.19,2026-08-10 22:59:04.362924,DEVICE_1345_A,IP_1345_A,703,0,0,0
TXN_001512,USER_1128,MERCHANT_024,518.89,2026-08-10 23:13:04.362924,DEVICE_1128_A,IP_1128_A,1446,0,0,0
TXN_005869,USER_0344,MERCHANT_071,367.54,2026-08-10 23:29:04.362924,DEVICE_0344_A,IP_0344_A,1460,0,0,0
TXN_002773,USER_0539,MERCHANT_094,525.5,2026-08-10 23:56:04.362924,DEVICE_0539_A,IP_0539_A,1314,1,0,0
TXN_000806,USER_0191,MERCHANT_073,475.83,2026-08-11 01:11:04.362924,DEVICE_0191_A,IP_0191_A,1250,0,0,0
TXN_001190,USER_0508,MERCHANT_108,290.23,2026-08-11 02:03:04.362924,DEVICE_0508_A,IP_0508_A,399,0,0,0
TXN_005528,USER_0779,MERCHANT_057,605.9,2026-08-11 02:27:04.362924,DEVICE_0779_A,IP_0779_A,369,0,0,0
TXN_004487,USER_0565,MERCHANT_035,822.59,2026-08-11 02:35:04.362924,DEVICE_0565_A,IP_0565_A,509,0,0,0
TXN_000658,USER_0275,MERCHANT_005,589.24,2026-08-11 03:37:04.362924,DEVICE_0275_A,IP_0275_A,1068,0,1,0
TXN_003977,USER_0093,MERCHANT_011,4147.61,2026-08-11 04:18:04.362924,DEVICE_RING_D_02,IP_RING_D_02,33,5,4,1
TXN_001757,USER_0380,MERCHANT_069,541.23,2026-08-11 04:18:04.362924,DEVICE_0380_A,IP_0380_A,590,0,2,0
TXN_000560,USER_1186,MERCHANT_135,437.55,2026-08-11 04:30:04.362924,DEVICE_1186_A,IP_1186_A,721,0,0,0
TXN_005469,USER_0018,MERCHANT_003,1803.3,2026-08-11 05:07:04.362924,DEVICE_RING_A_01,IP_RING_A_01,30,6,1,1
TXN_002313,USER_0365,MERCHANT_085,713.0,2026-08-11 06:19:04.362924,DEVICE_0365_A,IP_0365_A,212,0,0,0
TXN_002634,USER_1280,MERCHANT_130,757.79,2026-08-11 06:19:04.362924,DEVICE_1280_A,IP_1280_A,167,2,0,0
TXN_005391,USER_1464,MERCHANT_025,355.09,2026-08-11 06:46:04.362924,DEVICE_1464_A,IP_1464_A,1033,0,0,0
TXN_004090,USER_0011,MERCHANT_002,1697.11,2026-08-11 06:52:04.362924,DEVICE_RING_A_02,IP_RING_A_02,80,5,3,1
TXN_003160,USER_0911,MERCHANT_137,758.86,2026-08-11 08:08:04.362924,DEVICE_0911_A,IP_0911_A,128,0,0,0
TXN_002994,USER_0330,MERCHANT_101,511.72,2026-08-11 08:16:04.362924,DEVICE_0330_A,IP_0330_A,138,0,0,0
TXN_003031,USER_0559,MERCHANT_010,92.82,2026-08-11 08:32:04.362924,DEVICE_0559_A,IP_0559_A,631,0,0,0
TXN_005367,USER_0449,MERCHANT_053,1667.95,2026-08-11 09:51:04.362924,DEVICE_0449_A,IP_0449_A,455,0,0,0
TXN_005142,USER_1464,MERCHANT_001,897.17,2026-08-11 10:36:04.362924,DEVICE_1464_A,IP_1464_A,198,1,0,0
TXN_004370,USER_1223,MERCHANT_038,709.37,2026-08-11 10:50:04.362924,DEVICE_1223_A,IP_1223_A,636,0,0,0
TXN_000408,USER_0330,MERCHANT_027,539.23,2026-08-11 10:54:04.362924,DEVICE_0330_A,IP_0330_A,671,0,0,0
TXN_000262,USER_1060,MERCHANT_066,573.8,2026-08-11 11:41:04.362924,DEVICE_1060_A,IP_1060_A,411,0,0,0
TXN_003640,USER_1224,MERCHANT_019,845.8,2026-08-11 11:42:04.362924,DEVICE_1224_A,IP_1224_A,311,0,0,0
TXN_004711,USER_1152,MERCHANT_126,380.19,2026-08-11 11:45:04.362924,DEVICE_1152_A,IP_1152_A,498,1,0,0
TXN_004323,USER_0012,MERCHANT_003,8470.37,2026-08-11 11:53:04.362924,DEVICE_RING_A_02,IP_RING_A_02,26,3,3,1
TXN_004198,USER_0530,MERCHANT_066,185.43,2026-08-11 12:03:04.362924,DEVICE_0530_A,IP_0530_A,1208,0,0,0
TXN_005711,USER_0739,MERCHANT_126,640.46,2026-08-11 12:25:04.362924,DEVICE_0739_A,IP_0739_A,465,2,1,0
TXN_003026,USER_0431,MERCHANT_030,448.33,2026-08-11 13:04:04.362924,DEVICE_0431_A,IP_0431_A,454,0,1,0
TXN_003564,USER_0429,MERCHANT_101,1469.79,2026-08-11 13:21:04.362924,DEVICE_0429_A,IP_0429_A,801,0,2,0
TXN_002099,USER_0195,MERCHANT_137,187.09,2026-08-11 13:24:04.362924,DEVICE_0195_A,IP_0195_A,841,0,0,0
TXN_005501,USER_1027,MERCHANT_098,1016.67,2026-08-11 13:37:04.362924,DEVICE_1027_A,IP_1027_A,957,0,0,0
TXN_000481,USER_0116,MERCHANT_010,2199.81,2026-08-11 14:22:04.362924,DEVICE_RING_D_02,IP_RING_D_02,72,7,5,1
TXN_000904,USER_1193,MERCHANT_080,1565.2,2026-08-11 14:34:04.362924,DEVICE_1193_A,IP_1193_A,700,0,1,0
TXN_002771,USER_0488,MERCHANT_051,514.16,2026-08-11 14:34:04.362924,DEVICE_0488_A,IP_0488_A,458,0,0,0
TXN_001995,USER_0971,MERCHANT_006,780.95,2026-08-11 15:00:04.362924,DEVICE_0971_A,IP_0971_A,60,1,0,0
TXN_003537,USER_1115,MERCHANT_131,998.39,2026-08-11 15:13:04.362924,DEVICE_1115_A,IP_1115_A,1193,1,0,0
TXN_002999,USER_0995,MERCHANT_084,770.9,2026-08-11 15:22:04.362924,DEVICE_0995_A,IP_0995_A,1376,1,0,0
TXN_004349,USER_1345,MERCHANT_066,296.38,2026-08-11 15:39:04.362924,DEVICE_1345_A,IP_1345_A,717,1,0,0
TXN_001423,USER_1005,MERCHANT_118,456.33,2026-08-11 16:19:04.362924,DEVICE_1005_A,IP_1005_A,817,1,0,0
TXN_004796,USER_0601,MERCHANT_112,232.51,2026-08-11 16:55:04.362924,DEVICE_0601_A,IP_0601_A,670,0,0,0
TXN_003232,USER_0222,MERCHANT_017,131.31,2026-08-11 18:40:04.362924,DEVICE_0222_A,IP_0222_A,1324,0,1,0
TXN_003345,USER_1130,MERCHANT_026,291.02,2026-08-11 20:03:04.362924,DEVICE_1130_A,IP_1130_A,1305,2,0,0
TXN_004932,USER_0039,MERCHANT_004,279.44,2026-08-11 20:12:04.362924,DEVICE_RING_B_01,IP_RING_B_02,19,6,3,1
TXN_004315,USER_1437,MERCHANT_098,441.4,2026-08-11 20:18:04.362924,DEVICE_1437_A,IP_1437_A,1284,0,0,0
TXN_000294,USER_0479,MERCHANT_110,1134.71,2026-08-11 20:37:04.362924,DEVICE_0479_A,IP_0479_A,1168,0,2,0
TXN_003502,USER_0345,MERCHANT_127,374.82,2026-08-11 20:38:04.362924,DEVICE_0345_A,IP_0345_A,238,0,0,0
TXN_002386,USER_1407,MERCHANT_010,339.7,2026-08-11 20:51:04.362924,DEVICE_1407_A,IP_1407_A,1414,0,0,0
TXN_003185,USER_0911,MERCHANT_146,334.21,2026-08-11 20:54:04.362924,DEVICE_0911_A,IP_0911_A,1216,0,0,0
TXN_003159,USER_1101,MERCHANT_088,1625.24,2026-08-11 21:04:04.362924,DEVICE_1101_A,IP_1101_A,496,0,0,0
TXN_002930,USER_1369,MERCHANT_132,1256.41,2026-08-11 21:05:04.362924,DEVICE_1369_A,IP_1369_A,1163,0,0,0
TXN_003773,USER_1000,MERCHANT_112,333.76,2026-08-11 21:06:04.362924,DEVICE_1000_A,IP_1000_A,695,0,1,0
TXN_001645,USER_0814,MERCHANT_022,270.46,2026-08-11 22:38:04.362924,DEVICE_0814_A,IP_0814_A,444,0,0,0
TXN_002239,USER_0191,MERCHANT_099,442.15,2026-08-11 23:14:04.362924,DEVICE_0191_A,IP_0191_A,1324,0,0,0
TXN_005408,USER_0843,MERCHANT_145,1421.73,2026-08-11 23:20:04.362924,DEVICE_0843_A,IP_0843_A,863,0,0,0
TXN_000741,USER_1036,MERCHANT_021,150.85,2026-08-11 23:29:04.362924,DEVICE_1036_A,IP_1036_A,810,0,0,0
TXN_003057,USER_0965,MERCHANT_142,395.55,2026-08-11 23:50:04.362924,DEVICE_0965_A,IP_0965_A,500,0,0,0
TXN_001203,USER_1127,MERCHANT_039,657.64,2026-08-12 00:14:04.362924,DEVICE_1127_A,IP_1127_A,1168,1,0,0
TXN_000471,USER_0235,MERCHANT_057,488.16,2026-08-12 00:39:04.362924,DEVICE_0235_A,IP_0235_A,1209,1,0,0
TXN_001044,USER_1309,MERCHANT_054,582.92,2026-08-12 01:21:04.362924,DEVICE_1309_A,IP_1309_A,491,0,1,0
TXN_001584,USER_1413,MERCHANT_146,628.41,2026-08-12 02:46:04.362924,DEVICE_1413_A,IP_1413_A,836,0,0,0
TXN_000444,USER_0064,MERCHANT_008,2286.84,2026-08-12 02:53:04.362924,DEVICE_RING_C_01,IP_RING_C_01,63,2,2,1
TXN_003885,USER_1359,MERCHANT_058,571.85,2026-08-12 03:04:04.362924,DEVICE_1359_A,IP_1359_A,290,0,0,0
TXN_003569,USER_0731,MERCHANT_035,709.94,2026-08-12 03:05:04.362924,DEVICE_0731_A,IP_0731_A,1216,1,0,0
TXN_005957,USER_0609,MERCHANT_071,547.07,2026-08-12 03:19:04.362924,DEVICE_0609_A,IP_0609_A,937,1,1,0
TXN_001241,USER_1032,MERCHANT_125,451.5,2026-08-12 04:25:04.362924,DEVICE_1032_A,IP_1032_A,995,0,0,0
TXN_000114,USER_0884,MERCHANT_034,3806.1,2026-08-12 04:27:04.362924,DEVICE_0884_A,IP_0884_A,1169,0,2,0
TXN_001579,USER_1475,MERCHANT_136,345.84,2026-08-12 04:51:04.362924,DEVICE_1475_A,IP_1475_A,1430,0,0,0
TXN_004271,USER_0047,MERCHANT_005,2190.55,2026-08-12 05:13:04.362924,DEVICE_RING_B_02,IP_RING_B_02,6,4,3,1
TXN_005197,USER_0056,MERCHANT_006,6998.75,2026-08-12 05:38:04.362924,DEVICE_RING_B_02,IP_RING_B_01,61,6,2,1
TXN_004415,USER_0759,MERCHANT_020,697.34,2026-08-12 06:12:04.362924,DEVICE_0759_A,IP_0759_A,34,0,0,0
TXN_002010,USER_0287,MERCHANT_027,1212.1,2026-08-12 06:23:04.362924,DEVICE_0287_A,IP_0287_A,901,0,0,0
TXN_005816,USER_1335,MERCHANT_057,1002.3,2026-08-12 06:25:04.362924,DEVICE_1335_A,IP_1335_A,1210,0,0,0
TXN_004923,USER_0373,MERCHANT_104,932.13,2026-08-12 07:12:04.362924,DEVICE_0373_A,IP_0373_A,1126,0,1,0
TXN_005791,USER_1041,MERCHANT_114,177.29,2026-08-12 07:24:04.362924,DEVICE_1041_A,IP_1041_A,215,0,1,0
TXN_003124,USER_1112,MERCHANT_017,458.71,2026-08-12 07:49:04.362924,DEVICE_1112_A,IP_1112_A,1086,0,0,0
TXN_002080,USER_1322,MERCHANT_007,428.07,2026-08-12 08:01:04.362924,DEVICE_1322_A,IP_1322_A,484,1,0,0
TXN_001230,USER_1475,MERCHANT_119,3148.94,2026-08-12 08:12:04.362924,DEVICE_1475_A,IP_1475_A,397,1,1,0
TXN_005470,USER_1342,MERCHANT_041,658.85,2026-08-12 08:28:04.362924,DEVICE_1342_A,IP_1342_A,1213,1,0,0
TXN_005480,USER_0076,MERCHANT_009,7502.78,2026-08-12 08:30:04.362924,DEVICE_RING_C_02,IP_RING_C_01,54,8,1,1
TXN_005433,USER_0231,MERCHANT_119,650.16,2026-08-12 08:46:04.362924,DEVICE_0231_A,IP_0231_A,1271,1,0,0
TXN_000522,USER_1113,MERCHANT_133,901.85,2026-08-12 09:09:04.362924,DEVICE_1113_A,IP_1113_A,795,1,0,0
TXN_000308,USER_0419,MERCHANT_005,385.0,2026-08-12 09:49:04.362924,DEVICE_0419_A,IP_0419_A,564,0,0,0
TXN_003972,USER_0669,MERCHANT_045,262.49,2026-08-12 11:16:04.362924,DEVICE_0669_A,IP_0669_A,217,0,0,0
TXN_005512,USER_0082,MERCHANT_008,5180.02,2026-08-12 11:26:04.362924,DEVICE_RING_C_01,IP_RING_C_01,11,5,3,1
TXN_003746,USER_0114,MERCHANT_010,2085.04,2026-08-12 11:48:04.362924,DEVICE_RING_D_01,IP_RING_D_02,70,8,3,1
TXN_002793,USER_1425,MERCHANT_150,440.18,2026-08-12 11:53:04.362924,DEVICE_1425_A,IP_1425_A,196,0,0,0
TXN_003170,USER_0461,MERCHANT_126,439.2,2026-08-12 12:01:04.362924,DEVICE_0461_A,IP_0461_A,377,0,1,0
TXN_003628,USER_0896,MERCHANT_042,1064.17,2026-08-12 12:07:04.362924,DEVICE_0896_A,IP_0896_A,1243,1,0,0
TXN_003030,USER_1204,MERCHANT_113,615.7,2026-08-12 12:43:04.362924,DEVICE_1204_A,IP_1204_A,539,0,0,0
TXN_003043,USER_0440,MERCHANT_007,386.46,2026-08-12 12:52:04.362924,DEVICE_0440_A,IP_0440_A,318,2,1,0
TXN_005862,USER_0920,MERCHANT_009,1507.11,2026-08-12 13:08:04.362924,DEVICE_0920_A,IP_0920_A,31,0,0,0
TXN_001514,USER_0902,MERCHANT_144,147.97,2026-08-12 13:34:04.362924,DEVICE_0902_A,IP_0902_A,924,1,0,0
TXN_003713,USER_1164,MERCHANT_121,740.77,2026-08-12 14:10:04.362924,DEVICE_1164_A,IP_1164_A,184,0,0,0
TXN_003616,USER_0726,MERCHANT_029,1040.97,2026-08-12 14:24:04.362924,DEVICE_0726_A,IP_0726_A,974,0,0,0
TXN_003778,USER_1402,MERCHANT_053,238.79,2026-08-12 14:46:04.362924,DEVICE_1402_A,IP_1402_A,663,0,0,0
TXN_001164,USER_0604,MERCHANT_109,174.67,2026-08-12 15:44:04.362924,DEVICE_0604_A,IP_0604_A,476,0,0,0
TXN_003801,USER_1202,MERCHANT_109,211.77,2026-08-12 15:46:04.362924,DEVICE_1202_A,IP_1202_A,38,1,0,0
TXN_003700,USER_0919,MERCHANT_066,507.7,2026-08-12 16:43:04.362924,DEVICE_0919_A,IP_0919_A,1206,0,0,0
TXN_004815,USER_0505,MERCHANT_070,755.54,2026-08-12 17:18:04.362924,DEVICE_0505_A,IP_0505_A,869,0,1,0
TXN_005115,USER_1030,MERCHANT_018,542.56,2026-08-12 18:56:04.362924,DEVICE_1030_A,IP_1030_A,1402,1,0,0
TXN_002895,USER_1128,MERCHANT_122,878.43,2026-08-12 19:53:04.362924,DEVICE_1128_A,IP_1128_A,817,2,2,0
TXN_001578,USER_0135,MERCHANT_109,1437.25,2026-08-12 20:00:04.362924,DEVICE_0135_A,IP_0135_A,1468,0,0,0
TXN_002383,USER_1274,MERCHANT_040,776.48,2026-08-12 20:08:04.362924,DEVICE_1274_A,IP_1274_A,1343,0,0,0
TXN_002865,USER_0093,MERCHANT_012,3761.8,2026-08-12 20:14:04.362924,DEVICE_RING_D_02,IP_RING_D_01,47,6,4,1
TXN_004055,USER_0509,MERCHANT_022,279.26,2026-08-12 20:16:04.362924,DEVICE_0509_A,IP_0509_A,346,2,0,0
TXN_003654,USER_0369,MERCHANT_032,323.01,2026-08-12 20:28:04.362924,DEVICE_0369_A,IP_0369_A,1208,0,0,0
TXN_005896,USER_0056,MERCHANT_005,6841.59,2026-08-12 20:52:04.362924,DEVICE_RING_B_02,IP_RING_B_01,39,6,5,1
TXN_003980,USER_1368,MERCHANT_147,273.06,2026-08-12 21:23:04.362924,DEVICE_1368_A,IP_1368_A,98,2,0,0
TXN_000066,USER_0306,MERCHANT_112,1659.23,2026-08-12 21:52:04.362924,DEVICE_0306_A,IP_0306_A,231,1,0,0
TXN_002105,USER_0647,MERCHANT_021,245.89,2026-08-12 21:52:04.362924,DEVICE_0647_A,IP_0647_A,917,2,0,0
TXN_004854,USER_0621,MERCHANT_060,670.88,2026-08-12 22:50:04.362924,DEVICE_0621_A,IP_0621_A,244,0,0,0
TXN_005419,USER_0625,MERCHANT_147,391.19,2026-08-12 23:54:04.362924,DEVICE_0625_A,IP_0625_A,1267,1,0,0
TXN_002706,USER_0258,MERCHANT_059,1313.89,2026-08-12 23:59:04.362924,DEVICE_0258_A,IP_0258_A,1375,2,0,0
TXN_003320,USER_0345,MERCHANT_017,3418.51,2026-08-13 00:04:04.362924,DEVICE_0345_A,IP_0345_A,893,2,2,0
TXN_004397,USER_0269,MERCHANT_011,305.34,2026-08-13 00:32:04.362924,DEVICE_0269_A,IP_0269_A,534,0,0,0
TXN_002118,USER_1205,MERCHANT_095,284.62,2026-08-13 00:35:04.362924,DEVICE_1205_A,IP_1205_A,652,0,0,0
TXN_005422,USER_1228,MERCHANT_133,245.7,2026-08-13 00:55:04.362924,DEVICE_1228_A,IP_1228_A,1415,0,1,0
TXN_002557,USER_0381,MERCHANT_123,83.11,2026-08-13 01:53:04.362924,DEVICE_0381_A,IP_0381_A,1289,2,0,0
TXN_000716,USER_0821,MERCHANT_020,1372.52,2026-08-13 02:17:04.362924,DEVICE_0821_A,IP_0821_A,1165,2,0,0
TXN_003533,USER_0757,MERCHANT_031,555.22,2026-08-13 02:36:04.362924,DEVICE_0757_A,IP_0757_A,1250,0,0,0
TXN_000529,USER_0306,MERCHANT_073,729.03,2026-08-13 02:39:04.362924,DEVICE_0306_A,IP_0306_A,86,0,0,0
TXN_003653,USER_0025,MERCHANT_001,3900.34,2026-08-13 02:45:04.362924,DEVICE_RING_A_02,IP_RING_A_01,87,5,1,1
TXN_003074,USER_1462,MERCHANT_068,2040.24,2026-08-13 02:47:04.362924,DEVICE_1462_A,IP_1462_A,1229,0,0,0
TXN_002622,USER_0407,MERCHANT_078,1084.33,2026-08-13 03:14:04.362924,DEVICE_0407_A,IP_0407_A,841,0,0,0
TXN_004986,USER_0543,MERCHANT_102,2046.28,2026-08-13 03:35:04.362924,DEVICE_0543_A,IP_0543_A,1456,1,0,0
TXN_000952,USER_0743,MERCHANT_145,781.31,2026-08-13 03:40:04.362924,DEVICE_0743_A,IP_0743_A,563,0,0,0
TXN_002939,USER_0199,MERCHANT_137,175.44,2026-08-13 04:25:04.362924,DEVICE_0199_A,IP_0199_A,681,0,0,0
TXN_005015,USER_1313,MERCHANT_089,635.48,2026-08-13 04:39:04.362924,DEVICE_1313_A,IP_1313_A,1025,1,0,0
TXN_001869,USER_0270,MERCHANT_114,264.73,2026-08-13 04:47:04.362924,DEVICE_0270_A,IP_0270_A,796,0,1,0
TXN_003552,USER_0945,MERCHANT_046,185.13,2026-08-13 05:01:04.362924,DEVICE_0945_A,IP_0945_A,844,0,0,0
TXN_000613,USER_0450,MERCHANT_074,740.19,2026-08-13 05:20:04.362924,DEVICE_0450_A,IP_0450_A,1429,0,1,0
TXN_002915,USER_1041,MERCHANT_006,1003.31,2026-08-13 05:31:04.362924,DEVICE_1041_A,IP_1041_A,1039,1,0,0
TXN_000116,USER_0987,MERCHANT_014,752.27,2026-08-13 05:33:04.362924,DEVICE_0987_A,IP_0987_A,619,0,0,0
TXN_003312,USER_0816,MERCHANT_061,840.53,2026-08-13 05:50:04.362924,DEVICE_0816_A,IP_0816_A,1010,0,1,0
TXN_001642,USER_0145,MERCHANT_026,1730.38,2026-08-13 05:54:04.362924,DEVICE_0145_A,IP_0145_A,803,0,0,0
TXN_003642,USER_1310,MERCHANT_136,523.22,2026-08-13 06:16:04.362924,DEVICE_1310_A,IP_1310_A,642,1,0,0
TXN_002467,USER_0263,MERCHANT_127,338.48,2026-08-13 06:47:04.362924,DEVICE_0263_A,IP_0263_A,850,0,0,0
TXN_003636,USER_1493,MERCHANT_118,732.93,2026-08-13 07:17:04.362924,DEVICE_1493_A,IP_1493_A,1223,0,0,0
TXN_001675,USER_0476,MERCHANT_129,2015.18,2026-08-13 07:24:04.362924,DEVICE_0476_A,IP_0476_A,358,0,1,0
TXN_001386,USER_1163,MERCHANT_096,751.0,2026-08-13 07:24:04.362924,DEVICE_1163_A,IP_1163_A,1051,0,0,0
TXN_005819,USER_1264,MERCHANT_094,235.0,2026-08-13 07:35:04.362924,DEVICE_1264_A,IP_1264_A,65,0,1,0
TXN_005693,USER_0774,MERCHANT_150,769.44,2026-08-13 07:41:04.362924,DEVICE_0774_A,IP_0774_A,407,0,0,0
TXN_004477,USER_0188,MERCHANT_056,424.56,2026-08-13 08:15:04.362924,DEVICE_0188_A,IP_0188_A,278,1,0,0
TXN_002555,USER_1005,MERCHANT_011,312.85,2026-08-13 10:06:04.362924,DEVICE_1005_A,IP_1005_A,686,1,0,0
TXN_001315,USER_1154,MERCHANT_099,604.68,2026-08-13 10:09:04.362924,DEVICE_1154_A,IP_1154_A,265,0,0,0
TXN_004274,USER_0433,MERCHANT_059,266.97,2026-08-13 10:29:04.362924,DEVICE_0433_A,IP_0433_A,1357,1,1,0
TXN_005650,USER_0952,MERCHANT_087,1213.07,2026-08-13 10:41:04.362924,DEVICE_0952_A,IP_0952_A,1124,1,0,0
TXN_003446,USER_1365,MERCHANT_063,254.98,2026-08-13 11:26:04.362924,DEVICE_1365_A,IP_1365_A,1475,2,0,0
TXN_002769,USER_1047,MERCHANT_143,407.32,2026-08-13 12:12:04.362924,DEVICE_1047_A,IP_1047_A,1455,0,0,0
TXN_003638,USER_1185,MERCHANT_033,791.93,2026-08-13 14:10:04.362924,DEVICE_1185_A,IP_1185_A,1091,1,1,0
TXN_003682,USER_0839,MERCHANT_029,446.65,2026-08-13 14:32:04.362924,DEVICE_0839_A,IP_0839_A,1477,0,1,0
TXN_003847,USER_1456,MERCHANT_124,1359.78,2026-08-13 15:11:04.362924,DEVICE_1456_A,IP_1456_A,1118,2,0,0
TXN_004894,USER_0953,MERCHANT_106,546.71,2026-08-13 15:22:04.362924,DEVICE_0953_A,IP_0953_A,665,2,1,0
TXN_001961,USER_0466,MERCHANT_008,575.8,2026-08-13 15:33:04.362924,DEVICE_0466_A,IP_0466_A,1255,1,2,0
TXN_004506,USER_1217,MERCHANT_067,797.5,2026-08-13 15:46:04.362924,DEVICE_1217_A,IP_1217_A,241,0,0,0
TXN_003937,USER_0338,MERCHANT_137,1531.58,2026-08-13 15:48:04.362924,DEVICE_0338_A,IP_0338_A,405,0,0,0
TXN_002008,USER_1272,MERCHANT_126,325.09,2026-08-13 15:56:04.362924,DEVICE_1272_A,IP_1272_A,1147,0,2,0
TXN_003902,USER_0623,MERCHANT_050,544.24,2026-08-13 15:58:04.362924,DEVICE_0623_A,IP_0623_A,362,0,0,0
TXN_000404,USER_0600,MERCHANT_110,621.52,2026-08-13 16:21:04.362924,DEVICE_0600_A,IP_0600_A,1372,0,0,0
TXN_001427,USER_0336,MERCHANT_130,2804.79,2026-08-13 16:43:04.362924,DEVICE_0336_A,IP_0336_A,697,0,0,0
TXN_003183,USER_1492,MERCHANT_083,262.22,2026-08-13 17:16:04.362924,DEVICE_1492_A,IP_1492_A,523,0,0,0
TXN_004571,USER_0358,MERCHANT_031,383.61,2026-08-13 17:18:04.362924,DEVICE_0358_A,IP_0358_A,1056,0,0,0
TXN_001772,USER_1012,MERCHANT_082,2139.27,2026-08-13 18:28:04.362924,DEVICE_1012_A,IP_1012_A,685,0,0,0
TXN_002011,USER_0148,MERCHANT_042,179.69,2026-08-13 19:58:04.362924,DEVICE_0148_A,IP_0148_A,1094,1,0,0
TXN_002875,USER_0156,MERCHANT_073,586.19,2026-08-13 20:15:04.362924,DEVICE_0156_A,IP_0156_A,36,1,2,0
TXN_000271,USER_1221,MERCHANT_056,1768.5,2026-08-13 20:59:04.362924,DEVICE_1221_A,IP_1221_A,536,0,0,0
TXN_003519,USER_1482,MERCHANT_149,1566.45,2026-08-13 21:12:04.362924,DEVICE_1482_A,IP_1482_A,853,0,0,0
TXN_003728,USER_0084,MERCHANT_008,7286.78,2026-08-13 21:12:04.362924,DEVICE_RING_C_02,IP_RING_C_02,72,5,5,1
TXN_005762,USER_1312,MERCHANT_108,883.96,2026-08-13 21:27:04.362924,DEVICE_1312_A,IP_1312_A,737,1,0,0
TXN_004316,USER_0444,MERCHANT_047,1275.86,2026-08-13 22:15:04.362924,DEVICE_0444_A,IP_0444_A,1025,0,0,0
TXN_003886,USER_1131,MERCHANT_047,897.08,2026-08-13 22:39:04.362924,DEVICE_1131_A,IP_1131_A,1137,1,0,0
TXN_005934,USER_0273,MERCHANT_067,105.78,2026-08-13 22:43:04.362924,DEVICE_0273_A,IP_0273_A,1228,0,0,0
TXN_004170,USER_1006,MERCHANT_039,351.76,2026-08-13 23:12:04.362924,DEVICE_1006_A,IP_1006_A,292,0,0,0
TXN_005088,USER_1355,MERCHANT_117,876.29,2026-08-13 23:12:04.362924,DEVICE_1355_A,IP_1355_A,234,0,0,0
TXN_004282,USER_1142,MERCHANT_130,193.06,2026-08-13 23:14:04.362924,DEVICE_1142_A,IP_1142_A,1385,0,0,0
TXN_003844,USER_0878,MERCHANT_072,214.46,2026-08-13 23:14:04.362924,DEVICE_0878_A,IP_0878_A,895,1,0,0
TXN_000917,USER_0030,MERCHANT_001,4591.41,2026-08-13 23:17:04.362924,DEVICE_RING_A_02,IP_RING_A_01,90,5,1,1
TXN_002633,USER_1119,MERCHANT_111,695.69,2026-08-13 23:29:04.362924,DEVICE_1119_A,IP_1119_A,1082,0,0,0
TXN_004780,USER_0374,MERCHANT_040,55.39,2026-08-13 23:30:04.362924,DEVICE_0374_A,IP_0374_A,1016,1,2,0
TXN_004846,USER_0954,MERCHANT_144,893.51,2026-08-14 00:01:04.362924,DEVICE_0954_A,IP_0954_A,136,0,0,0
TXN_003289,USER_0442,MERCHANT_086,374.7,2026-08-14 00:04:04.362924,DEVICE_0442_A,IP_0442_A,701,0,0,0
TXN_004999,USER_1499,MERCHANT_063,1099.88,2026-08-14 01:19:04.362924,DEVICE_1499_A,IP_1499_A,1089,1,0,0
TXN_002404,USER_1465,MERCHANT_118,489.4,2026-08-14 02:15:04.362924,DEVICE_1465_A,IP_1465_A,1380,0,0,0
TXN_002238,USER_0390,MERCHANT_084,293.38,2026-08-14 02:32:04.362924,DEVICE_0390_A,IP_0390_A,894,0,0,0
TXN_001867,USER_0055,MERCHANT_004,7020.52,2026-08-14 02:34:04.362924,DEVICE_RING_B_01,IP_RING_B_01,50,8,4,1
TXN_000383,USER_1024,MERCHANT_140,122.0,2026-08-14 02:47:04.362924,DEVICE_1024_A,IP_1024_A,477,2,0,0
TXN_004958,USER_0347,MERCHANT_135,1328.75,2026-08-14 03:04:04.362924,DEVICE_0347_A,IP_0347_A,477,0,0,0
TXN_001123,USER_0277,MERCHANT_134,968.72,2026-08-14 03:09:04.362924,DEVICE_0277_A,IP_0277_A,1038,1,0,0
TXN_001793,USER_0083,MERCHANT_009,2130.08,2026-08-14 03:50:04.362924,DEVICE_RING_C_02,IP_RING_C_01,14,3,2,1
TXN_002262,USER_0791,MERCHANT_003,812.53,2026-08-14 04:03:04.362924,DEVICE_0791_A,IP_0791_A,1334,0,0,0
TXN_004334,USER_0117,MERCHANT_012,3051.75,2026-08-14 04:55:04.362924,DEVICE_RING_D_01,IP_RING_D_02,71,7,1,1
TXN_004560,USER_1163,MERCHANT_042,980.91,2026-08-14 05:08:04.362924,DEVICE_1163_A,IP_1163_A,608,0,0,0
TXN_003591,USER_1103,MERCHANT_005,1337.04,2026-08-14 05:20:04.362924,DEVICE_1103_A,IP_1103_A,1368,0,0,0
TXN_004720,USER_0933,MERCHANT_013,652.48,2026-08-14 05:28:04.362924,DEVICE_0933_A,IP_0933_A,516,0,0,0
TXN_005990,USER_1222,MERCHANT_078,446.5,2026-08-14 05:43:04.362924,DEVICE_1222_A,IP_1222_A,933,0,0,0
TXN_002833,USER_1155,MERCHANT_128,1937.39,2026-08-14 05:44:04.362924,DEVICE_1155_A,IP_1155_A,700,2,0,0
TXN_000664,USER_1119,MERCHANT_060,399.16,2026-08-14 05:59:04.362924,DEVICE_1119_A,IP_1119_A,158,0,0,0
TXN_003869,USER_0274,MERCHANT_119,666.37,2026-08-14 06:13:04.362924,DEVICE_0274_A,IP_0274_A,789,0,0,0
TXN_002126,USER_1423,MERCHANT_082,904.4,2026-08-14 06:36:04.362924,DEVICE_1423_A,IP_1423_A,1058,0,0,0
TXN_001263,USER_1157,MERCHANT_128,898.74,2026-08-14 07:04:04.362924,DEVICE_1157_A,IP_1157_A,233,0,0,0
TXN_001331,USER_0925,MERCHANT_138,1891.25,2026-08-14 08:09:04.362924,DEVICE_0925_A,IP_0925_A,196,1,0,0
TXN_000418,USER_1085,MERCHANT_019,654.38,2026-08-14 08:44:04.362924,DEVICE_1085_A,IP_1085_A,64,0,0,0
TXN_005172,USER_0584,MERCHANT_070,230.84,2026-08-14 09:06:04.362924,DEVICE_0584_A,IP_0584_A,1123,0,0,0
TXN_002129,USER_1071,MERCHANT_045,1026.04,2026-08-14 09:11:04.362924,DEVICE_1071_A,IP_1071_A,1429,1,0,0
TXN_001910,USER_0833,MERCHANT_007,667.9,2026-08-14 09:19:04.362924,DEVICE_0833_A,IP_0833_A,1276,1,0,0
TXN_000042,USER_0479,MERCHANT_121,682.29,2026-08-14 09:34:04.362924,DEVICE_0479_A,IP_0479_A,1092,0,1,0
TXN_001701,USER_1026,MERCHANT_036,780.47,2026-08-14 09:39:04.362924,DEVICE_1026_A,IP_1026_A,283,2,0,0
TXN_000423,USER_1451,MERCHANT_017,497.8,2026-08-14 09:49:04.362924,DEVICE_1451_A,IP_1451_A,665,0,0,0
TXN_005312,USER_0996,MERCHANT_040,1513.56,2026-08-14 10:05:04.362924,DEVICE_0996_A,IP_0996_A,589,0,0,0
TXN_003058,USER_0305,MERCHANT_126,699.4,2026-08-14 10:18:04.362924,DEVICE_0305_A,IP_0305_A,361,0,0,0
TXN_003834,USER_1247,MERCHANT_100,206.38,2026-08-14 10:45:04.362924,DEVICE_1247_A,IP_1247_A,1460,0,0,0
TXN_003169,USER_0543,MERCHANT_063,558.06,2026-08-14 11:51:04.362924,DEVICE_0543_A,IP_0543_A,1390,0,0,0
TXN_000030,USER_0110,MERCHANT_011,1867.49,2026-08-14 12:29:04.362924,DEVICE_RING_D_01,IP_RING_D_02,57,4,5,1
TXN_002919,USER_0125,MERCHANT_097,645.79,2026-08-14 12:41:04.362924,DEVICE_0125_A,IP_0125_A,1137,0,0,0
TXN_005284,USER_0433,MERCHANT_118,940.69,2026-08-14 12:45:04.362924,DEVICE_0433_A,IP_0433_A,701,0,0,0
TXN_001082,USER_0688,MERCHANT_127,461.73,2026-08-14 13:05:04.362924,DEVICE_0688_A,IP_0688_A,166,0,0,0
TXN_005524,USER_0619,MERCHANT_082,378.43,2026-08-14 13:22:04.362924,DEVICE_0619_A,IP_0619_A,327,2,0,0
TXN_004037,USER_0752,MERCHANT_011,884.16,2026-08-14 13:23:04.362924,DEVICE_0752_A,IP_0752_A,750,0,0,0
TXN_005443,USER_0404,MERCHANT_101,317.02,2026-08-14 13:39:04.362924,DEVICE_0404_A,IP_0404_A,675,0,0,0
TXN_003274,USER_0113,MERCHANT_011,5141.92,2026-08-14 13:40:04.362924,DEVICE_RING_D_01,IP_RING_D_01,77,6,1,1
TXN_000749,USER_0291,MERCHANT_027,379.29,2026-08-14 13:41:04.362924,DEVICE_0291_A,IP_0291_A,567,0,0,0
TXN_003841,USER_1273,MERCHANT_128,378.49,2026-08-14 13:52:04.362924,DEVICE_1273_A,IP_1273_A,1067,0,0,0
TXN_005317,USER_1107,MERCHANT_100,193.33,2026-08-14 13:55:04.362924,DEVICE_1107_A,IP_1107_A,931,2,0,0
TXN_004906,USER_0205,MERCHANT_015,1203.65,2026-08-14 14:38:04.362924,DEVICE_0205_A,IP_0205_A,431,2,0,0
TXN_001152,USER_0735,MERCHANT_112,119.33,2026-08-14 14:51:04.362924,DEVICE_0735_A,IP_0735_A,870,0,1,0
TXN_002072,USER_0410,MERCHANT_089,1516.3,2026-08-14 15:29:04.362924,DEVICE_0410_A,IP_0410_A,969,0,0,0
TXN_004268,USER_0470,MERCHANT_056,134.33,2026-08-14 15:45:04.362924,DEVICE_0470_A,IP_0470_A,235,0,0,0
TXN_000158,USER_1116,MERCHANT_050,856.03,2026-08-14 16:13:04.362924,DEVICE_1116_A,IP_1116_A,493,2,0,0
TXN_001583,USER_0010,MERCHANT_002,905.26,2026-08-14 16:47:04.362924,DEVICE_RING_A_02,IP_RING_A_02,34,3,1,1
TXN_003201,USER_1248,MERCHANT_036,689.39,2026-08-14 16:50:04.362924,DEVICE_1248_A,IP_1248_A,429,0,0,0
TXN_000990,USER_0714,MERCHANT_052,612.22,2026-08-14 16:59:04.362924,DEVICE_0714_A,IP_0714_A,391,0,2,0
TXN_002051,USER_0467,MERCHANT_003,1114.05,2026-08-14 17:27:04.362924,DEVICE_0467_A,IP_0467_A,475,0,0,0
TXN_004260,USER_0057,MERCHANT_004,1028.93,2026-08-14 18:06:04.362924,DEVICE_RING_B_01,IP_RING_B_02,52,5,5,1
TXN_002395,USER_0161,MERCHANT_093,563.6,2026-08-14 18:22:04.362924,DEVICE_0161_A,IP_0161_A,933,0,0,0
TXN_000079,USER_1471,MERCHANT_036,642.75,2026-08-14 19:05:04.362924,DEVICE_1471_A,IP_1471_A,1316,0,0,0
TXN_004916,USER_0761,MERCHANT_082,703.08,2026-08-14 20:22:04.362924,DEVICE_0761_A,IP_0761_A,965,0,1,0
TXN_005788,USER_1245,MERCHANT_015,2575.02,2026-08-14 20:30:04.362924,DEVICE_1245_A,IP_1245_A,1487,0,0,0
TXN_005459,USER_1224,MERCHANT_080,275.81,2026-08-14 20:36:04.362924,DEVICE_1224_A,IP_1224_A,473,0,0,0
TXN_004378,USER_0730,MERCHANT_114,2775.21,2026-08-14 20:43:04.362924,DEVICE_0730_A,IP_0730_A,842,0,0,0
TXN_001371,USER_0799,MERCHANT_097,527.01,2026-08-14 21:00:04.362924,DEVICE_0799_A,IP_0799_A,450,0,1,0
TXN_002244,USER_1174,MERCHANT_087,185.63,2026-08-14 21:22:04.362924,DEVICE_1174_A,IP_1174_A,720,2,0,0
TXN_000688,USER_0102,MERCHANT_010,1718.53,2026-08-14 21:43:04.362924,DEVICE_RING_D_01,IP_RING_D_02,33,5,2,1
TXN_002365,USER_1282,MERCHANT_031,374.27,2026-08-14 21:46:04.362924,DEVICE_1282_A,IP_1282_A,489,1,0,0
TXN_001914,USER_1183,MERCHANT_067,873.55,2026-08-14 22:27:04.362924,DEVICE_1183_A,IP_1183_A,362,2,0,0
TXN_001265,USER_0134,MERCHANT_063,681.26,2026-08-14 22:30:04.362924,DEVICE_0134_A,IP_0134_A,1000,0,0,0
TXN_004848,USER_0283,MERCHANT_037,403.36,2026-08-15 00:08:04.362924,DEVICE_0283_A,IP_0283_A,929,0,0,0
TXN_002570,USER_0067,MERCHANT_007,1977.18,2026-08-15 00:25:04.362924,DEVICE_RING_C_02,IP_RING_C_02,60,6,5,1
TXN_002451,USER_0686,MERCHANT_037,301.81,2026-08-15 00:30:04.362924,DEVICE_0686_A,IP_0686_A,775,1,0,0
TXN_002480,USER_0951,MERCHANT_053,1008.9,2026-08-15 00:39:04.362924,DEVICE_0951_A,IP_0951_A,408,0,0,0
TXN_000451,USER_1318,MERCHANT_028,572.45,2026-08-15 00:56:04.362924,DEVICE_1318_A,IP_1318_A,348,0,0,0
TXN_002698,USER_0674,MERCHANT_046,224.25,2026-08-15 01:21:04.362924,DEVICE_0674_A,IP_0674_A,262,1,0,0
TXN_001613,USER_0387,MERCHANT_085,1163.59,2026-08-15 01:38:04.362924,DEVICE_0387_A,IP_0387_A,768,1,0,0
TXN_003422,USER_0500,MERCHANT_034,566.24,2026-08-15 01:41:04.362924,DEVICE_0500_A,IP_0500_A,926,0,0,0
TXN_004727,USER_1247,MERCHANT_051,702.67,2026-08-15 02:41:04.362924,DEVICE_1247_A,IP_1247_A,1433,1,1,0
TXN_000247,USER_0712,MERCHANT_054,420.2,2026-08-15 03:11:04.362924,DEVICE_0712_A,IP_0712_A,1443,1,0,0
TXN_004072,USER_0715,MERCHANT_002,353.68,2026-08-15 03:20:04.362924,DEVICE_0715_A,IP_0715_A,664,0,1,0
TXN_003965,USER_0668,MERCHANT_020,380.22,2026-08-15 03:53:04.362924,DEVICE_0668_A,IP_0668_A,1046,0,0,0
TXN_000182,USER_1312,MERCHANT_086,315.47,2026-08-15 03:54:04.362924,DEVICE_1312_A,IP_1312_A,303,0,0,0
TXN_003765,USER_1267,MERCHANT_036,710.7,2026-08-15 04:05:04.362924,DEVICE_1267_A,IP_1267_A,1159,1,0,0
TXN_002808,USER_1399,MERCHANT_135,321.22,2026-08-15 05:47:04.362924,DEVICE_1399_A,IP_1399_A,408,0,0,0
TXN_004898,USER_0772,MERCHANT_137,259.02,2026-08-15 05:58:04.362924,DEVICE_0772_A,IP_0772_A,190,0,2,0
TXN_002782,USER_1217,MERCHANT_120,368.56,2026-08-15 06:12:04.362924,DEVICE_1217_A,IP_1217_A,216,1,0,0
TXN_004001,USER_0598,MERCHANT_119,313.97,2026-08-15 06:20:04.362924,DEVICE_0598_A,IP_0598_A,215,0,1,0
TXN_002607,USER_0328,MERCHANT_069,381.22,2026-08-15 06:49:04.362924,DEVICE_0328_A,IP_0328_A,396,0,0,0
TXN_005395,USER_0520,MERCHANT_032,208.23,2026-08-15 06:49:04.362924,DEVICE_0520_A,IP_0520_A,705,1,0,0
TXN_002955,USER_0709,MERCHANT_067,294.49,2026-08-15 07:11:04.362924,DEVICE_0709_A,IP_0709_A,489,0,0,0
TXN_002559,USER_0274,MERCHANT_111,767.24,2026-08-15 07:23:04.362924,DEVICE_0274_A,IP_0274_A,1258,0,0,0
TXN_004861,USER_0887,MERCHANT_070,419.93,2026-08-15 08:00:04.362924,DEVICE_0887_A,IP_0887_A,1431,0,0,0
TXN_003715,USER_0084,MERCHANT_008,6882.13,2026-08-15 08:12:04.362924,DEVICE_RING_C_02,IP_RING_C_01,15,6,2,1
TXN_005782,USER_1263,MERCHANT_147,359.09,2026-08-15 08:22:04.362924,DEVICE_1263_A,IP_1263_A,1316,0,0,0
TXN_000521,USER_0069,MERCHANT_007,470.9,2026-08-15 09:25:04.362924,DEVICE_RING_C_02,IP_RING_C_01,57,3,4,1
TXN_000395,USER_0311,MERCHANT_118,1453.18,2026-08-15 09:39:04.362924,DEVICE_0311_A,IP_0311_A,1330,0,0,0
TXN_002311,USER_0266,MERCHANT_017,471.74,2026-08-15 10:43:04.362924,DEVICE_0266_A,IP_0266_A,1114,0,0,0
TXN_004201,USER_0913,MERCHANT_050,720.3,2026-08-15 11:38:04.362924,DEVICE_0913_A,IP_0913_A,1419,0,2,0
TXN_002621,USER_1428,MERCHANT_038,1017.71,2026-08-15 11:42:04.362924,DEVICE_1428_A,IP_1428_A,951,1,0,0
TXN_005677,USER_0427,MERCHANT_057,686.53,2026-08-15 12:29:04.362924,DEVICE_0427_A,IP_0427_A,1100,0,0,0
TXN_004214,USER_0598,MERCHANT_082,148.77,2026-08-15 12:42:04.362924,DEVICE_0598_A,IP_0598_A,992,1,0,0
TXN_000769,USER_0924,MERCHANT_019,374.92,2026-08-15 12:58:04.362924,DEVICE_0924_A,IP_0924_A,1142,0,0,0
TXN_001351,USER_1349,MERCHANT_113,249.47,2026-08-15 13:11:04.362924,DEVICE_1349_A,IP_1349_A,225,0,0,0
TXN_005840,USER_0332,MERCHANT_143,385.09,2026-08-15 13:40:04.362924,DEVICE_0332_A,IP_0332_A,57,0,0,0
TXN_003988,USER_0287,MERCHANT_005,397.73,2026-08-15 13:57:04.362924,DEVICE_0287_A,IP_0287_A,1078,0,0,0
TXN_003489,USER_0329,MERCHANT_122,299.92,2026-08-15 14:08:04.362924,DEVICE_0329_A,IP_0329_A,1345,0,0,0
TXN_000124,USER_1283,MERCHANT_022,209.67,2026-08-15 15:33:04.362924,DEVICE_1283_A,IP_1283_A,137,0,0,0
TXN_004311,USER_0838,MERCHANT_017,620.3,2026-08-15 15:37:04.362924,DEVICE_0838_A,IP_0838_A,967,0,0,0
TXN_000005,USER_0040,MERCHANT_005,1978.1,2026-08-15 17:38:04.362924,DEVICE_RING_B_01,IP_RING_B_01,74,7,4,1
TXN_005571,USER_0813,MERCHANT_048,598.75,2026-08-15 17:39:04.362924,DEVICE_0813_A,IP_0813_A,995,0,0,0
TXN_005257,USER_0791,MERCHANT_104,440.35,2026-08-15 18:04:04.362924,DEVICE_0791_A,IP_0791_A,144,0,0,0
TXN_004426,USER_0331,MERCHANT_002,256.55,2026-08-15 18:09:04.362924,DEVICE_0331_A,IP_0331_A,37,2,2,0
TXN_000077,USER_0030,MERCHANT_001,2727.37,2026-08-15 18:46:04.362924,DEVICE_RING_A_02,IP_RING_A_02,78,8,3,1
TXN_000469,USER_0062,MERCHANT_009,1470.78,2026-08-15 19:16:04.362924,DEVICE_RING_C_02,IP_RING_C_02,30,3,1,1
TXN_001614,USER_1327,MERCHANT_136,565.98,2026-08-15 19:51:04.362924,DEVICE_1327_A,IP_1327_A,1268,0,0,0
TXN_002412,USER_0299,MERCHANT_020,1901.46,2026-08-15 20:00:04.362924,DEVICE_0299_A,IP_0299_A,49,1,0,0
TXN_000553,USER_0016,MERCHANT_002,8037.14,2026-08-15 20:09:04.362924,DEVICE_RING_A_02,IP_RING_A_01,82,2,1,1
TXN_003107,USER_1063,MERCHANT_149,227.48,2026-08-15 20:21:04.362924,DEVICE_1063_A,IP_1063_A,1378,0,0,0
TXN_004262,USER_0421,MERCHANT_143,483.88,2026-08-15 21:01:04.362924,DEVICE_0421_A,IP_0421_A,324,0,0,0
TXN_005103,USER_1316,MERCHANT_093,722.83,2026-08-15 21:16:04.362924,DEVICE_1316_A,IP_1316_A,1217,1,0,0
TXN_002209,USER_0381,MERCHANT_139,474.44,2026-08-15 21:17:04.362924,DEVICE_0381_A,IP_0381_A,743,2,0,0
TXN_001218,USER_0945,MERCHANT_073,739.65,2026-08-15 21:21:04.362924,DEVICE_0945_A,IP_0945_A,1355,1,0,0
TXN_000573,USER_1168,MERCHANT_020,766.72,2026-08-15 21:26:04.362924,DEVICE_1168_A,IP_1168_A,237,1,0,0
TXN_003120,USER_0165,MERCHANT_043,2076.6,2026-08-15 21:56:04.362924,DEVICE_0165_A,IP_0165_A,767,1,0,0
TXN_001795,USER_0940,MERCHANT_049,704.03,2026-08-15 22:30:04.362924,DEVICE_0940_A,IP_0940_A,170,0,0,0
TXN_005001,USER_0774,MERCHANT_150,436.64,2026-08-15 22:45:04.362924,DEVICE_0774_A,IP_0774_A,105,0,0,0
TXN_003935,USER_1426,MERCHANT_082,627.66,2026-08-15 22:46:04.362924,DEVICE_1426_A,IP_1426_A,794,0,0,0
TXN_001901,USER_1250,MERCHANT_075,1011.96,2026-08-15 22:55:04.362924,DEVICE_1250_A,IP_1250_A,1368,0,1,0
TXN_002864,USER_1466,MERCHANT_076,1000.19,2026-08-15 23:36:04.362924,DEVICE_1466_A,IP_1466_A,1161,0,0,0
TXN_003697,USER_0612,MERCHANT_142,390.77,2026-08-16 00:10:04.362924,DEVICE_0612_A,IP_0612_A,1347,0,0,0
TXN_005077,USER_0819,MERCHANT_044,618.87,2026-08-16 00:33:04.362924,DEVICE_0819_A,IP_0819_A,852,1,0,0
TXN_004737,USER_1317,MERCHANT_021,331.55,2026-08-16 00:49:04.362924,DEVICE_1317_A,IP_1317_A,1304,0,0,0
TXN_000196,USER_1018,MERCHANT_009,801.05,2026-08-16 01:20:04.362924,DEVICE_1018_A,IP_1018_A,288,0,0,0
TXN_000467,USER_1113,MERCHANT_089,951.04,2026-08-16 01:36:04.362924,DEVICE_1113_A,IP_1113_A,1188,0,0,0
TXN_002110,USER_0969,MERCHANT_034,943.24,2026-08-16 02:56:04.362924,DEVICE_0969_A,IP_0969_A,592,0,0,0
TXN_004360,USER_0877,MERCHANT_057,999.34,2026-08-16 04:29:04.362924,DEVICE_0877_A,IP_0877_A,540,0,0,0
TXN_004918,USER_1264,MERCHANT_048,452.69,2026-08-16 05:12:04.362924,DEVICE_1264_A,IP_1264_A,1253,0,0,0
TXN_005128,USER_0141,MERCHANT_066,593.61,2026-08-16 05:41:04.362924,DEVICE_0141_A,IP_0141_A,371,0,2,0
TXN_002926,USER_1240,MERCHANT_005,724.96,2026-08-16 05:47:04.362924,DEVICE_1240_A,IP_1240_A,354,0,1,0
TXN_004690,USER_1462,MERCHANT_114,417.69,2026-08-16 06:11:04.362924,DEVICE_1462_A,IP_1462_A,833,0,0,0
TXN_004577,USER_0995,MERCHANT_031,248.19,2026-08-16 06:33:04.362924,DEVICE_0995_A,IP_0995_A,1418,0,0,0
TXN_001993,USER_0894,MERCHANT_103,1463.54,2026-08-16 07:19:04.362924,DEVICE_0894_A,IP_0894_A,298,1,1,0
TXN_003385,USER_0625,MERCHANT_089,1375.2,2026-08-16 07:24:04.362924,DEVICE_0625_A,IP_0625_A,291,1,2,0
TXN_004451,USER_0079,MERCHANT_009,1523.98,2026-08-16 07:44:04.362924,DEVICE_RING_C_02,IP_RING_C_01,36,3,5,1
TXN_003931,USER_0856,MERCHANT_135,992.85,2026-08-16 08:03:04.362924,DEVICE_0856_A,IP_0856_A,1116,0,0,0
TXN_000340,USER_0785,MERCHANT_099,393.13,2026-08-16 08:09:04.362924,DEVICE_0785_A,IP_0785_A,55,0,0,0
TXN_003408,USER_0708,MERCHANT_103,659.55,2026-08-16 08:23:04.362924,DEVICE_0708_A,IP_0708_A,499,0,0,0
TXN_001258,USER_0848,MERCHANT_012,821.55,2026-08-16 09:08:04.362924,DEVICE_0848_A,IP_0848_A,1170,0,0,0
TXN_001862,USER_1469,MERCHANT_078,1102.17,2026-08-16 09:18:04.362924,DEVICE_1469_A,IP_1469_A,836,0,1,0
TXN_000555,USER_0301,MERCHANT_034,772.89,2026-08-16 09:51:04.362924,DEVICE_0301_A,IP_0301_A,1288,0,0,0
TXN_003791,USER_0473,MERCHANT_005,931.27,2026-08-16 10:49:04.362924,DEVICE_0473_A,IP_0473_A,848,0,0,0
TXN_003307,USER_0375,MERCHANT_134,894.2,2026-08-16 10:52:04.362924,DEVICE_0375_A,IP_0375_A,1203,1,0,0
TXN_002177,USER_0472,MERCHANT_041,179.68,2026-08-16 11:09:04.362924,DEVICE_0472_A,IP_0472_A,1279,0,0,0
TXN_004063,USER_1487,MERCHANT_035,294.05,2026-08-16 11:22:04.362924,DEVICE_1487_A,IP_1487_A,637,1,0,0
TXN_000625,USER_1155,MERCHANT_041,1981.92,2026-08-16 12:08:04.362924,DEVICE_1155_A,IP_1155_A,881,0,0,0
TXN_004443,USER_1166,MERCHANT_025,907.64,2026-08-16 12:58:04.362924,DEVICE_1166_A,IP_1166_A,1373,0,0,0
TXN_004713,USER_0780,MERCHANT_114,815.79,2026-08-16 13:25:04.362924,DEVICE_0780_A,IP_0780_A,476,0,0,0
TXN_005514,USER_0871,MERCHANT_024,728.51,2026-08-16 13:33:04.362924,DEVICE_0871_A,IP_0871_A,414,0,1,0
TXN_002609,USER_0138,MERCHANT_084,1175.83,2026-08-16 13:33:04.362924,DEVICE_0138_A,IP_0138_A,381,1,0,0
TXN_001457,USER_0202,MERCHANT_134,1055.68,2026-08-16 13:41:04.362924,DEVICE_0202_A,IP_0202_A,879,0,0,0
TXN_000482,USER_0851,MERCHANT_058,293.03,2026-08-16 13:44:04.362924,DEVICE_0851_A,IP_0851_A,1393,0,0,0
TXN_000272,USER_0288,MERCHANT_135,204.39,2026-08-16 14:34:04.362924,DEVICE_0288_A,IP_0288_A,944,0,0,0
TXN_003597,USER_0379,MERCHANT_030,289.14,2026-08-16 14:37:04.362924,DEVICE_0379_A,IP_0379_A,692,1,0,0
TXN_003123,USER_1282,MERCHANT_107,867.26,2026-08-16 15:17:04.362924,DEVICE_1282_A,IP_1282_A,853,1,0,0
TXN_005549,USER_0074,MERCHANT_008,1528.57,2026-08-16 16:39:04.362924,DEVICE_RING_C_01,IP_RING_C_01,53,6,4,1
TXN_001275,USER_1387,MERCHANT_114,1490.33,2026-08-16 16:41:04.362924,DEVICE_1387_A,IP_1387_A,1458,0,1,0
TXN_000181,USER_0259,MERCHANT_089,959.28,2026-08-16 17:04:04.362924,DEVICE_0259_A,IP_0259_A,523,1,0,0
TXN_003933,USER_0473,MERCHANT_005,1167.43,2026-08-16 17:07:04.362924,DEVICE_0473_A,IP_0473_A,1070,0,0,0
TXN_000781,USER_1441,MERCHANT_089,685.54,2026-08-16 17:10:04.362924,DEVICE_1441_A,IP_1441_A,928,1,0,0
TXN_004169,USER_0703,MERCHANT_063,1257.29,2026-08-16 17:15:04.362924,DEVICE_0703_A,IP_0703_A,467,0,0,0
TXN_000491,USER_1304,MERCHANT_058,596.42,2026-08-16 17:32:04.362924,DEVICE_1304_A,IP_1304_A,363,0,0,0
TXN_001568,USER_1209,MERCHANT_142,883.49,2026-08-16 17:34:04.362924,DEVICE_1209_A,IP_1209_A,1247,1,0,0
TXN_001054,USER_0748,MERCHANT_044,729.56,2026-08-16 18:53:04.362924,DEVICE_0748_A,IP_0748_A,562,0,0,0
TXN_003550,USER_0538,MERCHANT_055,584.09,2026-08-16 19:26:04.362924,DEVICE_0538_A,IP_0538_A,1020,0,0,0
TXN_004039,USER_0873,MERCHANT_072,590.05,2026-08-16 19:49:04.362924,DEVICE_0873_A,IP_0873_A,1421,0,0,0
TXN_003667,USER_0357,MERCHANT_026,1038.43,2026-08-16 19:59:04.362924,DEVICE_0357_A,IP_0357_A,807,0,0,0
TXN_004600,USER_0156,MERCHANT_082,1602.91,2026-08-16 20:07:04.362924,DEVICE_0156_A,IP_0156_A,206,0,0,0
TXN_003018,USER_0203,MERCHANT_052,71.72,2026-08-16 21:02:04.362924,DEVICE_0203_A,IP_0203_A,65,0,0,0
TXN_003403,USER_1101,MERCHANT_063,694.74,2026-08-16 21:05:04.362924,DEVICE_1101_A,IP_1101_A,166,1,0,0
TXN_000330,USER_0281,MERCHANT_129,961.21,2026-08-16 21:24:04.362924,DEVICE_0281_A,IP_0281_A,738,0,0,0
TXN_004765,USER_0808,MERCHANT_107,284.61,2026-08-16 21:28:04.362924,DEVICE_0808_A,IP_0808_A,758,0,0,0
TXN_004403,USER_1135,MERCHANT_030,310.28,2026-08-16 21:52:04.362924,DEVICE_1135_A,IP_1135_A,446,1,0,0
TXN_005684,USER_0652,MERCHANT_005,621.91,2026-08-16 21:53:04.362924,DEVICE_0652_A,IP_0652_A,522,0,0,0
TXN_004839,USER_0590,MERCHANT_125,1652.54,2026-08-16 22:28:04.362924,DEVICE_0590_A,IP_0590_A,732,0,0,0
TXN_000036,USER_1401,MERCHANT_051,240.16,2026-08-16 23:02:04.362924,DEVICE_1401_A,IP_1401_A,900,0,0,0
TXN_003474,USER_0871,MERCHANT_013,270.83,2026-08-16 23:19:04.362924,DEVICE_0871_A,IP_0871_A,364,0,0,0
TXN_003470,USER_0083,MERCHANT_008,2009.0,2026-08-16 23:31:04.362924,DEVICE_RING_C_01,IP_RING_C_02,75,2,2,1
TXN_005755,USER_0576,MERCHANT_119,518.06,2026-08-16 23:42:04.362924,DEVICE_0576_A,IP_0576_A,1301,0,0,0
TXN_005163,USER_0755,MERCHANT_047,560.01,2026-08-17 00:03:04.362924,DEVICE_0755_A,IP_0755_A,642,0,0,0
TXN_004976,USER_0561,MERCHANT_079,214.12,2026-08-17 00:25:04.362924,DEVICE_0561_A,IP_0561_A,1387,0,0,0
TXN_000812,USER_1109,MERCHANT_045,431.44,2026-08-17 02:39:04.362924,DEVICE_1109_A,IP_1109_A,1029,1,0,0
TXN_000110,USER_0355,MERCHANT_142,567.42,2026-08-17 03:04:04.362924,DEVICE_0355_A,IP_0355_A,470,0,1,0
TXN_002275,USER_1437,MERCHANT_026,265.47,2026-08-17 04:10:04.362924,DEVICE_1437_A,IP_1437_A,1208,0,2,0
TXN_000205,USER_0077,MERCHANT_007,630.41,2026-08-17 04:23:04.362924,DEVICE_RING_C_01,IP_RING_C_01,18,3,4,1
TXN_002726,USER_0628,MERCHANT_021,601.67,2026-08-17 05:17:04.362924,DEVICE_0628_A,IP_0628_A,714,0,0,0
TXN_000796,USER_0240,MERCHANT_069,1321.86,2026-08-17 05:35:04.362924,DEVICE_0240_A,IP_0240_A,1113,0,0,0
TXN_004735,USER_1460,MERCHANT_137,746.31,2026-08-17 06:02:04.362924,DEVICE_1460_A,IP_1460_A,1272,0,0,0
TXN_000680,USER_1314,MERCHANT_047,1557.12,2026-08-17 06:23:04.362924,DEVICE_1314_A,IP_1314_A,1306,0,0,0
TXN_003875,USER_0004,MERCHANT_003,1193.53,2026-08-17 06:36:04.362924,DEVICE_RING_A_02,IP_RING_A_01,51,4,4,1
TXN_000232,USER_0815,MERCHANT_143,705.76,2026-08-17 07:00:04.362924,DEVICE_0815_A,IP_0815_A,778,1,0,0
TXN_001092,USER_1265,MERCHANT_135,583.48,2026-08-17 07:28:04.362924,DEVICE_1265_A,IP_1265_A,1119,1,0,0
TXN_001463,USER_0038,MERCHANT_006,2028.44,2026-08-17 07:44:04.362924,DEVICE_RING_B_01,IP_RING_B_02,60,4,2,1
TXN_001538,USER_1494,MERCHANT_023,402.38,2026-08-17 07:56:04.362924,DEVICE_1494_A,IP_1494_A,979,1,0,0
TXN_000380,USER_0572,MERCHANT_075,327.24,2026-08-17 09:09:04.362924,DEVICE_0572_A,IP_0572_A,96,0,0,0
TXN_005328,USER_0348,MERCHANT_015,706.47,2026-08-17 10:01:04.362924,DEVICE_0348_A,IP_0348_A,200,1,0,0
TXN_005521,USER_0812,MERCHANT_129,342.91,2026-08-17 11:31:04.362924,DEVICE_0812_A,IP_0812_A,850,0,0,0
TXN_005137,USER_0958,MERCHANT_045,859.68,2026-08-17 12:03:04.362924,DEVICE_0958_A,IP_0958_A,1210,1,0,0
TXN_000643,USER_1238,MERCHANT_076,493.85,2026-08-17 12:39:04.362924,DEVICE_1238_A,IP_1238_A,1328,0,0,0
TXN_003371,USER_1064,MERCHANT_067,566.14,2026-08-17 12:43:04.362924,DEVICE_1064_A,IP_1064_A,576,1,0,0
TXN_005405,USER_0023,MERCHANT_003,1066.89,2026-08-17 12:45:04.362924,DEVICE_RING_A_02,IP_RING_A_01,56,2,3,1
TXN_005071,USER_1286,MERCHANT_009,247.83,2026-08-17 12:55:04.362924,DEVICE_1286_A,IP_1286_A,1186,1,0,0
TXN_003658,USER_0327,MERCHANT_129,125.47,2026-08-17 12:55:04.362924,DEVICE_0327_A,IP_0327_A,1498,0,0,0
TXN_005414,USER_0344,MERCHANT_090,1157.55,2026-08-17 13:46:04.362924,DEVICE_0344_A,IP_0344_A,1380,2,0,0
TXN_001204,USER_1022,MERCHANT_014,901.81,2026-08-17 14:16:04.362924,DEVICE_1022_A,IP_1022_A,416,0,0,0
TXN_003993,USER_1426,MERCHANT_083,136.36,2026-08-17 15:34:04.362924,DEVICE_1426_A,IP_1426_A,74,1,0,0
TXN_002786,USER_0379,MERCHANT_062,460.81,2026-08-17 15:51:04.362924,DEVICE_0379_A,IP_0379_A,133,0,0,0
TXN_001260,USER_1057,MERCHANT_029,575.42,2026-08-17 15:56:04.362924,DEVICE_1057_A,IP_1057_A,246,1,0,0
TXN_002217,USER_1159,MERCHANT_093,432.42,2026-08-17 17:42:04.362924,DEVICE_1159_A,IP_1159_A,1008,0,0,0
TXN_001301,USER_1400,MERCHANT_105,363.53,2026-08-17 17:44:04.362924,DEVICE_1400_A,IP_1400_A,823,0,0,0
TXN_001596,USER_0381,MERCHANT_084,281.36,2026-08-17 17:46:04.362924,DEVICE_0381_A,IP_0381_A,848,0,1,0
TXN_000762,USER_1376,MERCHANT_070,657.49,2026-08-17 18:04:04.362924,DEVICE_1376_A,IP_1376_A,613,0,0,0
TXN_002596,USER_0165,MERCHANT_100,111.25,2026-08-17 18:22:04.362924,DEVICE_0165_A,IP_0165_A,1200,0,0,0
TXN_005432,USER_0068,MERCHANT_009,1348.62,2026-08-17 18:53:04.362924,DEVICE_RING_C_02,IP_RING_C_01,67,4,5,1
TXN_005620,USER_1463,MERCHANT_061,534.59,2026-08-17 19:12:04.362924,DEVICE_1463_A,IP_1463_A,345,0,0,0
TXN_005724,USER_0192,MERCHANT_147,381.48,2026-08-17 19:21:04.362924,DEVICE_0192_A,IP_0192_A,1084,0,0,0
TXN_002493,USER_0540,MERCHANT_031,414.51,2026-08-17 19:22:04.362924,DEVICE_0540_A,IP_0540_A,1333,1,0,0
TXN_005209,USER_0193,MERCHANT_125,277.97,2026-08-17 19:52:04.362924,DEVICE_0193_A,IP_0193_A,1088,0,0,0
TXN_005751,USER_1435,MERCHANT_096,579.98,2026-08-17 20:13:04.362924,DEVICE_1435_A,IP_1435_A,1437,0,0,0
TXN_004507,USER_1138,MERCHANT_106,1007.05,2026-08-17 21:19:04.362924,DEVICE_1138_A,IP_1138_A,731,0,1,0
TXN_001896,USER_0151,MERCHANT_064,454.6,2026-08-17 22:01:04.362924,DEVICE_0151_A,IP_0151_A,146,0,0,0
TXN_005101,USER_0565,MERCHANT_030,1297.9,2026-08-17 22:30:04.362924,DEVICE_0565_A,IP_0565_A,1138,0,0,0
TXN_002809,USER_0030,MERCHANT_002,6244.37,2026-08-17 22:30:04.362924,DEVICE_RING_A_01,IP_RING_A_02,68,2,5,1
TXN_005161,USER_1358,MERCHANT_114,736.34,2026-08-17 22:41:04.362924,DEVICE_1358_A,IP_1358_A,200,0,0,0
TXN_000581,USER_0096,MERCHANT_012,3507.09,2026-08-17 23:06:04.362924,DEVICE_RING_D_02,IP_RING_D_02,4,8,2,1
TXN_000478,USER_0783,MERCHANT_016,757.76,2026-08-17 23:27:04.362924,DEVICE_0783_A,IP_0783_A,74,0,0,0
TXN_001093,USER_0014,MERCHANT_001,5175.42,2026-08-17 23:47:04.362924,DEVICE_RING_A_02,IP_RING_A_01,17,2,4,1
TXN_003574,USER_1366,MERCHANT_130,694.0,2026-08-18 00:07:04.362924,DEVICE_1366_A,IP_1366_A,649,0,0,0
TXN_001073,USER_0100,MERCHANT_012,2699.62,2026-08-18 02:12:04.362924,DEVICE_RING_D_01,IP_RING_D_02,54,3,5,1
TXN_003314,USER_1163,MERCHANT_071,280.3,2026-08-18 02:15:04.362924,DEVICE_1163_A,IP_1163_A,709,2,0,0
TXN_000346,USER_0795,MERCHANT_113,714.06,2026-08-18 03:03:04.362924,DEVICE_0795_A,IP_0795_A,715,0,1,0
TXN_000699,USER_0307,MERCHANT_038,1199.85,2026-08-18 03:42:04.362924,DEVICE_0307_A,IP_0307_A,995,2,0,0
TXN_003753,USER_0753,MERCHANT_039,1535.42,2026-08-18 04:46:04.362924,DEVICE_0753_A,IP_0753_A,67,0,0,0
TXN_002182,USER_0407,MERCHANT_117,458.91,2026-08-18 05:53:04.362924,DEVICE_0407_A,IP_0407_A,591,0,0,0
TXN_001283,USER_1312,MERCHANT_145,1020.46,2026-08-18 05:55:04.362924,DEVICE_1312_A,IP_1312_A,1493,1,0,0
TXN_000541,USER_1349,MERCHANT_104,1122.93,2026-08-18 06:01:04.362924,DEVICE_1349_A,IP_1349_A,1382,0,0,0
TXN_005877,USER_1012,MERCHANT_056,178.32,2026-08-18 06:14:04.362924,DEVICE_1012_A,IP_1012_A,1421,0,0,0
TXN_003626,USER_0004,MERCHANT_002,968.89,2026-08-18 06:46:04.362924,DEVICE_RING_A_01,IP_RING_A_02,88,5,2,1
TXN_000297,USER_1069,MERCHANT_015,1178.07,2026-08-18 06:46:04.362924,DEVICE_1069_A,IP_1069_A,1181,0,0,0
TXN_005731,USER_0203,MERCHANT_050,538.22,2026-08-18 08:17:04.362924,DEVICE_0203_A,IP_0203_A,659,0,0,0
TXN_004651,USER_1435,MERCHANT_071,497.93,2026-08-18 08:55:04.362924,DEVICE_1435_A,IP_1435_A,654,0,0,0
TXN_005673,USER_0176,MERCHANT_051,370.96,2026-08-18 09:21:04.362924,DEVICE_0176_A,IP_0176_A,624,1,0,0
TXN_002443,USER_0383,MERCHANT_095,227.63,2026-08-18 09:43:04.362924,DEVICE_0383_A,IP_0383_A,1187,2,0,0
TXN_005841,USER_0117,MERCHANT_012,3577.4,2026-08-18 10:02:04.362924,DEVICE_RING_D_01,IP_RING_D_01,79,5,1,1
TXN_002705,USER_0097,MERCHANT_012,3207.84,2026-08-18 10:03:04.362924,DEVICE_RING_D_01,IP_RING_D_01,82,5,5,1
TXN_001503,USER_0787,MERCHANT_114,324.82,2026-08-18 10:40:04.362924,DEVICE_0787_A,IP_0787_A,508,0,0,0
TXN_000454,USER_0744,MERCHANT_011,875.65,2026-08-18 10:45:04.362924,DEVICE_0744_A,IP_0744_A,470,1,0,0
TXN_004903,USER_1183,MERCHANT_029,277.65,2026-08-18 10:52:04.362924,DEVICE_1183_A,IP_1183_A,801,0,0,0
TXN_001346,USER_0172,MERCHANT_058,197.01,2026-08-18 10:55:04.362924,DEVICE_0172_A,IP_0172_A,1442,0,0,0
TXN_004954,USER_1260,MERCHANT_066,1241.54,2026-08-18 11:15:04.362924,DEVICE_1260_A,IP_1260_A,1075,1,0,0
TXN_005598,USER_0525,MERCHANT_084,487.57,2026-08-18 11:53:04.362924,DEVICE_0525_A,IP_0525_A,856,0,0,0
TXN_001140,USER_1121,MERCHANT_026,1015.17,2026-08-18 12:20:04.362924,DEVICE_1121_A,IP_1121_A,1444,0,0,0
TXN_005518,USER_1058,MERCHANT_078,959.9,2026-08-18 12:22:04.362924,DEVICE_1058_A,IP_1058_A,1256,0,0,0
TXN_003990,USER_0216,MERCHANT_100,335.62,2026-08-18 12:22:04.362924,DEVICE_0216_A,IP_0216_A,994,1,0,0
TXN_003881,USER_1023,MERCHANT_041,752.35,2026-08-18 12:22:04.362924,DEVICE_1023_A,IP_1023_A,1183,0,0,0
TXN_005823,USER_0664,MERCHANT_011,260.03,2026-08-18 12:26:04.362924,DEVICE_0664_A,IP_0664_A,1393,0,2,0
TXN_005947,USER_0495,MERCHANT_106,382.25,2026-08-18 12:27:04.362924,DEVICE_0495_A,IP_0495_A,39,1,0,0
TXN_003901,USER_1268,MERCHANT_073,395.38,2026-08-18 12:48:04.362924,DEVICE_1268_A,IP_1268_A,1453,1,0,0
TXN_004709,USER_0252,MERCHANT_116,1228.29,2026-08-18 13:35:04.362924,DEVICE_0252_A,IP_0252_A,467,1,0,0
TXN_001150,USER_1379,MERCHANT_112,317.89,2026-08-18 13:40:04.362924,DEVICE_1379_A,IP_1379_A,1189,1,0,0
TXN_004972,USER_0223,MERCHANT_145,564.62,2026-08-18 13:41:04.362924,DEVICE_0223_A,IP_0223_A,453,0,0,0
TXN_004467,USER_0896,MERCHANT_004,1135.11,2026-08-18 13:48:04.362924,DEVICE_0896_A,IP_0896_A,362,0,0,0
TXN_001766,USER_0781,MERCHANT_110,318.78,2026-08-18 13:54:04.362924,DEVICE_0781_A,IP_0781_A,410,0,0,0
TXN_000161,USER_0054,MERCHANT_005,943.28,2026-08-18 13:54:04.362924,DEVICE_RING_B_02,IP_RING_B_01,47,7,2,1
TXN_001490,USER_0513,MERCHANT_067,1546.68,2026-08-18 14:12:04.362924,DEVICE_0513_A,IP_0513_A,867,0,1,0
TXN_000460,USER_0384,MERCHANT_024,244.33,2026-08-18 14:28:04.362924,DEVICE_0384_A,IP_0384_A,709,0,1,0
TXN_004248,USER_1075,MERCHANT_115,3115.35,2026-08-18 15:49:04.362924,DEVICE_1075_A,IP_1075_A,1219,0,0,0
TXN_000738,USER_0648,MERCHANT_089,1253.82,2026-08-18 16:02:04.362924,DEVICE_0648_A,IP_0648_A,70,0,0,0
TXN_005580,USER_1038,MERCHANT_006,607.1,2026-08-18 16:14:04.362924,DEVICE_1038_A,IP_1038_A,669,1,0,0
TXN_003759,USER_0053,MERCHANT_004,3299.1,2026-08-18 16:15:04.362924,DEVICE_RING_B_01,IP_RING_B_01,84,3,5,1
TXN_002932,USER_0023,MERCHANT_002,1585.26,2026-08-18 16:34:04.362924,DEVICE_RING_A_02,IP_RING_A_01,23,3,5,1
TXN_002666,USER_1047,MERCHANT_092,215.2,2026-08-18 16:35:04.362924,DEVICE_1047_A,IP_1047_A,1072,0,0,0
TXN_001525,USER_0581,MERCHANT_014,453.85,2026-08-18 16:55:04.362924,DEVICE_0581_A,IP_0581_A,396,1,0,0
TXN_004031,USER_1476,MERCHANT_037,1145.5,2026-08-18 17:06:04.362924,DEVICE_1476_A,IP_1476_A,640,0,1,0
TXN_004566,USER_0246,MERCHANT_043,391.09,2026-08-18 18:12:04.362924,DEVICE_0246_A,IP_0246_A,685,0,0,0
TXN_003228,USER_0084,MERCHANT_007,8722.53,2026-08-18 18:32:04.362924,DEVICE_RING_C_02,IP_RING_C_02,14,8,5,1
TXN_004305,USER_0186,MERCHANT_035,225.07,2026-08-18 18:51:04.362924,DEVICE_0186_A,IP_0186_A,292,0,0,0
TXN_001437,USER_1191,MERCHANT_027,497.91,2026-08-18 19:18:04.362924,DEVICE_1191_A,IP_1191_A,829,0,0,0
TXN_000386,USER_0037,MERCHANT_004,2905.73,2026-08-18 20:07:04.362924,DEVICE_RING_B_02,IP_RING_B_02,79,3,2,1
TXN_005315,USER_0915,MERCHANT_142,366.65,2026-08-18 20:31:04.362924,DEVICE_0915_A,IP_0915_A,958,0,0,0
TXN_003622,USER_1261,MERCHANT_018,780.97,2026-08-18 20:33:04.362924,DEVICE_1261_A,IP_1261_A,752,1,0,0
TXN_002103,USER_0328,MERCHANT_098,312.52,2026-08-18 21:24:04.362924,DEVICE_0328_A,IP_0328_A,1079,2,0,0
TXN_000979,USER_0663,MERCHANT_046,182.91,2026-08-18 22:07:04.362924,DEVICE_0663_A,IP_0663_A,932,0,2,0
TXN_003330,USER_0016,MERCHANT_003,5760.6,2026-08-18 22:27:04.362924,DEVICE_RING_A_02,IP_RING_A_02,6,8,2,1
TXN_000224,USER_0791,MERCHANT_148,179.0,2026-08-18 23:36:04.362924,DEVICE_0791_A,IP_0791_A,670,0,0,0
TXN_000183,USER_1437,MERCHANT_045,268.74,2026-08-18 23:40:04.362924,DEVICE_1437_A,IP_1437_A,1432,0,0,0
TXN_000387,USER_0544,MERCHANT_016,775.3,2026-08-18 23:42:04.362924,DEVICE_0544_A,IP_0544_A,1197,0,0,0
TXN_003363,USER_0706,MERCHANT_014,156.26,2026-08-18 23:57:04.362924,DEVICE_0706_A,IP_0706_A,1397,2,0,0
TXN_003377,USER_1020,MERCHANT_138,486.42,2026-08-19 00:01:04.362924,DEVICE_1020_A,IP_1020_A,158,0,1,0
TXN_001672,USER_0973,MERCHANT_039,455.69,2026-08-19 00:06:04.362924,DEVICE_0973_A,IP_0973_A,403,0,0,0
TXN_005042,USER_0435,MERCHANT_100,168.63,2026-08-19 00:13:04.362924,DEVICE_0435_A,IP_0435_A,81,0,2,0
TXN_003482,USER_0766,MERCHANT_064,85.16,2026-08-19 00:22:04.362924,DEVICE_0766_A,IP_0766_A,146,0,0,0
TXN_000896,USER_0120,MERCHANT_012,4782.68,2026-08-19 01:06:04.362924,DEVICE_RING_D_01,IP_RING_D_02,87,4,5,1
TXN_001485,USER_0413,MERCHANT_069,710.13,2026-08-19 01:14:04.362924,DEVICE_0413_A,IP_0413_A,459,2,0,0
TXN_002887,USER_1374,MERCHANT_086,404.34,2026-08-19 01:25:04.362924,DEVICE_1374_A,IP_1374_A,82,0,0,0
TXN_004450,USER_0800,MERCHANT_142,1843.58,2026-08-19 01:26:04.362924,DEVICE_0800_A,IP_0800_A,691,2,1,0
TXN_002734,USER_1433,MERCHANT_149,310.15,2026-08-19 01:43:04.362924,DEVICE_1433_A,IP_1433_A,275,2,0,0
TXN_002214,USER_0376,MERCHANT_024,427.46,2026-08-19 01:50:04.362924,DEVICE_0376_A,IP_0376_A,388,0,0,0
TXN_004376,USER_0108,MERCHANT_011,4769.76,2026-08-19 01:52:04.362924,DEVICE_RING_D_01,IP_RING_D_01,36,6,2,1
TXN_001096,USER_0363,MERCHANT_057,564.76,2026-08-19 01:59:04.362924,DEVICE_0363_A,IP_0363_A,293,1,0,0
TXN_002667,USER_0942,MERCHANT_108,1133.49,2026-08-19 02:08:04.362924,DEVICE_0942_A,IP_0942_A,511,1,1,0
TXN_001285,USER_1294,MERCHANT_036,332.77,2026-08-19 03:06:04.362924,DEVICE_1294_A,IP_1294_A,1492,0,0,0
TXN_002703,USER_1216,MERCHANT_050,2713.87,2026-08-19 03:24:04.362924,DEVICE_1216_A,IP_1216_A,1010,2,0,0
TXN_002277,USER_0113,MERCHANT_012,4931.6,2026-08-19 03:32:04.362924,DEVICE_RING_D_01,IP_RING_D_02,57,8,4,1
TXN_001442,USER_0790,MERCHANT_083,1446.69,2026-08-19 04:17:04.362924,DEVICE_0790_A,IP_0790_A,1181,0,0,0
TXN_003370,USER_1468,MERCHANT_072,661.98,2026-08-19 04:20:04.362924,DEVICE_1468_A,IP_1468_A,390,0,1,0
TXN_002676,USER_0790,MERCHANT_109,137.68,2026-08-19 04:38:04.362924,DEVICE_0790_A,IP_0790_A,1378,0,1,0
TXN_003484,USER_1119,MERCHANT_044,571.8,2026-08-19 05:15:04.362924,DEVICE_1119_A,IP_1119_A,511,0,0,0
TXN_005694,USER_0959,MERCHANT_055,273.57,2026-08-19 05:21:04.362924,DEVICE_0959_A,IP_0959_A,1158,0,0,0
TXN_005363,USER_0420,MERCHANT_066,628.5,2026-08-19 05:22:04.362924,DEVICE_0420_A,IP_0420_A,954,0,0,0
TXN_003241,USER_1466,MERCHANT_023,605.65,2026-08-19 05:43:04.362924,DEVICE_1466_A,IP_1466_A,675,0,0,0
TXN_005297,USER_1183,MERCHANT_070,636.9,2026-08-19 05:47:04.362924,DEVICE_1183_A,IP_1183_A,1071,0,0,0
TXN_002993,USER_1492,MERCHANT_117,633.31,2026-08-19 06:34:04.362924,DEVICE_1492_A,IP_1492_A,813,1,0,0
TXN_002687,USER_0590,MERCHANT_149,853.1,2026-08-19 06:43:04.362924,DEVICE_0590_A,IP_0590_A,550,0,0,0
TXN_000589,USER_0602,MERCHANT_021,1118.43,2026-08-19 07:31:04.362924,DEVICE_0602_A,IP_0602_A,970,0,0,0
TXN_004596,USER_1467,MERCHANT_105,675.53,2026-08-19 07:55:04.362924,DEVICE_1467_A,IP_1467_A,896,0,0,0
TXN_003204,USER_0692,MERCHANT_085,1565.69,2026-08-19 08:06:04.362924,DEVICE_0692_A,IP_0692_A,1234,0,1,0
TXN_003986,USER_0949,MERCHANT_121,125.88,2026-08-19 08:13:04.362924,DEVICE_0949_A,IP_0949_A,1465,1,1,0
TXN_003010,USER_0790,MERCHANT_036,421.4,2026-08-19 08:23:04.362924,DEVICE_0790_A,IP_0790_A,1216,2,1,0
TXN_001001,USER_0338,MERCHANT_030,1713.76,2026-08-19 09:02:04.362924,DEVICE_0338_A,IP_0338_A,1048,0,0,0
TXN_000314,USER_0025,MERCHANT_001,5639.53,2026-08-19 09:28:04.362924,DEVICE_RING_A_01,IP_RING_A_02,81,3,1,1
TXN_003596,USER_0887,MERCHANT_043,1417.66,2026-08-19 10:34:04.362924,DEVICE_0887_A,IP_0887_A,646,2,0,0
TXN_004783,USER_0494,MERCHANT_049,168.84,2026-08-19 11:26:04.362924,DEVICE_0494_A,IP_0494_A,861,1,0,0
TXN_003161,USER_1422,MERCHANT_044,380.72,2026-08-19 11:40:04.362924,DEVICE_1422_A,IP_1422_A,784,2,1,0
TXN_001667,USER_0406,MERCHANT_076,283.57,2026-08-19 11:41:04.362924,DEVICE_0406_A,IP_0406_A,972,0,1,0
TXN_001264,USER_0403,MERCHANT_032,300.79,2026-08-19 12:01:04.362924,DEVICE_0403_A,IP_0403_A,443,0,0,0
TXN_005936,USER_0633,MERCHANT_118,835.67,2026-08-19 12:15:04.362924,DEVICE_0633_A,IP_0633_A,1471,0,0,0
TXN_002869,USER_0577,MERCHANT_076,896.09,2026-08-19 12:27:04.362924,DEVICE_0577_A,IP_0577_A,319,1,0,0
TXN_000962,USER_0358,MERCHANT_014,1625.86,2026-08-19 12:49:04.362924,DEVICE_0358_A,IP_0358_A,373,0,0,0
TXN_001554,USER_0212,MERCHANT_061,322.71,2026-08-19 13:20:04.362924,DEVICE_0212_A,IP_0212_A,105,0,0,0
TXN_001952,USER_1164,MERCHANT_022,1545.91,2026-08-19 14:04:04.362924,DEVICE_1164_A,IP_1164_A,341,1,0,0
TXN_002203,USER_1006,MERCHANT_006,1029.42,2026-08-19 14:18:04.362924,DEVICE_1006_A,IP_1006_A,852,0,0,0
TXN_003745,USER_0602,MERCHANT_036,284.45,2026-08-19 14:43:04.362924,DEVICE_0602_A,IP_0602_A,1433,0,1,0
TXN_003686,USER_0675,MERCHANT_009,317.04,2026-08-19 15:30:04.362924,DEVICE_0675_A,IP_0675_A,445,0,0,0
TXN_004097,USER_1235,MERCHANT_142,937.81,2026-08-19 15:31:04.362924,DEVICE_1235_A,IP_1235_A,847,0,0,0
TXN_004988,USER_0835,MERCHANT_105,632.04,2026-08-19 16:03:04.362924,DEVICE_0835_A,IP_0835_A,940,1,1,0
TXN_002302,USER_0579,MERCHANT_120,283.83,2026-08-19 16:12:04.362924,DEVICE_0579_A,IP_0579_A,581,0,0,0
TXN_001033,USER_0321,MERCHANT_116,809.44,2026-08-19 16:40:04.362924,DEVICE_0321_A,IP_0321_A,1044,0,0,0
TXN_001565,USER_1123,MERCHANT_025,1042.69,2026-08-19 16:47:04.362924,DEVICE_1123_A,IP_1123_A,1113,0,0,0
TXN_001851,USER_1375,MERCHANT_113,369.54,2026-08-19 17:32:04.362924,DEVICE_1375_A,IP_1375_A,1377,0,0,0
TXN_001843,USER_0716,MERCHANT_145,397.58,2026-08-19 18:05:04.362924,DEVICE_0716_A,IP_0716_A,1016,0,1,0
TXN_000905,USER_1178,MERCHANT_034,692.46,2026-08-19 18:31:04.362924,DEVICE_1178_A,IP_1178_A,450,1,0,0
TXN_002713,USER_0100,MERCHANT_010,4121.24,2026-08-19 18:34:04.362924,DEVICE_RING_D_01,IP_RING_D_01,39,7,2,1
TXN_001400,USER_0830,MERCHANT_104,366.6,2026-08-19 18:53:04.362924,DEVICE_0830_A,IP_0830_A,860,1,0,0
TXN_005613,USER_0863,MERCHANT_062,1307.52,2026-08-19 19:23:04.362924,DEVICE_0863_A,IP_0863_A,382,1,0,0
TXN_001209,USER_0079,MERCHANT_009,614.89,2026-08-19 19:28:04.362924,DEVICE_RING_C_01,IP_RING_C_01,74,3,4,1
TXN_005617,USER_1250,MERCHANT_010,528.82,2026-08-19 19:50:04.362924,DEVICE_1250_A,IP_1250_A,770,1,0,0
TXN_001651,USER_0351,MERCHANT_126,926.72,2026-08-19 19:56:04.362924,DEVICE_0351_A,IP_0351_A,377,2,0,0
TXN_002225,USER_0443,MERCHANT_108,368.67,2026-08-19 20:57:04.362924,DEVICE_0443_A,IP_0443_A,383,0,0,0
TXN_001630,USER_0048,MERCHANT_006,5865.36,2026-08-19 21:18:04.362924,DEVICE_RING_B_01,IP_RING_B_01,45,7,5,1
TXN_002511,USER_0979,MERCHANT_029,861.2,2026-08-19 21:22:04.362924,DEVICE_0979_A,IP_0979_A,1056,0,0,0
TXN_002338,USER_1009,MERCHANT_131,622.82,2026-08-19 22:02:04.362924,DEVICE_1009_A,IP_1009_A,1103,1,0,0
TXN_001291,USER_0454,MERCHANT_037,803.01,2026-08-19 22:10:04.362924,DEVICE_0454_A,IP_0454_A,1065,0,0,0
TXN_005436,USER_0567,MERCHANT_079,378.87,2026-08-19 22:10:04.362924,DEVICE_0567_A,IP_0567_A,1416,0,1,0
TXN_000089,USER_1071,MERCHANT_078,403.27,2026-08-19 22:16:04.362924,DEVICE_1071_A,IP_1071_A,1359,0,0,0
TXN_001633,USER_0849,MERCHANT_057,370.28,2026-08-19 22:26:04.362924,DEVICE_0849_A,IP_0849_A,602,0,2,0
TXN_001805,USER_0076,MERCHANT_007,411.95,2026-08-19 22:44:04.362924,DEVICE_RING_C_01,IP_RING_C_01,45,7,3,1
TXN_003822,USER_0369,MERCHANT_101,734.29,2026-08-19 23:06:04.362924,DEVICE_0369_A,IP_0369_A,1228,0,2,0
TXN_004985,USER_0946,MERCHANT_036,916.5,2026-08-20 00:06:04.362924,DEVICE_0946_A,IP_0946_A,1045,0,0,0
TXN_002635,USER_0894,MERCHANT_085,2147.15,2026-08-20 00:08:04.362924,DEVICE_0894_A,IP_0894_A,1382,1,0,0
TXN_005319,USER_0775,MERCHANT_119,518.87,2026-08-20 00:14:04.362924,DEVICE_0775_A,IP_0775_A,1274,0,1,0
TXN_003490,USER_0654,MERCHANT_106,181.04,2026-08-20 00:25:04.362924,DEVICE_0654_A,IP_0654_A,246,0,1,0
TXN_003559,USER_1312,MERCHANT_043,551.19,2026-08-20 01:54:04.362924,DEVICE_1312_A,IP_1312_A,42,0,1,0
TXN_004438,USER_0136,MERCHANT_112,489.08,2026-08-20 02:10:04.362924,DEVICE_0136_A,IP_0136_A,622,0,0,0
TXN_002639,USER_0431,MERCHANT_110,276.59,2026-08-20 02:47:04.362924,DEVICE_0431_A,IP_0431_A,1150,0,2,0
TXN_005136,USER_0277,MERCHANT_065,623.03,2026-08-20 03:45:04.362924,DEVICE_0277_A,IP_0277_A,352,1,0,0
TXN_002945,USER_1373,MERCHANT_076,765.07,2026-08-20 03:58:04.362924,DEVICE_1373_A,IP_1373_A,410,0,0,0
TXN_004554,USER_0910,MERCHANT_113,290.71,2026-08-20 04:16:04.362924,DEVICE_0910_A,IP_0910_A,759,0,0,0
TXN_001765,USER_1442,MERCHANT_136,498.89,2026-08-20 04:27:04.362924,DEVICE_1442_A,IP_1442_A,751,0,0,0
TXN_005406,USER_0389,MERCHANT_046,602.83,2026-08-20 04:44:04.362924,DEVICE_0389_A,IP_0389_A,1277,2,0,0
TXN_002113,USER_1064,MERCHANT_108,618.7,2026-08-20 05:05:04.362924,DEVICE_1064_A,IP_1064_A,1330,0,0,0
TXN_003725,USER_0079,MERCHANT_008,1342.13,2026-08-20 05:29:04.362924,DEVICE_RING_C_02,IP_RING_C_01,5,3,1,1
TXN_001681,USER_0900,MERCHANT_043,812.18,2026-08-20 05:41:04.362924,DEVICE_0900_A,IP_0900_A,141,1,0,0
TXN_002911,USER_0034,MERCHANT_006,1463.68,2026-08-20 05:50:04.362924,DEVICE_RING_B_01,IP_RING_B_02,54,3,5,1
TXN_005081,USER_0731,MERCHANT_050,284.79,2026-08-20 06:21:04.362924,DEVICE_0731_A,IP_0731_A,1427,1,0,0
TXN_003405,USER_0604,MERCHANT_002,832.07,2026-08-20 06:36:04.362924,DEVICE_0604_A,IP_0604_A,1024,0,0,0
TXN_001941,USER_0377,MERCHANT_138,755.94,2026-08-20 06:56:04.362924,DEVICE_0377_A,IP_0377_A,531,1,0,0
TXN_001256,USER_1152,MERCHANT_009,242.18,2026-08-20 07:12:04.362924,DEVICE_1152_A,IP_1152_A,160,0,0,0
TXN_001911,USER_0658,MERCHANT_056,2200.23,2026-08-20 07:40:04.362924,DEVICE_0658_A,IP_0658_A,86,0,1,0
TXN_002204,USER_0919,MERCHANT_005,227.46,2026-08-20 07:48:04.362924,DEVICE_0919_A,IP_0919_A,47,0,0,0
TXN_003703,USER_1394,MERCHANT_014,301.78,2026-08-20 08:16:04.362924,DEVICE_1394_A,IP_1394_A,102,0,0,0
TXN_003466,USER_0096,MERCHANT_010,656.76,2026-08-20 09:06:04.362924,DEVICE_RING_D_01,IP_RING_D_01,25,4,4,1
TXN_003876,USER_0279,MERCHANT_016,1466.82,2026-08-20 09:07:04.362924,DEVICE_0279_A,IP_0279_A,894,0,1,0
TXN_004093,USER_0146,MERCHANT_080,551.05,2026-08-20 09:14:04.362924,DEVICE_0146_A,IP_0146_A,683,1,0,0
TXN_004768,USER_0313,MERCHANT_044,496.39,2026-08-20 09:42:04.362924,DEVICE_0313_A,IP_0313_A,1251,0,2,0
TXN_005266,USER_0070,MERCHANT_007,1102.62,2026-08-20 09:47:04.362924,DEVICE_RING_C_02,IP_RING_C_01,19,3,3,1
TXN_001928,USER_0972,MERCHANT_019,484.17,2026-08-20 09:48:04.362924,DEVICE_0972_A,IP_0972_A,1344,0,0,0
TXN_002180,USER_0766,MERCHANT_116,603.07,2026-08-20 10:01:04.362924,DEVICE_0766_A,IP_0766_A,660,0,0,0
TXN_003566,USER_0313,MERCHANT_036,623.7,2026-08-20 10:27:04.362924,DEVICE_0313_A,IP_0313_A,692,0,0,0
TXN_004943,USER_0607,MERCHANT_019,638.46,2026-08-20 10:47:04.362924,DEVICE_0607_A,IP_0607_A,451,0,2,0
TXN_000172,USER_1088,MERCHANT_036,325.41,2026-08-20 11:10:04.362924,DEVICE_1088_A,IP_1088_A,1474,0,0,0
TXN_000384,USER_1459,MERCHANT_064,404.48,2026-08-20 11:51:04.362924,DEVICE_1459_A,IP_1459_A,639,1,0,0
TXN_005431,USER_0847,MERCHANT_146,358.67,2026-08-20 12:26:04.362924,DEVICE_0847_A,IP_0847_A,253,0,0,0
TXN_001717,USER_0003,MERCHANT_002,3484.31,2026-08-20 12:53:04.362924,DEVICE_RING_A_02,IP_RING_A_02,22,3,3,1
TXN_001933,USER_1314,MERCHANT_009,423.24,2026-08-20 13:17:04.362924,DEVICE_1314_A,IP_1314_A,1375,1,0,0
TXN_005273,USER_0329,MERCHANT_149,243.99,2026-08-20 13:29:04.362924,DEVICE_0329_A,IP_0329_A,1290,0,0,0
TXN_000168,USER_1016,MERCHANT_024,2488.72,2026-08-20 13:58:04.362924,DEVICE_1016_A,IP_1016_A,484,1,1,0
TXN_003866,USER_1200,MERCHANT_067,347.44,2026-08-20 14:15:04.362924,DEVICE_1200_A,IP_1200_A,331,1,0,0
TXN_000785,USER_1347,MERCHANT_142,913.03,2026-08-20 14:38:04.362924,DEVICE_1347_A,IP_1347_A,358,0,0,0
TXN_000570,USER_0042,MERCHANT_004,1759.06,2026-08-20 14:58:04.362924,DEVICE_RING_B_02,IP_RING_B_02,6,6,4,1
TXN_004065,USER_0596,MERCHANT_008,285.19,2026-08-20 15:18:04.362924,DEVICE_0596_A,IP_0596_A,1197,2,2,0
TXN_002196,USER_1203,MERCHANT_016,365.2,2026-08-20 15:21:04.362924,DEVICE_1203_A,IP_1203_A,1079,0,0,0
TXN_003625,USER_1474,MERCHANT_055,2490.54,2026-08-20 15:28:04.362924,DEVICE_1474_A,IP_1474_A,700,1,0,0
TXN_004595,USER_0056,MERCHANT_004,2479.8,2026-08-20 15:31:04.362924,DEVICE_RING_B_01,IP_RING_B_01,12,5,2,1
TXN_003532,USER_0077,MERCHANT_009,16022.49,2026-08-20 15:51:04.362924,DEVICE_RING_C_02,IP_RING_C_02,52,4,4,1
TXN_000795,USER_0015,MERCHANT_003,848.09,2026-08-20 16:14:04.362924,DEVICE_RING_A_01,IP_RING_A_02,54,8,3,1
TXN_004659,USER_1133,MERCHANT_056,721.62,2026-08-20 16:20:04.362924,DEVICE_1133_A,IP_1133_A,919,2,1,0
TXN_005303,USER_0227,MERCHANT_010,1141.79,2026-08-20 16:23:04.362924,DEVICE_0227_A,IP_0227_A,599,0,0,0
TXN_005540,USER_0491,MERCHANT_109,1225.71,2026-08-20 16:27:04.362924,DEVICE_0491_A,IP_0491_A,943,1,1,0
TXN_001507,USER_1499,MERCHANT_141,1011.53,2026-08-20 16:50:04.362924,DEVICE_1499_A,IP_1499_A,986,0,0,0
TXN_001350,USER_0232,MERCHANT_086,506.92,2026-08-20 17:11:04.362924,DEVICE_0232_A,IP_0232_A,1094,1,1,0
TXN_001555,USER_0561,MERCHANT_035,506.27,2026-08-20 17:26:04.362924,DEVICE_0561_A,IP_0561_A,1263,0,0,0
TXN_005094,USER_0947,MERCHANT_118,2153.84,2026-08-20 17:39:04.362924,DEVICE_0947_A,IP_0947_A,981,1,0,0
TXN_004769,USER_0842,MERCHANT_115,1298.53,2026-08-20 17:49:04.362924,DEVICE_0842_A,IP_0842_A,394,1,0,0
TXN_004020,USER_0733,MERCHANT_135,561.64,2026-08-20 18:04:04.362924,DEVICE_0733_A,IP_0733_A,698,1,0,0
TXN_005177,USER_0404,MERCHANT_033,226.05,2026-08-20 18:52:04.362924,DEVICE_0404_A,IP_0404_A,779,0,0,0
TXN_003585,USER_0338,MERCHANT_142,632.94,2026-08-20 19:08:04.362924,DEVICE_0338_A,IP_0338_A,741,0,1,0
TXN_005927,USER_0753,MERCHANT_023,993.49,2026-08-20 19:13:04.362924,DEVICE_0753_A,IP_0753_A,1024,0,0,0
TXN_002744,USER_0243,MERCHANT_118,911.9,2026-08-20 19:45:04.362924,DEVICE_0243_A,IP_0243_A,1103,0,0,0
TXN_002886,USER_0913,MERCHANT_129,412.46,2026-08-20 19:48:04.362924,DEVICE_0913_A,IP_0913_A,443,0,0,0
TXN_001836,USER_1015,MERCHANT_025,786.87,2026-08-20 20:06:04.362924,DEVICE_1015_A,IP_1015_A,313,0,0,0
TXN_002910,USER_0451,MERCHANT_024,1540.39,2026-08-20 20:20:04.362924,DEVICE_0451_A,IP_0451_A,1036,1,0,0
TXN_002938,USER_0386,MERCHANT_082,505.11,2026-08-20 20:37:04.362924,DEVICE_0386_A,IP_0386_A,1087,0,0,0
TXN_004476,USER_0131,MERCHANT_102,882.25,2026-08-20 20:53:04.362924,DEVICE_0131_A,IP_0131_A,483,2,1,0
TXN_002007,USER_0032,MERCHANT_004,2503.02,2026-08-20 21:08:04.362924,DEVICE_RING_B_02,IP_RING_B_02,35,7,2,1
TXN_003350,USER_0870,MERCHANT_136,541.41,2026-08-20 21:25:04.362924,DEVICE_0870_A,IP_0870_A,1052,0,0,0
TXN_002774,USER_1005,MERCHANT_040,187.82,2026-08-20 22:03:04.362924,DEVICE_1005_A,IP_1005_A,1438,0,1,0
TXN_002966,USER_0055,MERCHANT_005,1929.84,2026-08-20 22:25:04.362924,DEVICE_RING_B_02,IP_RING_B_01,47,3,2,1
TXN_005463,USER_0412,MERCHANT_109,1359.09,2026-08-20 22:56:04.362924,DEVICE_0412_A,IP_0412_A,1182,0,1,0
TXN_005689,USER_0294,MERCHANT_122,231.79,2026-08-20 23:17:04.362924,DEVICE_0294_A,IP_0294_A,1454,0,0,0
TXN_005003,USER_0747,MERCHANT_057,156.05,2026-08-20 23:22:04.362924,DEVICE_0747_A,IP_0747_A,914,0,0,0
TXN_001790,USER_0617,MERCHANT_053,1639.7,2026-08-20 23:48:04.362924,DEVICE_0617_A,IP_0617_A,1453,0,2,0
TXN_005706,USER_1195,MERCHANT_120,125.54,2026-08-21 00:20:04.362924,DEVICE_1195_A,IP_1195_A,106,0,0,0
TXN_001919,USER_0662,MERCHANT_046,528.91,2026-08-21 00:48:04.362924,DEVICE_0662_A,IP_0662_A,938,0,0,0
TXN_002049,USER_0297,MERCHANT_145,469.19,2026-08-21 01:02:04.362924,DEVICE_0297_A,IP_0297_A,978,0,1,0
TXN_000916,USER_1034,MERCHANT_092,739.66,2026-08-21 01:11:04.362924,DEVICE_1034_A,IP_1034_A,669,0,0,0
TXN_002271,USER_0635,MERCHANT_092,778.75,2026-08-21 01:27:04.362924,DEVICE_0635_A,IP_0635_A,200,0,0,0
TXN_002269,USER_1006,MERCHANT_108,411.08,2026-08-21 02:21:04.362924,DEVICE_1006_A,IP_1006_A,146,0,1,0
TXN_004401,USER_1332,MERCHANT_026,864.72,2026-08-21 03:42:04.362924,DEVICE_1332_A,IP_1332_A,450,2,0,0
TXN_004461,USER_1142,MERCHANT_047,1463.19,2026-08-21 03:46:04.362924,DEVICE_1142_A,IP_1142_A,691,1,1,0
TXN_005056,USER_0999,MERCHANT_132,258.73,2026-08-21 04:04:04.362924,DEVICE_0999_A,IP_0999_A,646,1,0,0
TXN_003187,USER_1102,MERCHANT_027,244.53,2026-08-21 04:06:04.362924,DEVICE_1102_A,IP_1102_A,591,1,0,0
TXN_002617,USER_0950,MERCHANT_065,345.95,2026-08-21 04:21:04.362924,DEVICE_0950_A,IP_0950_A,1102,2,0,0
TXN_002138,USER_0799,MERCHANT_041,1917.34,2026-08-21 04:54:04.362924,DEVICE_0799_A,IP_0799_A,531,0,2,0
TXN_004886,USER_0112,MERCHANT_010,1555.99,2026-08-21 05:33:04.362924,DEVICE_RING_D_01,IP_RING_D_02,20,2,3,1
TXN_004379,USER_0416,MERCHANT_149,748.74,2026-08-21 05:53:04.362924,DEVICE_0416_A,IP_0416_A,1326,0,1,0
TXN_005968,USER_0181,MERCHANT_081,1502.4,2026-08-21 06:06:04.362924,DEVICE_0181_A,IP_0181_A,241,0,0,0
TXN_002959,USER_0866,MERCHANT_054,1406.2,2026-08-21 06:24:04.362924,DEVICE_0866_A,IP_0866_A,837,0,0,0
TXN_002031,USER_0077,MERCHANT_007,5603.62,2026-08-21 06:35:04.362924,DEVICE_RING_C_01,IP_RING_C_01,82,8,3,1
TXN_000331,USER_0276,MERCHANT_088,594.51,2026-08-21 06:38:04.362924,DEVICE_0276_A,IP_0276_A,1269,1,2,0
TXN_003827,USER_0953,MERCHANT_077,248.34,2026-08-21 06:45:04.362924,DEVICE_0953_A,IP_0953_A,327,0,0,0
TXN_003696,USER_0678,MERCHANT_026,473.72,2026-08-21 07:03:04.362924,DEVICE_0678_A,IP_0678_A,1187,0,0,0
TXN_004968,USER_1456,MERCHANT_031,1389.03,2026-08-21 07:25:04.362924,DEVICE_1456_A,IP_1456_A,1293,0,0,0
TXN_000171,USER_1452,MERCHANT_086,307.91,2026-08-21 07:44:04.362924,DEVICE_1452_A,IP_1452_A,329,0,0,0
TXN_003128,USER_0789,MERCHANT_048,1612.69,2026-08-21 08:57:04.362924,DEVICE_0789_A,IP_0789_A,837,0,1,0
TXN_005605,USER_0707,MERCHANT_020,821.39,2026-08-21 09:11:04.362924,DEVICE_0707_A,IP_0707_A,1175,0,0,0
TXN_001143,USER_1218,MERCHANT_055,536.14,2026-08-21 10:22:04.362924,DEVICE_1218_A,IP_1218_A,618,0,0,0
TXN_004103,USER_1005,MERCHANT_125,1652.81,2026-08-21 10:29:04.362924,DEVICE_1005_A,IP_1005_A,117,0,2,0
TXN_001975,USER_0595,MERCHANT_075,591.64,2026-08-21 11:03:04.362924,DEVICE_0595_A,IP_0595_A,1398,0,0,0
TXN_001066,USER_0572,MERCHANT_115,259.09,2026-08-21 11:27:04.362924,DEVICE_0572_A,IP_0572_A,761,0,0,0
TXN_003749,USER_1328,MERCHANT_132,1752.1,2026-08-21 12:04:04.362924,DEVICE_1328_A,IP_1328_A,597,0,0,0
TXN_003921,USER_0222,MERCHANT_133,2412.83,2026-08-21 12:24:04.362924,DEVICE_0222_A,IP_0222_A,934,0,0,0
TXN_001904,USER_1187,MERCHANT_060,791.68,2026-08-21 12:39:04.362924,DEVICE_1187_A,IP_1187_A,654,1,0,0
TXN_001969,USER_1264,MERCHANT_010,518.4,2026-08-21 12:40:04.362924,DEVICE_1264_A,IP_1264_A,1329,0,0,0
TXN_000770,USER_0633,MERCHANT_098,2336.17,2026-08-21 12:54:04.362924,DEVICE_0633_A,IP_0633_A,55,0,0,0
TXN_001776,USER_0945,MERCHANT_010,222.94,2026-08-21 13:07:04.362924,DEVICE_0945_A,IP_0945_A,1122,1,0,0
TXN_002928,USER_1231,MERCHANT_111,704.84,2026-08-21 13:23:04.362924,DEVICE_1231_A,IP_1231_A,1255,1,0,0
TXN_004710,USER_0996,MERCHANT_037,582.82,2026-08-21 13:35:04.362924,DEVICE_0996_A,IP_0996_A,1433,0,0,0
TXN_001053,USER_1244,MERCHANT_114,869.09,2026-08-21 13:42:04.362924,DEVICE_1244_A,IP_1244_A,967,0,0,0
TXN_000377,USER_1044,MERCHANT_014,1154.21,2026-08-21 13:52:04.362924,DEVICE_1044_A,IP_1044_A,765,2,0,0
TXN_001239,USER_1403,MERCHANT_138,919.35,2026-08-21 14:06:04.362924,DEVICE_1403_A,IP_1403_A,420,0,0,0
TXN_004184,USER_1346,MERCHANT_020,386.93,2026-08-21 14:09:04.362924,DEVICE_1346_A,IP_1346_A,557,0,0,0
TXN_000236,USER_0733,MERCHANT_087,965.23,2026-08-21 15:13:04.362924,DEVICE_0733_A,IP_0733_A,1068,1,0,0
TXN_005097,USER_0284,MERCHANT_121,1168.87,2026-08-21 15:34:04.362924,DEVICE_0284_A,IP_0284_A,514,0,0,0
TXN_001597,USER_0917,MERCHANT_034,954.6,2026-08-21 16:13:04.362924,DEVICE_0917_A,IP_0917_A,254,2,0,0
TXN_004061,USER_1234,MERCHANT_121,1052.95,2026-08-21 17:26:04.362924,DEVICE_1234_A,IP_1234_A,301,0,0,0
TXN_003649,USER_1294,MERCHANT_043,1079.32,2026-08-21 17:38:04.362924,DEVICE_1294_A,IP_1294_A,245,0,0,0
TXN_002091,USER_1216,MERCHANT_094,766.62,2026-08-21 18:38:04.362924,DEVICE_1216_A,IP_1216_A,258,1,2,0
TXN_005944,USER_1443,MERCHANT_094,188.41,2026-08-21 18:49:04.362924,DEVICE_1443_A,IP_1443_A,771,1,0,0
TXN_000136,USER_0337,MERCHANT_063,1918.66,2026-08-21 19:20:04.362924,DEVICE_0337_A,IP_0337_A,922,0,0,0
TXN_003231,USER_0872,MERCHANT_128,438.56,2026-08-21 19:30:04.362924,DEVICE_0872_A,IP_0872_A,30,1,0,0
TXN_002967,USER_1174,MERCHANT_135,781.57,2026-08-21 19:48:04.362924,DEVICE_1174_A,IP_1174_A,1172,1,0,0
TXN_005988,USER_1434,MERCHANT_094,618.7,2026-08-21 20:30:04.362924,DEVICE_1434_A,IP_1434_A,273,1,1,0
TXN_003809,USER_1423,MERCHANT_120,980.6,2026-08-21 21:20:04.362924,DEVICE_1423_A,IP_1423_A,1102,0,0,0
TXN_004398,USER_0531,MERCHANT_067,291.13,2026-08-21 21:50:04.362924,DEVICE_0531_A,IP_0531_A,1057,1,1,0
TXN_002323,USER_0484,MERCHANT_130,845.78,2026-08-21 22:35:04.362924,DEVICE_0484_A,IP_0484_A,334,1,0,0
TXN_001319,USER_1423,MERCHANT_129,379.86,2026-08-21 23:15:04.362924,DEVICE_1423_A,IP_1423_A,446,1,0,0
TXN_003975,USER_1447,MERCHANT_106,783.43,2026-08-21 23:35:04.362924,DEVICE_1447_A,IP_1447_A,222,0,0,0
TXN_000424,USER_0609,MERCHANT_015,1243.4,2026-08-21 23:40:04.362924,DEVICE_0609_A,IP_0609_A,530,0,0,0
TXN_003893,USER_0006,MERCHANT_003,1123.39,2026-08-21 23:42:04.362924,DEVICE_RING_A_01,IP_RING_A_01,14,6,2,1
TXN_001683,USER_0808,MERCHANT_008,304.65,2026-08-21 23:58:04.362924,DEVICE_0808_A,IP_0808_A,520,0,0,0
TXN_002143,USER_0658,MERCHANT_149,683.3,2026-08-22 00:59:04.362924,DEVICE_0658_A,IP_0658_A,258,1,0,0
TXN_001007,USER_1415,MERCHANT_097,1174.18,2026-08-22 01:38:04.362924,DEVICE_1415_A,IP_1415_A,353,0,0,0
TXN_003693,USER_0469,MERCHANT_060,1496.04,2026-08-22 01:40:04.362924,DEVICE_0469_A,IP_0469_A,204,0,0,0
TXN_000353,USER_0958,MERCHANT_128,1141.59,2026-08-22 02:33:04.362924,DEVICE_0958_A,IP_0958_A,315,0,0,0
TXN_003992,USER_1152,MERCHANT_124,421.36,2026-08-22 02:37:04.362924,DEVICE_1152_A,IP_1152_A,848,0,1,0
TXN_003754,USER_1482,MERCHANT_004,428.7,2026-08-22 02:43:04.362924,DEVICE_1482_A,IP_1482_A,170,0,0,0
TXN_003007,USER_1313,MERCHANT_113,863.9,2026-08-22 02:53:04.362924,DEVICE_1313_A,IP_1313_A,35,0,0,0
TXN_003603,USER_0595,MERCHANT_137,2791.37,2026-08-22 03:14:04.362924,DEVICE_0595_A,IP_0595_A,491,0,0,0
TXN_000907,USER_1338,MERCHANT_023,216.38,2026-08-22 03:17:04.362924,DEVICE_1338_A,IP_1338_A,712,0,0,0
TXN_001586,USER_1120,MERCHANT_015,1009.04,2026-08-22 03:47:04.362924,DEVICE_1120_A,IP_1120_A,758,0,0,0
TXN_005590,USER_0987,MERCHANT_042,1904.88,2026-08-22 05:14:04.362924,DEVICE_0987_A,IP_0987_A,519,0,0,0
TXN_000329,USER_0917,MERCHANT_139,958.16,2026-08-22 06:10:04.362924,DEVICE_0917_A,IP_0917_A,709,0,0,0
TXN_000009,USER_0981,MERCHANT_126,421.92,2026-08-22 06:27:04.362924,DEVICE_0981_A,IP_0981_A,246,0,0,0
TXN_004102,USER_0163,MERCHANT_129,334.56,2026-08-22 07:23:04.362924,DEVICE_0163_A,IP_0163_A,1068,1,0,0
TXN_002954,USER_1265,MERCHANT_084,1877.48,2026-08-22 07:39:04.362924,DEVICE_1265_A,IP_1265_A,62,0,0,0
TXN_004346,USER_0275,MERCHANT_030,612.42,2026-08-22 08:07:04.362924,DEVICE_0275_A,IP_0275_A,455,0,0,0
TXN_003525,USER_0431,MERCHANT_025,387.84,2026-08-22 08:29:04.362924,DEVICE_0431_A,IP_0431_A,384,1,0,0
TXN_002590,USER_1380,MERCHANT_098,572.08,2026-08-22 08:40:04.362924,DEVICE_1380_A,IP_1380_A,77,0,0,0
TXN_004021,USER_0160,MERCHANT_118,3054.53,2026-08-22 08:49:04.362924,DEVICE_0160_A,IP_0160_A,331,0,0,0
TXN_000579,USER_1100,MERCHANT_108,197.95,2026-08-22 08:51:04.362924,DEVICE_1100_A,IP_1100_A,1358,1,0,0
TXN_002927,USER_0798,MERCHANT_009,549.91,2026-08-22 09:17:04.362924,DEVICE_0798_A,IP_0798_A,1269,0,0,0
TXN_004645,USER_0508,MERCHANT_105,967.7,2026-08-22 09:31:04.362924,DEVICE_0508_A,IP_0508_A,1268,0,0,0
TXN_005159,USER_0525,MERCHANT_123,522.6,2026-08-22 09:33:04.362924,DEVICE_0525_A,IP_0525_A,1229,0,0,0
TXN_002510,USER_1295,MERCHANT_036,222.54,2026-08-22 09:47:04.362924,DEVICE_1295_A,IP_1295_A,451,1,0,0
TXN_005083,USER_0293,MERCHANT_123,639.24,2026-08-22 10:11:04.362924,DEVICE_0293_A,IP_0293_A,667,0,0,0
TXN_000524,USER_1194,MERCHANT_146,920.46,2026-08-22 10:12:04.362924,DEVICE_1194_A,IP_1194_A,89,0,1,0
TXN_001106,USER_1093,MERCHANT_094,275.06,2026-08-22 10:13:04.362924,DEVICE_1093_A,IP_1093_A,1459,0,0,0
TXN_000955,USER_0690,MERCHANT_065,564.15,2026-08-22 10:32:04.362924,DEVICE_0690_A,IP_0690_A,301,0,0,0
TXN_004505,USER_0899,MERCHANT_098,511.0,2026-08-22 10:34:04.362924,DEVICE_0899_A,IP_0899_A,1284,0,2,0
TXN_004441,USER_0270,MERCHANT_007,216.85,2026-08-22 10:38:04.362924,DEVICE_0270_A,IP_0270_A,644,0,0,0
TXN_003524,USER_0580,MERCHANT_041,2036.13,2026-08-22 11:01:04.362924,DEVICE_0580_A,IP_0580_A,161,1,0,0
TXN_000575,USER_0716,MERCHANT_093,1117.65,2026-08-22 12:17:04.362924,DEVICE_0716_A,IP_0716_A,1416,0,0,0
TXN_001846,USER_0437,MERCHANT_078,277.6,2026-08-22 12:18:04.362924,DEVICE_0437_A,IP_0437_A,1316,0,2,0
TXN_003784,USER_1238,MERCHANT_114,249.08,2026-08-22 12:24:04.362924,DEVICE_1238_A,IP_1238_A,1075,1,0,0
TXN_005362,USER_1306,MERCHANT_081,653.61,2026-08-22 13:19:04.362924,DEVICE_1306_A,IP_1306_A,739,0,2,0
TXN_001404,USER_1264,MERCHANT_008,1028.8,2026-08-22 13:49:04.362924,DEVICE_1264_A,IP_1264_A,797,0,1,0
TXN_005700,USER_0711,MERCHANT_045,950.06,2026-08-22 14:20:04.362924,DEVICE_0711_A,IP_0711_A,1311,1,0,0
TXN_004396,USER_0975,MERCHANT_031,216.76,2026-08-22 14:24:04.362924,DEVICE_0975_A,IP_0975_A,857,1,2,0
TXN_003441,USER_0764,MERCHANT_075,669.19,2026-08-22 14:39:04.362924,DEVICE_0764_A,IP_0764_A,1104,0,0,0
TXN_002599,USER_1320,MERCHANT_133,1475.85,2026-08-22 15:21:04.362924,DEVICE_1320_A,IP_1320_A,1256,0,0,0
TXN_001071,USER_0996,MERCHANT_095,579.25,2026-08-22 15:41:04.362924,DEVICE_0996_A,IP_0996_A,820,0,0,0
TXN_005535,USER_0076,MERCHANT_008,2129.47,2026-08-22 15:49:04.362924,DEVICE_RING_C_02,IP_RING_C_02,40,5,1,1
TXN_004591,USER_0537,MERCHANT_057,378.7,2026-08-22 15:53:04.362924,DEVICE_0537_A,IP_0537_A,682,0,0,0
TXN_003147,USER_1418,MERCHANT_048,352.91,2026-08-22 16:45:04.362924,DEVICE_1418_A,IP_1418_A,887,0,0,0
TXN_005810,USER_1107,MERCHANT_050,504.68,2026-08-22 17:23:04.362924,DEVICE_1107_A,IP_1107_A,1092,0,2,0
TXN_002530,USER_1045,MERCHANT_056,256.92,2026-08-22 17:31:04.362924,DEVICE_1045_A,IP_1045_A,1286,0,0,0
TXN_005744,USER_0569,MERCHANT_128,199.87,2026-08-22 18:00:04.362924,DEVICE_0569_A,IP_0569_A,1410,0,0,0
TXN_000696,USER_1471,MERCHANT_031,475.69,2026-08-22 18:18:04.362924,DEVICE_1471_A,IP_1471_A,500,0,0,0
TXN_002034,USER_1075,MERCHANT_089,876.58,2026-08-22 19:07:04.362924,DEVICE_1075_A,IP_1075_A,898,0,0,0
TXN_002562,USER_1083,MERCHANT_131,639.83,2026-08-22 19:08:04.362924,DEVICE_1083_A,IP_1083_A,1028,0,1,0
TXN_005952,USER_0962,MERCHANT_071,611.53,2026-08-22 19:10:04.362924,DEVICE_0962_A,IP_0962_A,586,1,0,0
TXN_000095,USER_0064,MERCHANT_007,1689.08,2026-08-22 19:17:04.362924,DEVICE_RING_C_02,IP_RING_C_02,51,4,2,1
TXN_003002,USER_1227,MERCHANT_053,314.71,2026-08-22 19:50:04.362924,DEVICE_1227_A,IP_1227_A,685,0,0,0
TXN_002732,USER_0376,MERCHANT_108,2123.22,2026-08-22 20:47:04.362924,DEVICE_0376_A,IP_0376_A,552,0,0,0
TXN_005812,USER_1074,MERCHANT_025,1769.38,2026-08-22 20:49:04.362924,DEVICE_1074_A,IP_1074_A,1139,0,0,0
TXN_004202,USER_1392,MERCHANT_114,264.88,2026-08-22 21:11:04.362924,DEVICE_1392_A,IP_1392_A,345,0,1,0
TXN_004227,USER_0211,MERCHANT_060,2437.05,2026-08-22 21:50:04.362924,DEVICE_0211_A,IP_0211_A,214,0,0,0
TXN_005851,USER_0706,MERCHANT_127,720.02,2026-08-22 21:58:04.362924,DEVICE_0706_A,IP_0706_A,314,0,0,0
TXN_002811,USER_1439,MERCHANT_046,549.69,2026-08-22 22:33:04.362924,DEVICE_1439_A,IP_1439_A,1151,2,0,0
TXN_005089,USER_0113,MERCHANT_010,2720.48,2026-08-22 22:43:04.362924,DEVICE_RING_D_01,IP_RING_D_01,45,5,5,1
TXN_002784,USER_0352,MERCHANT_144,274.62,2026-08-22 23:03:04.362924,DEVICE_0352_A,IP_0352_A,1011,0,0,0
TXN_002487,USER_0629,MERCHANT_020,448.8,2026-08-22 23:27:04.362924,DEVICE_0629_A,IP_0629_A,1292,0,0,0
TXN_002219,USER_0325,MERCHANT_091,2897.84,2026-08-22 23:45:04.362924,DEVICE_0325_A,IP_0325_A,768,2,1,0
TXN_002682,USER_0077,MERCHANT_008,1848.26,2026-08-23 00:22:04.362924,DEVICE_RING_C_02,IP_RING_C_01,6,5,5,1
TXN_002889,USER_0779,MERCHANT_014,449.51,2026-08-23 00:30:04.362924,DEVICE_0779_A,IP_0779_A,958,0,0,0
TXN_003177,USER_1420,MERCHANT_027,199.7,2026-08-23 00:30:04.362924,DEVICE_1420_A,IP_1420_A,1084,0,1,0
TXN_001036,USER_1289,MERCHANT_150,1953.58,2026-08-23 00:41:04.362924,DEVICE_1289_A,IP_1289_A,79,2,0,0
TXN_002618,USER_1144,MERCHANT_033,638.06,2026-08-23 00:42:04.362924,DEVICE_1144_A,IP_1144_A,104,0,0,0
TXN_003452,USER_0673,MERCHANT_026,234.06,2026-08-23 01:09:04.362924,DEVICE_0673_A,IP_0673_A,540,0,2,0
TXN_000322,USER_1451,MERCHANT_009,937.58,2026-08-23 01:20:04.362924,DEVICE_1451_A,IP_1451_A,221,0,0,0
TXN_001261,USER_0329,MERCHANT_144,912.03,2026-08-23 01:42:04.362924,DEVICE_0329_A,IP_0329_A,115,0,0,0
TXN_001533,USER_0423,MERCHANT_097,764.56,2026-08-23 01:48:04.362924,DEVICE_0423_A,IP_0423_A,904,0,0,0
TXN_000433,USER_0146,MERCHANT_063,490.23,2026-08-23 02:22:04.362924,DEVICE_0146_A,IP_0146_A,124,0,0,0
TXN_002127,USER_0948,MERCHANT_127,247.48,2026-08-23 03:10:04.362924,DEVICE_0948_A,IP_0948_A,980,0,1,0
TXN_002151,USER_0907,MERCHANT_066,525.86,2026-08-23 03:22:04.362924,DEVICE_0907_A,IP_0907_A,1334,0,1,0
TXN_004843,USER_0613,MERCHANT_138,1003.37,2026-08-23 03:37:04.362924,DEVICE_0613_A,IP_0613_A,692,1,2,0
TXN_005907,USER_0844,MERCHANT_103,525.75,2026-08-23 04:25:04.362924,DEVICE_0844_A,IP_0844_A,55,0,2,0
TXN_001309,USER_1202,MERCHANT_082,1354.72,2026-08-23 04:27:04.362924,DEVICE_1202_A,IP_1202_A,812,0,0,0
TXN_001125,USER_1228,MERCHANT_140,2042.65,2026-08-23 04:30:04.362924,DEVICE_1228_A,IP_1228_A,66,2,0,0
TXN_001414,USER_0962,MERCHANT_101,3043.25,2026-08-23 04:35:04.362924,DEVICE_0962_A,IP_0962_A,351,2,0,0
TXN_003867,USER_0945,MERCHANT_034,762.48,2026-08-23 05:54:04.362924,DEVICE_0945_A,IP_0945_A,962,1,0,0
TXN_000407,USER_0985,MERCHANT_034,269.4,2026-08-23 05:58:04.362924,DEVICE_0985_A,IP_0985_A,1008,0,0,0
TXN_003454,USER_0115,MERCHANT_011,1427.16,2026-08-23 06:09:04.362924,DEVICE_RING_D_01,IP_RING_D_02,39,8,5,1
TXN_004372,USER_0580,MERCHANT_129,398.38,2026-08-23 06:12:04.362924,DEVICE_0580_A,IP_0580_A,200,0,1,0
TXN_005981,USER_1202,MERCHANT_121,283.75,2026-08-23 06:47:04.362924,DEVICE_1202_A,IP_1202_A,714,0,0,0
TXN_000919,USER_1384,MERCHANT_067,429.28,2026-08-23 07:37:04.362924,DEVICE_1384_A,IP_1384_A,774,0,0,0
TXN_002168,USER_0349,MERCHANT_114,233.63,2026-08-23 07:43:04.362924,DEVICE_0349_A,IP_0349_A,1346,0,1,0
TXN_002553,USER_0260,MERCHANT_123,2440.98,2026-08-23 07:49:04.362924,DEVICE_0260_A,IP_0260_A,1081,2,0,0
TXN_003288,USER_0581,MERCHANT_006,511.93,2026-08-23 09:21:04.362924,DEVICE_0581_A,IP_0581_A,35,0,0,0
TXN_001994,USER_0294,MERCHANT_020,1020.61,2026-08-23 09:33:04.362924,DEVICE_0294_A,IP_0294_A,181,0,0,0
TXN_002751,USER_1469,MERCHANT_133,2238.44,2026-08-23 09:36:04.362924,DEVICE_1469_A,IP_1469_A,665,1,0,0
TXN_003255,USER_0680,MERCHANT_140,790.48,2026-08-23 09:41:04.362924,DEVICE_0680_A,IP_0680_A,921,0,0,0
TXN_005870,USER_0184,MERCHANT_138,449.0,2026-08-23 09:51:04.362924,DEVICE_0184_A,IP_0184_A,1024,0,0,0
TXN_003272,USER_0060,MERCHANT_005,1044.28,2026-08-23 11:24:04.362924,DEVICE_RING_B_02,IP_RING_B_02,82,6,3,1
TXN_002858,USER_1487,MERCHANT_141,504.74,2026-08-23 11:25:04.362924,DEVICE_1487_A,IP_1487_A,1112,0,0,0
TXN_004531,USER_1186,MERCHANT_110,680.58,2026-08-23 11:33:04.362924,DEVICE_1186_A,IP_1186_A,440,0,0,0
TXN_003013,USER_0232,MERCHANT_141,228.5,2026-08-23 11:44:04.362924,DEVICE_0232_A,IP_0232_A,415,0,1,0
TXN_003800,USER_0181,MERCHANT_031,280.06,2026-08-23 12:12:04.362924,DEVICE_0181_A,IP_0181_A,1480,0,0,0
TXN_003757,USER_0949,MERCHANT_111,648.4,2026-08-23 12:17:04.362924,DEVICE_0949_A,IP_0949_A,934,0,0,0
TXN_001215,USER_0220,MERCHANT_073,480.93,2026-08-23 12:23:04.362924,DEVICE_0220_A,IP_0220_A,691,1,0,0
TXN_003818,USER_0338,MERCHANT_002,546.83,2026-08-23 12:25:04.362924,DEVICE_0338_A,IP_0338_A,402,1,0,0
TXN_005935,USER_1195,MERCHANT_101,2104.87,2026-08-23 13:59:04.362924,DEVICE_1195_A,IP_1195_A,229,1,0,0
TXN_000836,USER_0341,MERCHANT_005,715.22,2026-08-23 14:35:04.362924,DEVICE_0341_A,IP_0341_A,629,1,0,0
TXN_001722,USER_0064,MERCHANT_009,1928.5,2026-08-23 14:37:04.362924,DEVICE_RING_C_02,IP_RING_C_02,1,5,2,1
TXN_002905,USER_1306,MERCHANT_083,192.3,2026-08-23 15:11:04.362924,DEVICE_1306_A,IP_1306_A,127,0,0,0
TXN_005191,USER_1441,MERCHANT_080,372.55,2026-08-23 15:25:04.362924,DEVICE_1441_A,IP_1441_A,646,0,0,0
TXN_000047,USER_1174,MERCHANT_001,424.73,2026-08-23 15:57:04.362924,DEVICE_1174_A,IP_1174_A,1376,1,0,0
TXN_004872,USER_0387,MERCHANT_106,1664.06,2026-08-23 15:58:04.362924,DEVICE_0387_A,IP_0387_A,910,2,0,0
TXN_002419,USER_0246,MERCHANT_114,804.28,2026-08-23 16:10:04.362924,DEVICE_0246_A,IP_0246_A,408,0,0,0
TXN_004051,USER_0939,MERCHANT_143,344.95,2026-08-23 16:30:04.362924,DEVICE_0939_A,IP_0939_A,1084,0,0,0
TXN_003248,USER_0965,MERCHANT_089,346.22,2026-08-23 16:36:04.362924,DEVICE_0965_A,IP_0965_A,299,0,0,0
TXN_005726,USER_0959,MERCHANT_046,241.25,2026-08-23 16:39:04.362924,DEVICE_0959_A,IP_0959_A,1290,0,0,0
TXN_000188,USER_1463,MERCHANT_085,568.11,2026-08-23 17:53:04.362924,DEVICE_1463_A,IP_1463_A,589,0,0,0
TXN_005552,USER_0768,MERCHANT_060,813.95,2026-08-23 19:11:04.362924,DEVICE_0768_A,IP_0768_A,239,0,0,0
TXN_001174,USER_0285,MERCHANT_126,572.48,2026-08-23 19:18:04.362924,DEVICE_0285_A,IP_0285_A,994,1,1,0
TXN_004664,USER_1217,MERCHANT_009,421.34,2026-08-23 19:28:04.362924,DEVICE_1217_A,IP_1217_A,759,0,0,0
TXN_005648,USER_0255,MERCHANT_071,1945.1,2026-08-23 19:45:04.362924,DEVICE_0255_A,IP_0255_A,1373,0,0,0
TXN_004442,USER_0068,MERCHANT_009,3125.03,2026-08-23 19:54:04.362924,DEVICE_RING_C_02,IP_RING_C_01,43,8,2,1
TXN_000838,USER_0006,MERCHANT_003,921.21,2026-08-23 20:01:04.362924,DEVICE_RING_A_01,IP_RING_A_02,3,2,2,1
TXN_001756,USER_0064,MERCHANT_008,9874.44,2026-08-23 20:14:04.362924,DEVICE_RING_C_01,IP_RING_C_01,18,3,1,1
TXN_002250,USER_0043,MERCHANT_006,6283.59,2026-08-23 20:27:04.362924,DEVICE_RING_B_01,IP_RING_B_01,29,8,1,1
TXN_005170,USER_0102,MERCHANT_011,809.15,2026-08-23 20:32:04.362924,DEVICE_RING_D_02,IP_RING_D_01,52,8,3,1
TXN_000857,USER_1384,MERCHANT_126,321.39,2026-08-23 20:48:04.362924,DEVICE_1384_A,IP_1384_A,1438,0,0,0
TXN_000679,USER_1107,MERCHANT_044,1210.38,2026-08-23 21:11:04.362924,DEVICE_1107_A,IP_1107_A,479,1,0,0
TXN_003955,USER_0526,MERCHANT_106,388.17,2026-08-23 21:16:04.362924,DEVICE_0526_A,IP_0526_A,264,0,1,0
TXN_002461,USER_0078,MERCHANT_007,2697.29,2026-08-23 22:08:04.362924,DEVICE_RING_C_02,IP_RING_C_02,41,8,4,1
TXN_002095,USER_1123,MERCHANT_118,1308.01,2026-08-23 22:28:04.362924,DEVICE_1123_A,IP_1123_A,781,0,0,0
TXN_005412,USER_0334,MERCHANT_023,405.15,2026-08-23 22:40:04.362924,DEVICE_0334_A,IP_0334_A,826,0,0,0
TXN_001784,USER_0009,MERCHANT_001,5345.99,2026-08-23 22:44:04.362924,DEVICE_RING_A_01,IP_RING_A_01,39,2,3,1
TXN_000026,USER_1126,MERCHANT_027,652.05,2026-08-23 23:42:04.362924,DEVICE_1126_A,IP_1126_A,55,0,0,0
TXN_001236,USER_0100,MERCHANT_011,12876.55,2026-08-24 00:24:04.362924,DEVICE_RING_D_02,IP_RING_D_02,12,3,2,1
TXN_000618,USER_0117,MERCHANT_012,5165.79,2026-08-24 00:33:04.362924,DEVICE_RING_D_01,IP_RING_D_02,70,7,5,1
TXN_005995,USER_1157,MERCHANT_063,1146.62,2026-08-24 01:11:04.362924,DEVICE_1157_A,IP_1157_A,1388,1,1,0
TXN_000587,USER_0459,MERCHANT_020,425.14,2026-08-24 01:48:04.362924,DEVICE_0459_A,IP_0459_A,1036,0,0,0
TXN_001484,USER_0303,MERCHANT_028,444.61,2026-08-24 01:48:04.362924,DEVICE_0303_A,IP_0303_A,1332,0,0,0
TXN_000282,USER_0894,MERCHANT_097,985.87,2026-08-24 02:14:04.362924,DEVICE_0894_A,IP_0894_A,194,0,0,0
TXN_000099,USER_0598,MERCHANT_085,602.31,2026-08-24 02:24:04.362924,DEVICE_0598_A,IP_0598_A,332,1,0,0
TXN_001022,USER_0530,MERCHANT_097,390.2,2026-08-24 02:49:04.362924,DEVICE_0530_A,IP_0530_A,481,0,0,0
TXN_002380,USER_1398,MERCHANT_106,729.34,2026-08-24 03:19:04.362924,DEVICE_1398_A,IP_1398_A,134,0,0,0
TXN_001425,USER_0444,MERCHANT_071,274.05,2026-08-24 04:15:04.362924,DEVICE_0444_A,IP_0444_A,1316,0,0,0
TXN_004939,USER_0291,MERCHANT_129,1253.81,2026-08-24 04:26:04.362924,DEVICE_0291_A,IP_0291_A,1226,0,0,0
TXN_004059,USER_0703,MERCHANT_145,1234.5,2026-08-24 04:38:04.362924,DEVICE_0703_A,IP_0703_A,174,0,0,0
TXN_005903,USER_1354,MERCHANT_083,535.37,2026-08-24 05:08:04.362924,DEVICE_1354_A,IP_1354_A,570,0,1,0
TXN_002360,USER_1023,MERCHANT_018,815.19,2026-08-24 05:59:04.362924,DEVICE_1023_A,IP_1023_A,533,0,0,0
TXN_004511,USER_0876,MERCHANT_017,246.33,2026-08-24 06:21:04.362924,DEVICE_0876_A,IP_0876_A,325,0,2,0
TXN_001201,USER_0696,MERCHANT_093,659.08,2026-08-24 06:44:04.362924,DEVICE_0696_A,IP_0696_A,910,0,1,0
TXN_001290,USER_0079,MERCHANT_008,290.37,2026-08-24 07:28:04.362924,DEVICE_RING_C_02,IP_RING_C_02,89,5,4,1
TXN_002094,USER_1052,MERCHANT_112,255.39,2026-08-24 07:53:04.362924,DEVICE_1052_A,IP_1052_A,129,0,0,0
TXN_001460,USER_0902,MERCHANT_134,994.08,2026-08-24 08:59:04.362924,DEVICE_0902_A,IP_0902_A,688,0,0,0
TXN_004277,USER_1043,MERCHANT_115,383.03,2026-08-24 09:00:04.362924,DEVICE_1043_A,IP_1043_A,1131,0,1,0
TXN_000243,USER_0248,MERCHANT_036,876.27,2026-08-24 09:13:04.362924,DEVICE_0248_A,IP_0248_A,1092,0,0,0
TXN_000584,USER_0813,MERCHANT_133,3294.3,2026-08-24 09:56:04.362924,DEVICE_0813_A,IP_0813_A,1101,0,0,0
TXN_003691,USER_0979,MERCHANT_006,895.11,2026-08-24 10:23:04.362924,DEVICE_0979_A,IP_0979_A,411,0,0,0
TXN_000792,USER_0185,MERCHANT_052,701.13,2026-08-24 10:42:04.362924,DEVICE_0185_A,IP_0185_A,249,0,0,0
TXN_002377,USER_1471,MERCHANT_094,458.11,2026-08-24 10:57:04.362924,DEVICE_1471_A,IP_1471_A,978,0,0,0
TXN_003664,USER_1002,MERCHANT_024,758.4,2026-08-24 11:24:04.362924,DEVICE_1002_A,IP_1002_A,781,0,0,0
TXN_003620,USER_0023,MERCHANT_003,6116.18,2026-08-24 11:28:04.362924,DEVICE_RING_A_01,IP_RING_A_01,67,6,2,1
TXN_005699,USER_1280,MERCHANT_078,554.58,2026-08-24 11:43:04.362924,DEVICE_1280_A,IP_1280_A,1175,0,0,0
TXN_005832,USER_1379,MERCHANT_057,548.52,2026-08-24 13:33:04.362924,DEVICE_1379_A,IP_1379_A,430,0,0,0
TXN_001272,USER_1185,MERCHANT_076,947.46,2026-08-24 15:46:04.362924,DEVICE_1185_A,IP_1185_A,888,0,0,0
TXN_000414,USER_0738,MERCHANT_053,1564.29,2026-08-24 15:48:04.362924,DEVICE_0738_A,IP_0738_A,1090,0,0,0
TXN_003578,USER_0141,MERCHANT_084,371.75,2026-08-24 15:49:04.362924,DEVICE_0141_A,IP_0141_A,380,0,1,0
TXN_005857,USER_1244,MERCHANT_106,113.21,2026-08-24 16:28:04.362924,DEVICE_1244_A,IP_1244_A,1019,0,0,0
TXN_005687,USER_0375,MERCHANT_079,1538.08,2026-08-24 16:46:04.362924,DEVICE_0375_A,IP_0375_A,401,0,0,0
TXN_002499,USER_0696,MERCHANT_073,1085.41,2026-08-24 17:00:04.362924,DEVICE_0696_A,IP_0696_A,1011,0,0,0
TXN_005309,USER_0010,MERCHANT_003,1170.37,2026-08-24 17:07:04.362924,DEVICE_RING_A_01,IP_RING_A_02,52,4,2,1
TXN_004538,USER_0031,MERCHANT_005,1845.85,2026-08-24 17:43:04.362924,DEVICE_RING_B_02,IP_RING_B_02,73,7,1,1
TXN_000259,USER_0197,MERCHANT_003,836.98,2026-08-24 17:48:04.362924,DEVICE_0197_A,IP_0197_A,641,0,0,0
TXN_003033,USER_0085,MERCHANT_008,3934.56,2026-08-24 18:05:04.362924,DEVICE_RING_C_01,IP_RING_C_01,23,2,1,1
TXN_005764,USER_0111,MERCHANT_012,613.53,2026-08-24 18:15:04.362924,DEVICE_RING_D_01,IP_RING_D_02,59,3,3,1
TXN_002052,USER_0626,MERCHANT_079,313.12,2026-08-24 18:48:04.362924,DEVICE_0626_A,IP_0626_A,1424,0,1,0
TXN_004791,USER_0543,MERCHANT_056,491.63,2026-08-24 19:07:04.362924,DEVICE_0543_A,IP_0543_A,1303,0,1,0
TXN_002977,USER_0358,MERCHANT_084,1547.99,2026-08-24 19:10:04.362924,DEVICE_0358_A,IP_0358_A,679,0,0,0
TXN_000861,USER_0207,MERCHANT_063,698.63,2026-08-24 20:02:04.362924,DEVICE_0207_A,IP_0207_A,1092,0,2,0
TXN_001199,USER_1079,MERCHANT_034,709.72,2026-08-24 20:19:04.362924,DEVICE_1079_A,IP_1079_A,213,0,0,0
TXN_003049,USER_1414,MERCHANT_002,825.55,2026-08-24 21:50:04.362924,DEVICE_1414_A,IP_1414_A,484,1,1,0
TXN_000635,USER_0111,MERCHANT_010,908.63,2026-08-24 21:56:04.362924,DEVICE_RING_D_01,IP_RING_D_01,59,7,3,1
TXN_003789,USER_0895,MERCHANT_141,687.27,2026-08-24 22:05:04.362924,DEVICE_0895_A,IP_0895_A,342,2,0,0
TXN_005176,USER_0464,MERCHANT_104,2316.94,2026-08-24 22:41:04.362924,DEVICE_0464_A,IP_0464_A,812,0,2,0
TXN_002316,USER_0637,MERCHANT_128,823.13,2026-08-24 22:52:04.362924,DEVICE_0637_A,IP_0637_A,215,0,0,0
TXN_002816,USER_0980,MERCHANT_034,1104.94,2026-08-24 23:42:04.362924,DEVICE_0980_A,IP_0980_A,784,1,1,0
TXN_004795,USER_0591,MERCHANT_016,536.11,2026-08-24 23:57:04.362924,DEVICE_0591_A,IP_0591_A,873,0,0,0
TXN_001848,USER_0368,MERCHANT_134,313.34,2026-08-25 00:42:04.362924,DEVICE_0368_A,IP_0368_A,228,0,0,0
TXN_003242,USER_0024,MERCHANT_002,25000.0,2026-08-25 01:10:04.362924,DEVICE_RING_A_02,IP_RING_A_01,7,8,5,1
TXN_004983,USER_0153,MERCHANT_089,743.98,2026-08-25 02:33:04.362924,DEVICE_0153_A,IP_0153_A,531,0,1,0
TXN_004317,USER_0659,MERCHANT_024,257.57,2026-08-25 02:40:04.362924,DEVICE_0659_A,IP_0659_A,641,0,0,0
TXN_003940,USER_0490,MERCHANT_004,336.13,2026-08-25 02:41:04.362924,DEVICE_0490_A,IP_0490_A,215,1,0,0
TXN_001340,USER_1192,MERCHANT_071,681.8,2026-08-25 03:06:04.362924,DEVICE_1192_A,IP_1192_A,422,1,0,0
TXN_002745,USER_0709,MERCHANT_037,90.0,2026-08-25 03:46:04.362924,DEVICE_0709_A,IP_0709_A,610,0,0,0
TXN_003254,USER_0616,MERCHANT_087,1326.79,2026-08-25 03:46:04.362924,DEVICE_0616_A,IP_0616_A,340,0,0,0
TXN_000666,USER_0216,MERCHANT_011,649.86,2026-08-25 04:18:04.362924,DEVICE_0216_A,IP_0216_A,1358,0,0,0
TXN_000013,USER_1044,MERCHANT_063,719.39,2026-08-25 04:29:04.362924,DEVICE_1044_A,IP_1044_A,981,0,0,0
TXN_000507,USER_0603,MERCHANT_122,384.77,2026-08-25 04:32:04.362924,DEVICE_0603_A,IP_0603_A,642,0,1,0
TXN_005651,USER_1230,MERCHANT_135,525.76,2026-08-25 04:36:04.362924,DEVICE_1230_A,IP_1230_A,1160,0,1,0
TXN_002591,USER_0104,MERCHANT_010,8616.93,2026-08-25 04:52:04.362924,DEVICE_RING_D_02,IP_RING_D_02,64,6,5,1
TXN_005559,USER_0732,MERCHANT_089,587.0,2026-08-25 05:18:04.362924,DEVICE_0732_A,IP_0732_A,1305,1,0,0
TXN_000401,USER_1452,MERCHANT_078,181.47,2026-08-25 05:36:04.362924,DEVICE_1452_A,IP_1452_A,355,1,1,0
TXN_000760,USER_0103,MERCHANT_012,5035.94,2026-08-25 05:38:04.362924,DEVICE_RING_D_01,IP_RING_D_01,83,5,4,1
TXN_000877,USER_0080,MERCHANT_007,1489.86,2026-08-25 05:39:04.362924,DEVICE_RING_C_01,IP_RING_C_01,19,2,3,1
TXN_001441,USER_0026,MERCHANT_001,4850.94,2026-08-25 05:54:04.362924,DEVICE_RING_A_01,IP_RING_A_01,54,6,1,1
TXN_002881,USER_0419,MERCHANT_049,111.97,2026-08-25 05:55:04.362924,DEVICE_0419_A,IP_0419_A,1112,0,0,0
TXN_003751,USER_0295,MERCHANT_082,386.64,2026-08-25 06:07:04.362924,DEVICE_0295_A,IP_0295_A,219,0,0,0
TXN_004014,USER_1310,MERCHANT_037,696.41,2026-08-25 06:20:04.362924,DEVICE_1310_A,IP_1310_A,1369,0,0,0
TXN_000801,USER_0334,MERCHANT_043,1212.75,2026-08-25 07:05:04.362924,DEVICE_0334_A,IP_0334_A,399,0,0,0
TXN_002464,USER_1168,MERCHANT_015,237.15,2026-08-25 08:02:04.362924,DEVICE_1168_A,IP_1168_A,1498,1,0,0
TXN_001771,USER_1495,MERCHANT_020,619.95,2026-08-25 08:15:04.362924,DEVICE_1495_A,IP_1495_A,1205,1,0,0
TXN_000288,USER_0153,MERCHANT_062,932.78,2026-08-25 09:07:04.362924,DEVICE_0153_A,IP_0153_A,452,0,0,0
TXN_005420,USER_1338,MERCHANT_033,247.79,2026-08-25 09:20:04.362924,DEVICE_1338_A,IP_1338_A,985,0,1,0
TXN_005811,USER_0184,MERCHANT_018,1372.44,2026-08-25 10:16:04.362924,DEVICE_0184_A,IP_0184_A,407,1,1,0
TXN_002787,USER_0008,MERCHANT_003,1157.54,2026-08-25 10:34:04.362924,DEVICE_RING_A_01,IP_RING_A_02,69,2,3,1
TXN_005473,USER_0418,MERCHANT_131,453.46,2026-08-25 10:40:04.362924,DEVICE_0418_A,IP_0418_A,507,0,0,0
TXN_002193,USER_0560,MERCHANT_048,2738.49,2026-08-25 10:56:04.362924,DEVICE_0560_A,IP_0560_A,687,0,0,0
TXN_000466,USER_0051,MERCHANT_006,2004.35,2026-08-25 11:05:04.362924,DEVICE_RING_B_01,IP_RING_B_02,46,5,5,1
TXN_004084,USER_0131,MERCHANT_121,143.05,2026-08-25 11:31:04.362924,DEVICE_0131_A,IP_0131_A,876,0,0,0
TXN_000942,USER_1117,MERCHANT_112,1154.33,2026-08-25 11:36:04.362924,DEVICE_1117_A,IP_1117_A,308,0,0,0
TXN_005302,USER_0272,MERCHANT_114,474.58,2026-08-25 11:46:04.362924,DEVICE_0272_A,IP_0272_A,248,0,0,0
TXN_004150,USER_0373,MERCHANT_142,720.23,2026-08-25 12:13:04.362924,DEVICE_0373_A,IP_0373_A,511,0,0,0
TXN_001375,USER_0657,MERCHANT_045,1808.6,2026-08-25 12:40:04.362924,DEVICE_0657_A,IP_0657_A,725,1,0,0
TXN_001160,USER_0305,MERCHANT_102,470.27,2026-08-25 13:25:04.362924,DEVICE_0305_A,IP_0305_A,317,0,0,0
TXN_001384,USER_1122,MERCHANT_054,380.94,2026-08-25 13:40:04.362924,DEVICE_1122_A,IP_1122_A,196,1,0,0
TXN_003471,USER_1460,MERCHANT_023,560.25,2026-08-25 14:17:04.362924,DEVICE_1460_A,IP_1460_A,1354,0,0,0
TXN_003297,USER_0003,MERCHANT_002,13365.59,2026-08-25 14:54:04.362924,DEVICE_RING_A_02,IP_RING_A_02,29,8,2,1
TXN_003878,USER_0201,MERCHANT_088,719.95,2026-08-25 16:25:04.362924,DEVICE_0201_A,IP_0201_A,1433,0,0,0
TXN_002876,USER_1480,MERCHANT_031,303.28,2026-08-25 16:49:04.362924,DEVICE_1480_A,IP_1480_A,321,1,0,0
TXN_001760,USER_0696,MERCHANT_101,1608.59,2026-08-25 16:54:04.362924,DEVICE_0696_A,IP_0696_A,240,0,0,0
TXN_005714,USER_0368,MERCHANT_038,808.73,2026-08-25 16:59:04.362924,DEVICE_0368_A,IP_0368_A,727,0,0,0
TXN_000775,USER_0227,MERCHANT_056,956.51,2026-08-25 17:20:04.362924,DEVICE_0227_A,IP_0227_A,261,0,0,0
TXN_001888,USER_1250,MERCHANT_123,824.66,2026-08-25 17:20:04.362924,DEVICE_1250_A,IP_1250_A,295,0,0,0
TXN_000326,USER_0099,MERCHANT_012,742.38,2026-08-25 17:25:04.362924,DEVICE_RING_D_01,IP_RING_D_01,36,6,5,1
TXN_001307,USER_1307,MERCHANT_114,612.82,2026-08-25 17:38:04.362924,DEVICE_1307_A,IP_1307_A,203,1,0,0
TXN_001822,USER_0799,MERCHANT_101,635.6,2026-08-25 18:23:04.362924,DEVICE_0799_A,IP_0799_A,1236,0,2,0
TXN_001885,USER_0242,MERCHANT_036,588.23,2026-08-25 18:27:04.362924,DEVICE_0242_A,IP_0242_A,448,0,0,0
TXN_000898,USER_0845,MERCHANT_017,669.79,2026-08-25 18:27:04.362924,DEVICE_0845_A,IP_0845_A,335,0,0,0
TXN_005347,USER_1354,MERCHANT_062,488.25,2026-08-25 18:32:04.362924,DEVICE_1354_A,IP_1354_A,974,0,0,0
TXN_003407,USER_0008,MERCHANT_002,4944.92,2026-08-25 19:26:04.362924,DEVICE_RING_A_02,IP_RING_A_01,85,2,5,1
TXN_001248,USER_1090,MERCHANT_030,336.79,2026-08-25 20:53:04.362924,DEVICE_1090_A,IP_1090_A,1043,0,0,0
TXN_003472,USER_0706,MERCHANT_017,564.69,2026-08-25 21:10:04.362924,DEVICE_0706_A,IP_0706_A,983,0,2,0
TXN_004297,USER_0240,MERCHANT_066,271.95,2026-08-25 21:22:04.362924,DEVICE_0240_A,IP_0240_A,1181,0,0,0
TXN_000550,USER_0519,MERCHANT_129,381.44,2026-08-25 21:30:04.362924,DEVICE_0519_A,IP_0519_A,275,1,0,0
TXN_000189,USER_0940,MERCHANT_113,317.93,2026-08-25 21:38:04.362924,DEVICE_0940_A,IP_0940_A,821,0,0,0
TXN_005701,USER_0041,MERCHANT_006,2437.07,2026-08-25 21:46:04.362924,DEVICE_RING_B_02,IP_RING_B_01,26,7,2,1
TXN_002015,USER_0882,MERCHANT_145,1117.71,2026-08-25 21:46:04.362924,DEVICE_0882_A,IP_0882_A,1361,0,0,0
TXN_000810,USER_1313,MERCHANT_064,306.73,2026-08-25 21:56:04.362924,DEVICE_1313_A,IP_1313_A,507,0,0,0
TXN_003069,USER_0927,MERCHANT_112,710.44,2026-08-25 21:58:04.362924,DEVICE_0927_A,IP_0927_A,334,0,0,0
TXN_002764,USER_1042,MERCHANT_054,373.62,2026-08-25 22:20:04.362924,DEVICE_1042_A,IP_1042_A,221,0,0,0
TXN_002381,USER_0441,MERCHANT_099,291.23,2026-08-25 22:36:04.362924,DEVICE_0441_A,IP_0441_A,1089,0,1,0
TXN_004541,USER_0122,MERCHANT_020,275.0,2026-08-25 22:45:04.362924,DEVICE_0122_A,IP_0122_A,251,1,0,0
TXN_000807,USER_0061,MERCHANT_007,3121.85,2026-08-25 23:28:04.362924,DEVICE_RING_C_02,IP_RING_C_01,41,2,3,1
TXN_005476,USER_1242,MERCHANT_038,2047.72,2026-08-26 00:13:04.362924,DEVICE_1242_A,IP_1242_A,157,0,0,0
TXN_004956,USER_0462,MERCHANT_095,211.65,2026-08-26 00:46:04.362924,DEVICE_0462_A,IP_0462_A,1388,2,0,0
TXN_003257,USER_0734,MERCHANT_139,309.86,2026-08-26 00:56:04.362924,DEVICE_0734_A,IP_0734_A,1060,0,0,0
TXN_003774,USER_0650,MERCHANT_080,339.39,2026-08-26 01:24:04.362924,DEVICE_0650_A,IP_0650_A,811,1,2,0
TXN_004797,USER_1235,MERCHANT_026,864.0,2026-08-26 02:10:04.362924,DEVICE_1235_A,IP_1235_A,1358,1,0,0
TXN_000010,USER_1062,MERCHANT_040,901.31,2026-08-26 02:12:04.362924,DEVICE_1062_A,IP_1062_A,921,0,0,0
TXN_003208,USER_0581,MERCHANT_073,1118.31,2026-08-26 02:43:04.362924,DEVICE_0581_A,IP_0581_A,33,1,0,0
TXN_000909,USER_0550,MERCHANT_083,973.64,2026-08-26 03:25:04.362924,DEVICE_0550_A,IP_0550_A,440,0,0,0
TXN_005413,USER_0851,MERCHANT_136,338.25,2026-08-26 03:34:04.362924,DEVICE_0851_A,IP_0851_A,1198,0,1,0
TXN_001646,USER_1030,MERCHANT_042,827.29,2026-08-26 03:59:04.362924,DEVICE_1030_A,IP_1030_A,659,0,0,0
TXN_003253,USER_0728,MERCHANT_055,968.67,2026-08-26 04:00:04.362924,DEVICE_0728_A,IP_0728_A,767,0,0,0
TXN_001436,USER_1211,MERCHANT_056,741.64,2026-08-26 04:38:04.362924,DEVICE_1211_A,IP_1211_A,935,0,1,0
TXN_001313,USER_0784,MERCHANT_067,1702.04,2026-08-26 05:20:04.362924,DEVICE_0784_A,IP_0784_A,799,2,1,0
TXN_001832,USER_0656,MERCHANT_078,714.68,2026-08-26 05:23:04.362924,DEVICE_0656_A,IP_0656_A,1252,0,0,0
TXN_000734,USER_1412,MERCHANT_133,167.33,2026-08-26 05:54:04.362924,DEVICE_1412_A,IP_1412_A,1123,1,0,0
TXN_003673,USER_0335,MERCHANT_119,254.59,2026-08-26 05:58:04.362924,DEVICE_0335_A,IP_0335_A,692,0,0,0
TXN_003528,USER_0138,MERCHANT_027,2829.51,2026-08-26 06:41:04.362924,DEVICE_0138_A,IP_0138_A,1223,0,0,0
TXN_004395,USER_0200,MERCHANT_039,1126.28,2026-08-26 06:42:04.362924,DEVICE_0200_A,IP_0200_A,1114,0,1,0
TXN_000611,USER_1214,MERCHANT_074,980.15,2026-08-26 07:12:04.362924,DEVICE_1214_A,IP_1214_A,895,1,0,0
TXN_002396,USER_0161,MERCHANT_126,202.29,2026-08-26 07:28:04.362924,DEVICE_0161_A,IP_0161_A,1405,0,1,0
TXN_004614,USER_0646,MERCHANT_118,408.56,2026-08-26 07:47:04.362924,DEVICE_0646_A,IP_0646_A,37,1,1,0
TXN_005213,USER_0924,MERCHANT_111,526.08,2026-08-26 07:48:04.362924,DEVICE_0924_A,IP_0924_A,502,0,0,0
TXN_003095,USER_0653,MERCHANT_078,313.88,2026-08-26 07:51:04.362924,DEVICE_0653_A,IP_0653_A,1125,0,0,0
TXN_003453,USER_1290,MERCHANT_115,545.22,2026-08-26 07:58:04.362924,DEVICE_1290_A,IP_1290_A,294,0,0,0
TXN_000432,USER_1296,MERCHANT_030,130.0,2026-08-26 08:05:04.362924,DEVICE_1296_A,IP_1296_A,497,1,0,0
TXN_003959,USER_0916,MERCHANT_134,1386.52,2026-08-26 09:09:04.362924,DEVICE_0916_A,IP_0916_A,771,0,0,0
TXN_004452,USER_0122,MERCHANT_108,413.13,2026-08-26 09:14:04.362924,DEVICE_0122_A,IP_0122_A,1264,2,0,0
TXN_000325,USER_1202,MERCHANT_011,282.14,2026-08-26 09:14:04.362924,DEVICE_1202_A,IP_1202_A,500,0,1,0
TXN_000501,USER_1474,MERCHANT_068,1201.78,2026-08-26 09:25:04.362924,DEVICE_1474_A,IP_1474_A,216,0,0,0
TXN_001698,USER_0299,MERCHANT_128,360.91,2026-08-26 09:59:04.362924,DEVICE_0299_A,IP_0299_A,222,0,0,0
TXN_004922,USER_1199,MERCHANT_034,754.35,2026-08-26 10:03:04.362924,DEVICE_1199_A,IP_1199_A,357,0,0,0
TXN_001206,USER_1134,MERCHANT_011,618.55,2026-08-26 10:04:04.362924,DEVICE_1134_A,IP_1134_A,934,0,0,0
TXN_002673,USER_0111,MERCHANT_010,3243.76,2026-08-26 10:58:04.362924,DEVICE_RING_D_01,IP_RING_D_02,51,3,3,1
TXN_005943,USER_0667,MERCHANT_093,600.5,2026-08-26 11:26:04.362924,DEVICE_0667_A,IP_0667_A,1300,2,0,0
TXN_002410,USER_0353,MERCHANT_006,253.59,2026-08-26 11:28:04.362924,DEVICE_0353_A,IP_0353_A,293,1,0,0
TXN_001063,USER_0714,MERCHANT_147,1420.13,2026-08-26 11:49:04.362924,DEVICE_0714_A,IP_0714_A,1395,0,0,0
TXN_003998,USER_0151,MERCHANT_122,471.87,2026-08-26 12:33:04.362924,DEVICE_0151_A,IP_0151_A,422,2,0,0
TXN_004493,USER_0977,MERCHANT_018,385.65,2026-08-26 12:35:04.362924,DEVICE_0977_A,IP_0977_A,286,0,0,0
TXN_002645,USER_0623,MERCHANT_058,264.99,2026-08-26 13:09:04.362924,DEVICE_0623_A,IP_0623_A,75,0,0,0
TXN_003445,USER_0080,MERCHANT_009,5011.29,2026-08-26 13:22:04.362924,DEVICE_RING_C_01,IP_RING_C_02,78,6,2,1
TXN_003217,USER_0893,MERCHANT_006,173.2,2026-08-26 13:36:04.362924,DEVICE_0893_A,IP_0893_A,1449,0,0,0
TXN_003900,USER_0189,MERCHANT_058,797.64,2026-08-26 15:04:04.362924,DEVICE_0189_A,IP_0189_A,859,0,1,0
TXN_000882,USER_0897,MERCHANT_018,402.94,2026-08-26 15:13:04.362924,DEVICE_0897_A,IP_0897_A,905,1,0,0
TXN_003556,USER_0503,MERCHANT_119,585.65,2026-08-26 15:36:04.362924,DEVICE_0503_A,IP_0503_A,1258,1,0,0
TXN_005057,USER_0693,MERCHANT_128,1021.41,2026-08-26 15:49:04.362924,DEVICE_0693_A,IP_0693_A,194,0,0,0
TXN_001268,USER_1060,MERCHANT_133,304.6,2026-08-26 16:23:04.362924,DEVICE_1060_A,IP_1060_A,1427,0,0,0
TXN_000494,USER_0311,MERCHANT_087,314.49,2026-08-26 16:30:04.362924,DEVICE_0311_A,IP_0311_A,1246,2,1,0
TXN_001021,USER_0068,MERCHANT_007,4217.01,2026-08-26 17:03:04.362924,DEVICE_RING_C_01,IP_RING_C_02,13,3,4,1
TXN_003233,USER_0821,MERCHANT_105,268.75,2026-08-26 17:17:04.362924,DEVICE_0821_A,IP_0821_A,593,2,0,0
TXN_003325,USER_0388,MERCHANT_129,1373.12,2026-08-26 17:21:04.362924,DEVICE_0388_A,IP_0388_A,221,0,1,0
TXN_000874,USER_0037,MERCHANT_004,1203.65,2026-08-26 17:25:04.362924,DEVICE_RING_B_01,IP_RING_B_02,59,5,4,1
TXN_001769,USER_0597,MERCHANT_144,658.08,2026-08-26 17:52:04.362924,DEVICE_0597_A,IP_0597_A,165,0,0,0
TXN_004458,USER_1251,MERCHANT_015,220.76,2026-08-26 18:15:04.362924,DEVICE_1251_A,IP_1251_A,316,0,0,0
TXN_001821,USER_1041,MERCHANT_135,543.75,2026-08-26 18:54:04.362924,DEVICE_1041_A,IP_1041_A,388,0,0,0
TXN_004382,USER_0736,MERCHANT_003,684.76,2026-08-26 19:02:04.362924,DEVICE_0736_A,IP_0736_A,470,0,0,0
TXN_004232,USER_0992,MERCHANT_069,1658.4,2026-08-26 19:12:04.362924,DEVICE_0992_A,IP_0992_A,1436,0,0,0
TXN_001877,USER_0056,MERCHANT_005,1424.93,2026-08-26 20:04:04.362924,DEVICE_RING_B_01,IP_RING_B_02,81,5,1,1
TXN_004475,USER_0952,MERCHANT_098,1131.48,2026-08-26 20:16:04.362924,DEVICE_0952_A,IP_0952_A,1267,0,1,0
TXN_000429,USER_0181,MERCHANT_086,1327.1,2026-08-26 20:23:04.362924,DEVICE_0181_A,IP_0181_A,909,0,0,0
TXN_004030,USER_0133,MERCHANT_021,1095.02,2026-08-26 20:35:04.362924,DEVICE_0133_A,IP_0133_A,395,0,0,0
TXN_005914,USER_0944,MERCHANT_103,813.6,2026-08-26 20:54:04.362924,DEVICE_0944_A,IP_0944_A,1381,2,0,0
TXN_002918,USER_0950,MERCHANT_133,990.71,2026-08-26 21:17:04.362924,DEVICE_0950_A,IP_0950_A,330,1,0,0
TXN_005517,USER_0115,MERCHANT_011,4140.73,2026-08-26 21:43:04.362924,DEVICE_RING_D_01,IP_RING_D_02,64,8,1,1
TXN_002391,USER_0432,MERCHANT_042,150.25,2026-08-26 22:23:04.362924,DEVICE_0432_A,IP_0432_A,880,0,1,0
TXN_004205,USER_0773,MERCHANT_116,651.86,2026-08-26 22:30:04.362924,DEVICE_0773_A,IP_0773_A,1431,0,2,0
TXN_004662,USER_1368,MERCHANT_075,485.18,2026-08-26 22:59:04.362924,DEVICE_1368_A,IP_1368_A,529,0,1,0
TXN_001138,USER_0983,MERCHANT_069,238.94,2026-08-26 23:41:04.362924,DEVICE_0983_A,IP_0983_A,71,0,0,0
TXN_002388,USER_0851,MERCHANT_052,299.99,2026-08-27 00:33:04.362924,DEVICE_0851_A,IP_0851_A,338,2,0,0
TXN_004807,USER_0265,MERCHANT_007,344.69,2026-08-27 00:35:04.362924,DEVICE_0265_A,IP_0265_A,1346,0,0,0
TXN_000437,USER_0228,MERCHANT_046,2035.29,2026-08-27 00:51:04.362924,DEVICE_0228_A,IP_0228_A,487,1,2,0
TXN_001816,USER_1341,MERCHANT_124,307.52,2026-08-27 01:20:04.362924,DEVICE_1341_A,IP_1341_A,260,0,0,0
TXN_001271,USER_1297,MERCHANT_015,1360.23,2026-08-27 02:05:04.362924,DEVICE_1297_A,IP_1297_A,1323,2,0,0
TXN_003328,USER_1318,MERCHANT_025,385.67,2026-08-27 03:22:04.362924,DEVICE_1318_A,IP_1318_A,1281,0,0,0
TXN_001171,USER_0018,MERCHANT_002,5339.97,2026-08-27 03:30:04.362924,DEVICE_RING_A_01,IP_RING_A_02,2,5,3,1
TXN_001220,USER_1356,MERCHANT_034,2998.27,2026-08-27 04:46:04.362924,DEVICE_1356_A,IP_1356_A,765,0,1,0
TXN_002402,USER_0016,MERCHANT_001,2983.54,2026-08-27 05:57:04.362924,DEVICE_RING_A_02,IP_RING_A_01,84,3,3,1
TXN_002342,USER_0613,MERCHANT_085,822.76,2026-08-27 06:12:04.362924,DEVICE_0613_A,IP_0613_A,392,2,1,0
TXN_005508,USER_1399,MERCHANT_122,89.85,2026-08-27 06:22:04.362924,DEVICE_1399_A,IP_1399_A,580,0,0,0
TXN_000629,USER_1436,MERCHANT_063,625.61,2026-08-27 06:26:04.362924,DEVICE_1436_A,IP_1436_A,111,0,0,0
TXN_005129,USER_0414,MERCHANT_136,671.24,2026-08-27 06:28:04.362924,DEVICE_0414_A,IP_0414_A,43,0,2,0
TXN_004648,USER_0111,MERCHANT_011,2415.1,2026-08-27 06:52:04.362924,DEVICE_RING_D_02,IP_RING_D_01,90,8,5,1
TXN_003051,USER_0951,MERCHANT_128,214.47,2026-08-27 07:44:04.362924,DEVICE_0951_A,IP_0951_A,1185,1,0,0
TXN_002434,USER_0474,MERCHANT_039,526.45,2026-08-27 08:19:04.362924,DEVICE_0474_A,IP_0474_A,1244,2,0,0
TXN_002567,USER_0784,MERCHANT_062,284.31,2026-08-27 09:18:04.362924,DEVICE_0784_A,IP_0784_A,1189,0,2,0
TXN_000173,USER_0001,MERCHANT_001,2314.49,2026-08-27 09:24:04.362924,DEVICE_RING_A_02,IP_RING_A_01,71,7,5,1
TXN_004679,USER_0496,MERCHANT_089,1144.82,2026-08-27 09:57:04.362924,DEVICE_0496_A,IP_0496_A,257,0,0,0
TXN_005454,USER_0436,MERCHANT_044,261.35,2026-08-27 09:59:04.362924,DEVICE_0436_A,IP_0436_A,336,1,0,0
TXN_001459,USER_1482,MERCHANT_064,1578.52,2026-08-27 11:06:04.362924,DEVICE_1482_A,IP_1482_A,1437,0,0,0
TXN_001064,USER_1026,MERCHANT_087,162.74,2026-08-27 11:38:04.362924,DEVICE_1026_A,IP_1026_A,1441,0,0,0
TXN_000562,USER_0091,MERCHANT_012,19919.35,2026-08-27 11:40:04.362924,DEVICE_RING_D_01,IP_RING_D_01,17,3,1,1
TXN_005871,USER_0524,MERCHANT_120,372.51,2026-08-27 11:45:04.362924,DEVICE_0524_A,IP_0524_A,1016,0,0,0
TXN_004669,USER_0411,MERCHANT_081,315.7,2026-08-27 11:52:04.362924,DEVICE_0411_A,IP_0411_A,582,0,1,0
TXN_005349,USER_1380,MERCHANT_107,133.99,2026-08-27 11:53:04.362924,DEVICE_1380_A,IP_1380_A,556,0,0,0
TXN_005678,USER_0667,MERCHANT_033,1645.48,2026-08-27 12:07:04.362924,DEVICE_0667_A,IP_0667_A,1444,0,1,0
TXN_003304,USER_1032,MERCHANT_030,278.0,2026-08-27 12:37:04.362924,DEVICE_1032_A,IP_1032_A,216,1,1,0
TXN_003126,USER_0126,MERCHANT_103,1044.89,2026-08-27 13:06:04.362924,DEVICE_0126_A,IP_0126_A,975,1,0,0
TXN_003840,USER_1130,MERCHANT_085,475.42,2026-08-27 13:13:04.362924,DEVICE_1130_A,IP_1130_A,231,0,0,0
TXN_003730,USER_0140,MERCHANT_129,105.62,2026-08-27 13:46:04.362924,DEVICE_0140_A,IP_0140_A,1106,0,0,0
TXN_004195,USER_0384,MERCHANT_053,100.16,2026-08-27 16:15:04.362924,DEVICE_0384_A,IP_0384_A,952,0,0,0
TXN_001562,USER_0804,MERCHANT_070,342.59,2026-08-27 16:48:04.362924,DEVICE_0804_A,IP_0804_A,329,1,0,0
TXN_005425,USER_1285,MERCHANT_003,525.18,2026-08-27 17:04:04.362924,DEVICE_1285_A,IP_1285_A,1351,0,0,0
TXN_002626,USER_0912,MERCHANT_111,314.54,2026-08-27 17:07:04.362924,DEVICE_0912_A,IP_0912_A,189,0,0,0
TXN_004034,USER_0666,MERCHANT_146,71.35,2026-08-27 17:18:04.362924,DEVICE_0666_A,IP_0666_A,954,0,1,0
TXN_005160,USER_0011,MERCHANT_001,807.44,2026-08-27 17:20:04.362924,DEVICE_RING_A_02,IP_RING_A_02,10,5,2,1
TXN_000107,USER_1029,MERCHANT_019,2469.0,2026-08-27 17:48:04.362924,DEVICE_1029_A,IP_1029_A,195,0,0,0
TXN_000689,USER_0292,MERCHANT_073,1022.65,2026-08-27 18:38:04.362924,DEVICE_0292_A,IP_0292_A,1255,1,0,0
TXN_002368,USER_0607,MERCHANT_126,166.74,2026-08-27 18:59:04.362924,DEVICE_0607_A,IP_0607_A,1284,0,2,0
TXN_000571,USER_0546,MERCHANT_124,608.35,2026-08-27 19:14:04.362924,DEVICE_0546_A,IP_0546_A,707,0,0,0
TXN_001136,USER_0255,MERCHANT_079,1236.44,2026-08-27 19:18:04.362924,DEVICE_0255_A,IP_0255_A,264,0,0,0
TXN_004107,USER_0418,MERCHANT_100,481.18,2026-08-27 19:28:04.362924,DEVICE_0418_A,IP_0418_A,805,0,0,0
TXN_002265,USER_0820,MERCHANT_070,999.34,2026-08-27 19:33:04.362924,DEVICE_0820_A,IP_0820_A,113,0,1,0
TXN_001369,USER_0207,MERCHANT_127,430.29,2026-08-27 19:38:04.362924,DEVICE_0207_A,IP_0207_A,479,1,0,0
TXN_005036,USER_0755,MERCHANT_043,3614.47,2026-08-27 20:09:04.362924,DEVICE_0755_A,IP_0755_A,1038,0,2,0
TXN_001553,USER_0842,MERCHANT_138,310.58,2026-08-27 20:10:04.362924,DEVICE_0842_A,IP_0842_A,1075,0,0,0
TXN_003637,USER_0880,MERCHANT_126,465.26,2026-08-27 20:17:04.362924,DEVICE_0880_A,IP_0880_A,702,0,0,0
TXN_000631,USER_1179,MERCHANT_096,168.61,2026-08-27 21:22:04.362924,DEVICE_1179_A,IP_1179_A,1083,1,0,0
TXN_003719,USER_1324,MERCHANT_070,523.66,2026-08-27 21:27:04.362924,DEVICE_1324_A,IP_1324_A,198,0,0,0
TXN_002447,USER_0053,MERCHANT_005,3355.21,2026-08-27 21:28:04.362924,DEVICE_RING_B_01,IP_RING_B_01,73,5,1,1
TXN_004471,USER_0407,MERCHANT_112,764.57,2026-08-27 22:03:04.362924,DEVICE_0407_A,IP_0407_A,833,0,1,0
TXN_003024,USER_0131,MERCHANT_148,1425.61,2026-08-27 22:04:04.362924,DEVICE_0131_A,IP_0131_A,881,2,0,0
TXN_003299,USER_0101,MERCHANT_012,788.94,2026-08-27 23:02:04.362924,DEVICE_RING_D_02,IP_RING_D_02,24,2,2,1
TXN_000245,USER_0078,MERCHANT_009,752.76,2026-08-27 23:05:04.362924,DEVICE_RING_C_02,IP_RING_C_02,62,3,2,1
TXN_001649,USER_0580,MERCHANT_007,1461.87,2026-08-27 23:11:04.362924,DEVICE_0580_A,IP_0580_A,494,0,0,0
TXN_002409,USER_1042,MERCHANT_022,1102.66,2026-08-28 01:47:04.362924,DEVICE_1042_A,IP_1042_A,1394,1,1,0
TXN_002229,USER_0955,MERCHANT_012,147.97,2026-08-28 02:16:04.362924,DEVICE_0955_A,IP_0955_A,1134,0,0,0
TXN_001317,USER_0159,MERCHANT_069,269.91,2026-08-28 02:37:04.362924,DEVICE_0159_A,IP_0159_A,1164,2,0,0
TXN_002957,USER_1106,MERCHANT_124,1207.22,2026-08-28 02:56:04.362924,DEVICE_1106_A,IP_1106_A,367,0,0,0
TXN_003671,USER_0631,MERCHANT_076,1298.57,2026-08-28 03:26:04.362924,DEVICE_0631_A,IP_0631_A,392,0,0,0
TXN_000644,USER_1447,MERCHANT_096,194.33,2026-08-28 03:33:04.362924,DEVICE_1447_A,IP_1447_A,52,0,0,0
TXN_001940,USER_0081,MERCHANT_008,2757.36,2026-08-28 04:35:04.362924,DEVICE_RING_C_02,IP_RING_C_01,54,3,5,1
TXN_004789,USER_0018,MERCHANT_002,309.12,2026-08-28 04:39:04.362924,DEVICE_RING_A_01,IP_RING_A_01,62,7,2,1
TXN_004860,USER_1360,MERCHANT_126,539.58,2026-08-28 05:00:04.362924,DEVICE_1360_A,IP_1360_A,1045,0,0,0
TXN_005563,USER_1478,MERCHANT_134,375.61,2026-08-28 05:05:04.362924,DEVICE_1478_A,IP_1478_A,1473,0,0,0
TXN_004280,USER_0595,MERCHANT_109,788.32,2026-08-28 05:20:04.362924,DEVICE_0595_A,IP_0595_A,905,2,1,0
TXN_000304,USER_0611,MERCHANT_142,948.33,2026-08-28 05:39:04.362924,DEVICE_0611_A,IP_0611_A,688,1,0,0
TXN_002810,USER_1204,MERCHANT_002,397.33,2026-08-28 05:53:04.362924,DEVICE_1204_A,IP_1204_A,565,0,0,0
TXN_004873,USER_1495,MERCHANT_004,235.93,2026-08-28 06:18:04.362924,DEVICE_1495_A,IP_1495_A,105,0,0,0
TXN_002899,USER_0942,MERCHANT_028,483.64,2026-08-28 07:10:04.362924,DEVICE_0942_A,IP_0942_A,986,0,0,0
TXN_001173,USER_1019,MERCHANT_082,648.77,2026-08-28 07:19:04.362924,DEVICE_1019_A,IP_1019_A,1349,0,0,0
TXN_000630,USER_0353,MERCHANT_099,1363.18,2026-08-28 07:25:04.362924,DEVICE_0353_A,IP_0353_A,555,0,0,0
TXN_002603,USER_0501,MERCHANT_059,372.56,2026-08-28 07:29:04.362924,DEVICE_0501_A,IP_0501_A,868,0,0,0
TXN_002823,USER_0167,MERCHANT_058,578.39,2026-08-28 08:09:04.362924,DEVICE_0167_A,IP_0167_A,253,0,0,0
TXN_005118,USER_0464,MERCHANT_074,385.62,2026-08-28 08:11:04.362924,DEVICE_0464_A,IP_0464_A,443,0,0,0
TXN_005760,USER_1497,MERCHANT_133,1137.78,2026-08-28 08:11:04.362924,DEVICE_1497_A,IP_1497_A,475,0,0,0
TXN_001794,USER_0865,MERCHANT_099,992.71,2026-08-28 09:05:04.362924,DEVICE_0865_A,IP_0865_A,956,1,0,0
TXN_005482,USER_0822,MERCHANT_046,841.25,2026-08-28 09:20:04.362924,DEVICE_0822_A,IP_0822_A,770,0,0,0
TXN_005828,USER_0242,MERCHANT_100,615.67,2026-08-28 09:25:04.362924,DEVICE_0242_A,IP_0242_A,1242,2,0,0
TXN_003358,USER_0748,MERCHANT_131,121.56,2026-08-28 09:53:04.362924,DEVICE_0748_A,IP_0748_A,209,1,0,0
TXN_000513,USER_0146,MERCHANT_134,501.56,2026-08-28 10:06:04.362924,DEVICE_0146_A,IP_0146_A,889,0,0,0
TXN_000273,USER_1276,MERCHANT_029,1435.55,2026-08-28 10:17:04.362924,DEVICE_1276_A,IP_1276_A,156,1,1,0
TXN_002300,USER_1160,MERCHANT_122,194.34,2026-08-28 10:47:04.362924,DEVICE_1160_A,IP_1160_A,1126,0,1,0
TXN_000966,USER_1209,MERCHANT_091,1766.96,2026-08-28 11:18:04.362924,DEVICE_1209_A,IP_1209_A,914,0,0,0
TXN_000477,USER_1378,MERCHANT_052,924.59,2026-08-28 11:42:04.362924,DEVICE_1378_A,IP_1378_A,297,0,0,0
TXN_003485,USER_0390,MERCHANT_012,281.18,2026-08-28 11:42:04.362924,DEVICE_0390_A,IP_0390_A,290,0,0,0
TXN_005568,USER_0155,MERCHANT_054,1007.92,2026-08-28 11:51:04.362924,DEVICE_0155_A,IP_0155_A,915,2,0,0
TXN_001233,USER_0504,MERCHANT_055,561.56,2026-08-28 12:10:04.362924,DEVICE_0504_A,IP_0504_A,409,0,2,0
TXN_001830,USER_0286,MERCHANT_075,608.54,2026-08-28 12:30:04.362924,DEVICE_0286_A,IP_0286_A,478,0,1,0
TXN_005704,USER_0404,MERCHANT_107,381.47,2026-08-28 12:35:04.362924,DEVICE_0404_A,IP_0404_A,697,0,0,0
TXN_005183,USER_1371,MERCHANT_058,516.18,2026-08-28 12:49:04.362924,DEVICE_1371_A,IP_1371_A,475,2,0,0
TXN_003944,USER_0087,MERCHANT_008,229.0,2026-08-28 13:09:04.362924,DEVICE_RING_C_01,IP_RING_C_02,25,3,1,1
TXN_003960,USER_0185,MERCHANT_109,690.03,2026-08-28 13:12:04.362924,DEVICE_0185_A,IP_0185_A,1448,0,0,0
TXN_000390,USER_0242,MERCHANT_071,389.26,2026-08-28 13:36:04.362924,DEVICE_0242_A,IP_0242_A,1373,0,1,0
TXN_001996,USER_0431,MERCHANT_025,1338.82,2026-08-28 14:03:04.362924,DEVICE_0431_A,IP_0431_A,1234,1,0,0
TXN_000808,USER_1254,MERCHANT_131,419.0,2026-08-28 14:21:04.362924,DEVICE_1254_A,IP_1254_A,1169,0,0,0
TXN_003903,USER_0455,MERCHANT_110,2097.98,2026-08-28 14:25:04.362924,DEVICE_0455_A,IP_0455_A,300,0,0,0
TXN_002984,USER_0070,MERCHANT_009,3336.81,2026-08-28 14:38:04.362924,DEVICE_RING_C_01,IP_RING_C_01,28,8,2,1
TXN_003235,USER_1267,MERCHANT_084,229.66,2026-08-28 15:18:04.362924,DEVICE_1267_A,IP_1267_A,603,0,0,0
TXN_005902,USER_0552,MERCHANT_055,90.49,2026-08-28 15:55:04.362924,DEVICE_0552_A,IP_0552_A,270,0,0,0
TXN_001210,USER_0278,MERCHANT_064,2228.56,2026-08-28 17:12:04.362924,DEVICE_0278_A,IP_0278_A,1050,0,1,0
TXN_002035,USER_0512,MERCHANT_098,1328.87,2026-08-28 17:37:04.362924,DEVICE_0512_A,IP_0512_A,796,0,0,0
TXN_002550,USER_0620,MERCHANT_123,2873.43,2026-08-28 17:54:04.362924,DEVICE_0620_A,IP_0620_A,467,0,0,0
TXN_000422,USER_0537,MERCHANT_040,2238.22,2026-08-28 18:19:04.362924,DEVICE_0537_A,IP_0537_A,1128,0,0,0
TXN_001382,USER_0215,MERCHANT_049,416.13,2026-08-28 18:31:04.362924,DEVICE_0215_A,IP_0215_A,1126,0,0,0
TXN_005193,USER_0702,MERCHANT_046,910.46,2026-08-28 18:39:04.362924,DEVICE_0702_A,IP_0702_A,1343,0,0,0
TXN_005287,USER_1196,MERCHANT_116,240.87,2026-08-28 18:43:04.362924,DEVICE_1196_A,IP_1196_A,37,0,0,0
TXN_004140,USER_0091,MERCHANT_011,2510.6,2026-08-28 19:35:04.362924,DEVICE_RING_D_01,IP_RING_D_01,9,4,5,1
TXN_004158,USER_0394,MERCHANT_083,419.42,2026-08-28 19:42:04.362924,DEVICE_0394_A,IP_0394_A,521,1,1,0
TXN_005435,USER_0101,MERCHANT_011,4974.0,2026-08-28 20:31:04.362924,DEVICE_RING_D_02,IP_RING_D_01,62,6,3,1
TXN_003035,USER_0811,MERCHANT_003,627.14,2026-08-28 20:31:04.362924,DEVICE_0811_A,IP_0811_A,1210,0,2,0
TXN_004975,USER_0696,MERCHANT_038,198.92,2026-08-28 20:35:04.362924,DEVICE_0696_A,IP_0696_A,288,0,0,0
TXN_005891,USER_0707,MERCHANT_092,505.8,2026-08-28 20:37:04.362924,DEVICE_0707_A,IP_0707_A,321,0,1,0
TXN_003727,USER_0307,MERCHANT_044,870.95,2026-08-28 21:04:04.362924,DEVICE_0307_A,IP_0307_A,910,0,0,0
TXN_001448,USER_1286,MERCHANT_044,931.41,2026-08-28 21:09:04.362924,DEVICE_1286_A,IP_1286_A,545,2,0,0
TXN_000839,USER_1205,MERCHANT_079,1255.35,2026-08-28 21:15:04.362924,DEVICE_1205_A,IP_1205_A,713,0,0,0
TXN_000894,USER_1498,MERCHANT_123,1442.17,2026-08-28 21:17:04.362924,DEVICE_1498_A,IP_1498_A,1001,1,0,0
TXN_002528,USER_0313,MERCHANT_117,945.83,2026-08-28 21:21:04.362924,DEVICE_0313_A,IP_0313_A,807,1,0,0
TXN_002070,USER_0736,MERCHANT_135,1201.82,2026-08-28 21:26:04.362924,DEVICE_0736_A,IP_0736_A,436,2,0,0
TXN_001868,USER_0252,MERCHANT_016,1396.83,2026-08-28 21:29:04.362924,DEVICE_0252_A,IP_0252_A,1283,0,0,0
TXN_003509,USER_0798,MERCHANT_004,873.15,2026-08-28 21:39:04.362924,DEVICE_0798_A,IP_0798_A,584,0,1,0
TXN_004929,USER_1418,MERCHANT_091,227.92,2026-08-28 21:43:04.362924,DEVICE_1418_A,IP_1418_A,1038,0,0,0
TXN_002200,USER_1080,MERCHANT_049,865.09,2026-08-28 21:45:04.362924,DEVICE_1080_A,IP_1080_A,179,1,0,0
TXN_003019,USER_0915,MERCHANT_021,427.76,2026-08-28 21:51:04.362924,DEVICE_0915_A,IP_0915_A,1202,1,0,0
TXN_004751,USER_0972,MERCHANT_068,1373.17,2026-08-28 23:02:04.362924,DEVICE_0972_A,IP_0972_A,1011,0,0,0
TXN_001653,USER_0294,MERCHANT_012,694.17,2026-08-28 23:33:04.362924,DEVICE_0294_A,IP_0294_A,1268,0,0,0
TXN_004293,USER_1369,MERCHANT_030,197.13,2026-08-28 23:37:04.362924,DEVICE_1369_A,IP_1369_A,899,0,0,0
TXN_001870,USER_0477,MERCHANT_083,440.9,2026-08-29 00:03:04.362924,DEVICE_0477_A,IP_0477_A,250,0,0,0
TXN_004362,USER_0927,MERCHANT_112,323.26,2026-08-29 00:36:04.362924,DEVICE_0927_A,IP_0927_A,680,0,0,0
TXN_002882,USER_0009,MERCHANT_002,299.87,2026-08-29 00:39:04.362924,DEVICE_RING_A_01,IP_RING_A_02,70,3,2,1
TXN_003027,USER_1063,MERCHANT_105,692.11,2026-08-29 01:00:04.362924,DEVICE_1063_A,IP_1063_A,985,1,0,0
TXN_003042,USER_0387,MERCHANT_055,674.96,2026-08-29 01:05:04.362924,DEVICE_0387_A,IP_0387_A,85,0,0,0
TXN_000824,USER_1300,MERCHANT_023,457.05,2026-08-29 01:20:04.362924,DEVICE_1300_A,IP_1300_A,260,0,0,0
TXN_000142,USER_1277,MERCHANT_083,1599.24,2026-08-29 01:22:04.362924,DEVICE_1277_A,IP_1277_A,1314,0,0,0
TXN_001886,USER_0008,MERCHANT_003,3308.36,2026-08-29 01:25:04.362924,DEVICE_RING_A_02,IP_RING_A_01,79,7,1,1
TXN_001960,USER_0052,MERCHANT_004,3125.3,2026-08-29 02:10:04.362924,DEVICE_RING_B_02,IP_RING_B_01,27,6,5,1
TXN_001915,USER_0608,MERCHANT_034,155.42,2026-08-29 02:29:04.362924,DEVICE_0608_A,IP_0608_A,61,0,0,0
TXN_004924,USER_0378,MERCHANT_039,1732.93,2026-08-29 03:20:04.362924,DEVICE_0378_A,IP_0378_A,1437,0,1,0
TXN_001564,USER_0373,MERCHANT_045,1164.4,2026-08-29 04:36:04.362924,DEVICE_0373_A,IP_0373_A,1108,1,0,0
TXN_000805,USER_0641,MERCHANT_093,433.14,2026-08-29 05:43:04.362924,DEVICE_0641_A,IP_0641_A,956,0,0,0
TXN_000829,USER_0423,MERCHANT_074,437.81,2026-08-29 07:00:04.362924,DEVICE_0423_A,IP_0423_A,58,0,1,0
TXN_004623,USER_0604,MERCHANT_111,308.41,2026-08-29 07:14:04.362924,DEVICE_0604_A,IP_0604_A,1145,0,0,0
TXN_002465,USER_0260,MERCHANT_036,1151.47,2026-08-29 07:29:04.362924,DEVICE_0260_A,IP_0260_A,340,0,0,0
TXN_000887,USER_0386,MERCHANT_145,929.71,2026-08-29 07:49:04.362924,DEVICE_0386_A,IP_0386_A,1046,0,0,0
TXN_004318,USER_1242,MERCHANT_083,1398.09,2026-08-29 08:14:04.362924,DEVICE_1242_A,IP_1242_A,35,2,0,0
TXN_001864,USER_1159,MERCHANT_135,161.67,2026-08-29 08:29:04.362924,DEVICE_1159_A,IP_1159_A,560,0,0,0
TXN_002104,USER_1425,MERCHANT_078,1395.5,2026-08-29 08:33:04.362924,DEVICE_1425_A,IP_1425_A,895,0,0,0
TXN_002176,USER_0049,MERCHANT_004,20202.97,2026-08-29 08:48:04.362924,DEVICE_RING_B_01,IP_RING_B_02,25,8,4,1
TXN_004437,USER_0419,MERCHANT_043,1446.66,2026-08-29 09:00:04.362924,DEVICE_0419_A,IP_0419_A,1347,0,0,0
TXN_003828,USER_0140,MERCHANT_056,864.89,2026-08-29 09:13:04.362924,DEVICE_0140_A,IP_0140_A,434,0,2,0
TXN_002575,USER_1134,MERCHANT_117,4283.49,2026-08-29 09:21:04.362924,DEVICE_1134_A,IP_1134_A,1157,0,0,0
TXN_002583,USER_1252,MERCHANT_091,576.57,2026-08-29 09:27:04.362924,DEVICE_1252_A,IP_1252_A,514,0,0,0
TXN_004243,USER_0433,MERCHANT_061,385.49,2026-08-29 09:27:04.362924,DEVICE_0433_A,IP_0433_A,303,0,0,0
TXN_003531,USER_1150,MERCHANT_128,1844.57,2026-08-29 09:55:04.362924,DEVICE_1150_A,IP_1150_A,935,0,0,0
TXN_004518,USER_0804,MERCHANT_029,776.63,2026-08-29 11:32:04.362924,DEVICE_0804_A,IP_0804_A,322,1,0,0
TXN_000328,USER_0278,MERCHANT_077,1086.46,2026-08-29 11:41:04.362924,DEVICE_0278_A,IP_0278_A,362,0,0,0
TXN_003518,USER_0961,MERCHANT_056,824.87,2026-08-29 11:49:04.362924,DEVICE_0961_A,IP_0961_A,116,0,0,0
TXN_004878,USER_0073,MERCHANT_008,3851.67,2026-08-29 12:17:04.362924,DEVICE_RING_C_02,IP_RING_C_01,40,5,4,1
TXN_001685,USER_0187,MERCHANT_062,247.81,2026-08-29 12:24:04.362924,DEVICE_0187_A,IP_0187_A,581,0,0,0
TXN_003079,USER_0929,MERCHANT_136,715.12,2026-08-29 12:32:04.362924,DEVICE_0929_A,IP_0929_A,1039,0,0,0
TXN_003336,USER_0434,MERCHANT_022,219.28,2026-08-29 13:50:04.362924,DEVICE_0434_A,IP_0434_A,1198,0,0,0
TXN_004617,USER_0536,MERCHANT_115,1417.22,2026-08-29 13:51:04.362924,DEVICE_0536_A,IP_0536_A,1297,0,2,0
TXN_003706,USER_0431,MERCHANT_009,755.7,2026-08-29 14:04:04.362924,DEVICE_0431_A,IP_0431_A,95,0,0,0
TXN_004892,USER_1497,MERCHANT_043,240.44,2026-08-29 14:11:04.362924,DEVICE_1497_A,IP_1497_A,492,1,0,0
TXN_000815,USER_0367,MERCHANT_059,1300.9,2026-08-29 14:41:04.362924,DEVICE_0367_A,IP_0367_A,1366,1,1,0
TXN_000718,USER_0510,MERCHANT_128,671.6,2026-08-29 14:42:04.362924,DEVICE_0510_A,IP_0510_A,438,0,0,0
TXN_003131,USER_1158,MERCHANT_098,561.16,2026-08-29 14:49:04.362924,DEVICE_1158_A,IP_1158_A,1191,0,1,0
TXN_000169,USER_0175,MERCHANT_107,499.14,2026-08-29 15:10:04.362924,DEVICE_0175_A,IP_0175_A,139,0,0,0
TXN_004000,USER_0046,MERCHANT_005,3585.65,2026-08-29 15:13:04.362924,DEVICE_RING_B_01,IP_RING_B_01,90,4,2,1
TXN_005873,USER_1208,MERCHANT_038,786.2,2026-08-29 15:22:04.362924,DEVICE_1208_A,IP_1208_A,497,0,0,0
TXN_003275,USER_0083,MERCHANT_007,1000.02,2026-08-29 15:47:04.362924,DEVICE_RING_C_02,IP_RING_C_01,86,8,1,1
TXN_002812,USER_0630,MERCHANT_133,372.51,2026-08-29 16:06:04.362924,DEVICE_0630_A,IP_0630_A,427,0,0,0
TXN_005497,USER_0363,MERCHANT_121,544.86,2026-08-29 16:15:04.362924,DEVICE_0363_A,IP_0363_A,32,0,0,0
TXN_001195,USER_0601,MERCHANT_121,181.67,2026-08-29 16:28:04.362924,DEVICE_0601_A,IP_0601_A,755,2,1,0
TXN_001061,USER_1143,MERCHANT_038,1070.31,2026-08-29 16:29:04.362924,DEVICE_1143_A,IP_1143_A,968,2,0,0
TXN_003143,USER_0757,MERCHANT_081,557.02,2026-08-29 17:11:04.362924,DEVICE_0757_A,IP_0757_A,897,1,0,0
TXN_001162,USER_1196,MERCHANT_065,3344.71,2026-08-29 17:32:04.362924,DEVICE_1196_A,IP_1196_A,1046,1,0,0
TXN_000750,USER_0919,MERCHANT_080,208.92,2026-08-29 17:37:04.362924,DEVICE_0919_A,IP_0919_A,499,0,0,0
TXN_001882,USER_1372,MERCHANT_129,2015.49,2026-08-29 18:06:04.362924,DEVICE_1372_A,IP_1372_A,669,0,0,0
TXN_003600,USER_1421,MERCHANT_076,505.89,2026-08-29 18:14:04.362924,DEVICE_1421_A,IP_1421_A,930,1,0,0
TXN_001913,USER_0709,MERCHANT_137,968.23,2026-08-29 19:33:04.362924,DEVICE_0709_A,IP_0709_A,979,0,0,0
TXN_002573,USER_1284,MERCHANT_118,479.23,2026-08-29 19:34:04.362924,DEVICE_1284_A,IP_1284_A,1130,0,0,0
TXN_001731,USER_0963,MERCHANT_027,507.42,2026-08-29 19:36:04.362924,DEVICE_0963_A,IP_0963_A,1046,1,0,0
TXN_003787,USER_0026,MERCHANT_002,3430.3,2026-08-29 19:56:04.362924,DEVICE_RING_A_02,IP_RING_A_02,19,3,2,1
TXN_002363,USER_0779,MERCHANT_095,191.55,2026-08-29 20:16:04.362924,DEVICE_0779_A,IP_0779_A,108,0,0,0
TXN_005091,USER_0903,MERCHANT_002,153.14,2026-08-29 20:23:04.362924,DEVICE_0903_A,IP_0903_A,705,0,0,0
TXN_004691,USER_0242,MERCHANT_109,563.91,2026-08-29 20:30:04.362924,DEVICE_0242_A,IP_0242_A,1199,0,0,0
TXN_005607,USER_0247,MERCHANT_117,231.3,2026-08-29 20:45:04.362924,DEVICE_0247_A,IP_0247_A,1399,1,0,0
TXN_001585,USER_1437,MERCHANT_132,827.61,2026-08-29 20:56:04.362924,DEVICE_1437_A,IP_1437_A,102,2,1,0
TXN_005450,USER_0859,MERCHANT_145,208.87,2026-08-29 21:27:04.362924,DEVICE_0859_A,IP_0859_A,591,1,0,0
TXN_003938,USER_1422,MERCHANT_104,220.82,2026-08-29 22:30:04.362924,DEVICE_1422_A,IP_1422_A,374,1,2,0
TXN_000886,USER_0074,MERCHANT_009,15847.28,2026-08-29 22:39:04.362924,DEVICE_RING_C_02,IP_RING_C_02,74,6,3,1
TXN_001519,USER_0379,MERCHANT_134,278.33,2026-08-29 22:43:04.362924,DEVICE_0379_A,IP_0379_A,1389,0,0,0
TXN_003101,USER_0047,MERCHANT_004,1232.94,2026-08-29 23:12:04.362924,DEVICE_RING_B_02,IP_RING_B_02,77,7,4,1
TXN_002179,USER_0742,MERCHANT_095,2737.05,2026-08-29 23:36:04.362924,DEVICE_0742_A,IP_0742_A,326,0,0,0
TXN_001443,USER_1230,MERCHANT_102,687.25,2026-08-29 23:36:04.362924,DEVICE_1230_A,IP_1230_A,906,0,0,0
TXN_004828,USER_0070,MERCHANT_009,5552.71,2026-08-30 00:06:04.362924,DEVICE_RING_C_02,IP_RING_C_02,56,5,4,1
TXN_000280,USER_0262,MERCHANT_121,449.41,2026-08-30 00:09:04.362924,DEVICE_0262_A,IP_0262_A,94,0,0,0
TXN_003167,USER_1037,MERCHANT_074,447.86,2026-08-30 00:19:04.362924,DEVICE_1037_A,IP_1037_A,1130,0,0,0
TXN_004159,USER_0103,MERCHANT_010,1305.34,2026-08-30 00:34:04.362924,DEVICE_RING_D_01,IP_RING_D_02,57,5,2,1
TXN_000753,USER_0678,MERCHANT_141,288.6,2026-08-30 00:45:04.362924,DEVICE_0678_A,IP_0678_A,941,0,1,0
TXN_001246,USER_1120,MERCHANT_060,239.6,2026-08-30 01:41:04.362924,DEVICE_1120_A,IP_1120_A,1492,0,0,0
TXN_004899,USER_1200,MERCHANT_138,992.39,2026-08-30 02:31:04.362924,DEVICE_1200_A,IP_1200_A,776,0,0,0
TXN_003491,USER_0495,MERCHANT_068,469.5,2026-08-30 02:38:04.362924,DEVICE_0495_A,IP_0495_A,132,0,0,0
TXN_003425,USER_0546,MERCHANT_147,158.37,2026-08-30 03:11:04.362924,DEVICE_0546_A,IP_0546_A,1460,0,0,0
TXN_001378,USER_0551,MERCHANT_079,1308.79,2026-08-30 03:30:04.362924,DEVICE_0551_A,IP_0551_A,964,0,1,0
TXN_000394,USER_0876,MERCHANT_117,2369.71,2026-08-30 03:59:04.362924,DEVICE_0876_A,IP_0876_A,1029,0,0,0
TXN_003720,USER_1481,MERCHANT_005,554.01,2026-08-30 04:23:04.362924,DEVICE_1481_A,IP_1481_A,1224,0,0,0
TXN_000485,USER_1137,MERCHANT_037,340.25,2026-08-30 04:45:04.362924,DEVICE_1137_A,IP_1137_A,708,1,0,0
TXN_000748,USER_1090,MERCHANT_141,340.49,2026-08-30 04:59:04.362924,DEVICE_1090_A,IP_1090_A,140,0,0,0
TXN_002298,USER_0601,MERCHANT_082,1716.65,2026-08-30 05:16:04.362924,DEVICE_0601_A,IP_0601_A,1136,0,2,0
TXN_001516,USER_0506,MERCHANT_030,547.64,2026-08-30 05:54:04.362924,DEVICE_0506_A,IP_0506_A,1203,0,1,0
TXN_005286,USER_1042,MERCHANT_068,819.59,2026-08-30 06:13:04.362924,DEVICE_1042_A,IP_1042_A,558,0,0,0
TXN_002653,USER_0879,MERCHANT_031,880.09,2026-08-30 06:44:04.362924,DEVICE_0879_A,IP_0879_A,660,0,1,0
TXN_004964,USER_1099,MERCHANT_083,756.51,2026-08-30 06:48:04.362924,DEVICE_1099_A,IP_1099_A,735,0,0,0
TXN_000686,USER_1450,MERCHANT_111,1024.21,2026-08-30 07:02:04.362924,DEVICE_1450_A,IP_1450_A,1099,0,1,0
TXN_001342,USER_0995,MERCHANT_014,601.37,2026-08-30 07:23:04.362924,DEVICE_0995_A,IP_0995_A,691,0,2,0
TXN_001730,USER_0324,MERCHANT_023,2381.69,2026-08-30 07:24:04.362924,DEVICE_0324_A,IP_0324_A,242,0,0,0
TXN_004801,USER_0307,MERCHANT_031,877.6,2026-08-30 07:34:04.362924,DEVICE_0307_A,IP_0307_A,1398,1,0,0
TXN_001462,USER_0539,MERCHANT_033,239.54,2026-08-30 08:13:04.362924,DEVICE_0539_A,IP_0539_A,217,0,0,0
TXN_003805,USER_0148,MERCHANT_054,307.15,2026-08-30 08:24:04.362924,DEVICE_0148_A,IP_0148_A,639,1,0,0
TXN_005323,USER_0727,MERCHANT_084,1353.0,2026-08-30 09:05:04.362924,DEVICE_0727_A,IP_0727_A,768,0,1,0
TXN_005337,USER_0864,MERCHANT_082,408.52,2026-08-30 09:07:04.362924,DEVICE_0864_A,IP_0864_A,888,0,0,0
TXN_004919,USER_1378,MERCHANT_069,1652.86,2026-08-30 09:17:04.362924,DEVICE_1378_A,IP_1378_A,728,0,0,0
TXN_003739,USER_0424,MERCHANT_004,454.41,2026-08-30 09:22:04.362924,DEVICE_0424_A,IP_0424_A,765,1,0,0
TXN_005149,USER_0507,MERCHANT_052,1050.36,2026-08-30 09:29:04.362924,DEVICE_0507_A,IP_0507_A,57,0,0,0
TXN_004042,USER_0940,MERCHANT_106,1065.65,2026-08-30 09:57:04.362924,DEVICE_0940_A,IP_0940_A,341,2,2,0
TXN_004658,USER_0844,MERCHANT_141,296.24,2026-08-30 11:30:04.362924,DEVICE_0844_A,IP_0844_A,908,0,1,0
TXN_002646,USER_1163,MERCHANT_077,333.07,2026-08-30 11:51:04.362924,DEVICE_1163_A,IP_1163_A,1051,2,2,0
TXN_003873,USER_0027,MERCHANT_001,834.37,2026-08-30 11:59:04.362924,DEVICE_RING_A_02,IP_RING_A_01,75,8,2,1
TXN_001695,USER_0092,MERCHANT_010,2836.78,2026-08-30 12:18:04.362924,DEVICE_RING_D_02,IP_RING_D_01,79,6,1,1
TXN_002852,USER_0556,MERCHANT_026,1120.95,2026-08-30 12:40:04.362924,DEVICE_0556_A,IP_0556_A,389,1,0,0
TXN_005874,USER_1279,MERCHANT_133,303.06,2026-08-30 12:41:04.362924,DEVICE_1279_A,IP_1279_A,195,0,0,0
TXN_004607,USER_0755,MERCHANT_137,463.15,2026-08-30 13:06:04.362924,DEVICE_0755_A,IP_0755_A,121,0,0,0
TXN_004568,USER_0136,MERCHANT_138,238.66,2026-08-30 15:00:04.362924,DEVICE_0136_A,IP_0136_A,1185,2,0,0
TXN_000295,USER_1438,MERCHANT_098,784.22,2026-08-30 15:27:04.362924,DEVICE_1438_A,IP_1438_A,1104,0,0,0
TXN_003238,USER_1231,MERCHANT_096,234.1,2026-08-30 15:29:04.362924,DEVICE_1231_A,IP_1231_A,42,0,0,0
TXN_005119,USER_0616,MERCHANT_014,183.11,2026-08-30 15:34:04.362924,DEVICE_0616_A,IP_0616_A,323,0,0,0
TXN_000480,USER_0109,MERCHANT_011,7658.88,2026-08-30 16:11:04.362924,DEVICE_RING_D_01,IP_RING_D_02,42,3,2,1
TXN_001718,USER_0979,MERCHANT_124,692.15,2026-08-30 16:14:04.362924,DEVICE_0979_A,IP_0979_A,1003,0,0,0
TXN_004992,USER_1364,MERCHANT_095,1001.59,2026-08-30 17:13:04.362924,DEVICE_1364_A,IP_1364_A,844,0,0,0
TXN_004127,USER_1063,MERCHANT_095,309.94,2026-08-30 18:01:04.362924,DEVICE_1063_A,IP_1063_A,1194,0,0,0
TXN_000337,USER_0752,MERCHANT_114,323.05,2026-08-30 18:27:04.362924,DEVICE_0752_A,IP_0752_A,767,1,0,0
TXN_002873,USER_0588,MERCHANT_134,125.42,2026-08-30 18:37:04.362924,DEVICE_0588_A,IP_0588_A,1272,0,0,0
TXN_003103,USER_1493,MERCHANT_123,2067.39,2026-08-30 19:08:04.362924,DEVICE_1493_A,IP_1493_A,1391,0,0,0
TXN_003218,USER_0299,MERCHANT_034,404.88,2026-08-30 19:08:04.362924,DEVICE_0299_A,IP_0299_A,913,1,0,0
TXN_002440,USER_1133,MERCHANT_056,179.83,2026-08-30 19:17:04.362924,DEVICE_1133_A,IP_1133_A,882,0,2,0
TXN_004567,USER_0074,MERCHANT_007,5863.57,2026-08-30 19:23:04.362924,DEVICE_RING_C_01,IP_RING_C_01,70,5,2,1
TXN_003221,USER_1291,MERCHANT_095,272.96,2026-08-30 19:52:04.362924,DEVICE_1291_A,IP_1291_A,315,2,0,0
TXN_004835,USER_0161,MERCHANT_025,143.09,2026-08-30 20:02:04.362924,DEVICE_0161_A,IP_0161_A,817,0,0,0
TXN_004058,USER_0258,MERCHANT_079,840.0,2026-08-30 20:30:04.362924,DEVICE_0258_A,IP_0258_A,1365,0,1,0
TXN_003913,USER_0988,MERCHANT_071,1279.26,2026-08-30 21:04:04.362924,DEVICE_0988_A,IP_0988_A,999,0,0,0
TXN_001509,USER_1472,MERCHANT_023,641.13,2026-08-30 21:11:04.362924,DEVICE_1472_A,IP_1472_A,246,0,0,0
TXN_000344,USER_0626,MERCHANT_127,410.23,2026-08-30 21:13:04.362924,DEVICE_0626_A,IP_0626_A,1246,0,0,0
TXN_002333,USER_1403,MERCHANT_110,192.2,2026-08-30 21:16:04.362924,DEVICE_1403_A,IP_1403_A,857,0,0,0
TXN_003475,USER_0695,MERCHANT_109,350.43,2026-08-30 21:25:04.362924,DEVICE_0695_A,IP_0695_A,830,0,0,0
TXN_002261,USER_1497,MERCHANT_039,832.54,2026-08-30 21:28:04.362924,DEVICE_1497_A,IP_1497_A,451,0,0,0
TXN_003463,USER_0009,MERCHANT_001,2924.09,2026-08-30 21:34:04.362924,DEVICE_RING_A_02,IP_RING_A_02,34,7,3,1
TXN_002212,USER_0094,MERCHANT_011,4575.91,2026-08-30 21:34:04.362924,DEVICE_RING_D_02,IP_RING_D_01,27,5,1,1
TXN_004520,USER_0054,MERCHANT_006,1018.63,2026-08-30 22:10:04.362924,DEVICE_RING_B_02,IP_RING_B_01,57,6,2,1
TXN_005845,USER_1056,MERCHANT_068,1030.37,2026-08-30 22:11:04.362924,DEVICE_1056_A,IP_1056_A,727,0,0,0
TXN_002521,USER_0853,MERCHANT_104,684.26,2026-08-30 22:38:04.362924,DEVICE_0853_A,IP_0853_A,51,0,0,0
TXN_002431,USER_0105,MERCHANT_010,4396.89,2026-08-30 23:22:04.362924,DEVICE_RING_D_02,IP_RING_D_02,19,7,4,1
TXN_005392,USER_0966,MERCHANT_044,677.36,2026-08-30 23:43:04.362924,DEVICE_0966_A,IP_0966_A,1086,0,0,0
TXN_002132,USER_0011,MERCHANT_003,2549.53,2026-08-30 23:59:04.362924,DEVICE_RING_A_01,IP_RING_A_01,81,5,1,1
TXN_005654,USER_0812,MERCHANT_071,1398.44,2026-08-31 00:07:04.362924,DEVICE_0812_A,IP_0812_A,759,0,1,0
TXN_001635,USER_0088,MERCHANT_007,1788.75,2026-08-31 00:21:04.362924,DEVICE_RING_C_01,IP_RING_C_02,42,4,2,1
TXN_004436,USER_0764,MERCHANT_050,1011.13,2026-08-31 00:25:04.362924,DEVICE_0764_A,IP_0764_A,682,2,1,0
TXN_000702,USER_0051,MERCHANT_004,7137.05,2026-08-31 00:28:04.362924,DEVICE_RING_B_02,IP_RING_B_02,26,8,5,1
TXN_005697,USER_0332,MERCHANT_033,444.52,2026-08-31 00:58:04.362924,DEVICE_0332_A,IP_0332_A,1428,1,0,0
TXN_005044,USER_0662,MERCHANT_018,326.14,2026-08-31 01:02:04.362924,DEVICE_0662_A,IP_0662_A,319,1,1,0
TXN_004761,USER_0941,MERCHANT_014,231.47,2026-08-31 01:06:04.362924,DEVICE_0941_A,IP_0941_A,1013,0,0,0
TXN_002819,USER_0886,MERCHANT_075,806.16,2026-08-31 01:24:04.362924,DEVICE_0886_A,IP_0886_A,116,0,0,0
TXN_000090,USER_0197,MERCHANT_078,881.73,2026-08-31 01:40:04.362924,DEVICE_0197_A,IP_0197_A,1038,0,0,0
TXN_003486,USER_1311,MERCHANT_005,407.69,2026-08-31 02:17:04.362924,DEVICE_1311_A,IP_1311_A,216,0,0,0
TXN_005597,USER_0360,MERCHANT_094,815.67,2026-08-31 02:30:04.362924,DEVICE_0360_A,IP_0360_A,477,0,0,0
TXN_002539,USER_1360,MERCHANT_145,235.72,2026-08-31 02:34:04.362924,DEVICE_1360_A,IP_1360_A,78,0,0,0
TXN_004527,USER_0055,MERCHANT_005,624.02,2026-08-31 02:55:04.362924,DEVICE_RING_B_01,IP_RING_B_01,83,7,2,1
TXN_004616,USER_0555,MERCHANT_063,475.65,2026-08-31 03:01:04.362924,DEVICE_0555_A,IP_0555_A,47,1,0,0
TXN_000646,USER_0010,MERCHANT_001,1903.26,2026-08-31 03:14:04.362924,DEVICE_RING_A_01,IP_RING_A_02,53,7,5,1
TXN_002253,USER_1208,MERCHANT_043,202.06,2026-08-31 03:38:04.362924,DEVICE_1208_A,IP_1208_A,796,0,0,0
TXN_002625,USER_0419,MERCHANT_026,815.87,2026-08-31 04:52:04.362924,DEVICE_0419_A,IP_0419_A,635,0,0,0
TXN_004935,USER_1177,MERCHANT_103,425.01,2026-08-31 04:52:04.362924,DEVICE_1177_A,IP_1177_A,62,1,0,0
TXN_005274,USER_0895,MERCHANT_037,1013.45,2026-08-31 05:30:04.362924,DEVICE_0895_A,IP_0895_A,652,1,0,0
TXN_002538,USER_0358,MERCHANT_026,1194.84,2026-08-31 05:33:04.362924,DEVICE_0358_A,IP_0358_A,366,0,0,0
TXN_004608,USER_0593,MERCHANT_086,865.99,2026-08-31 06:14:04.362924,DEVICE_0593_A,IP_0593_A,1461,2,0,0
TXN_002651,USER_1478,MERCHANT_017,303.72,2026-08-31 06:32:04.362924,DEVICE_1478_A,IP_1478_A,672,2,0,0
TXN_000848,USER_0363,MERCHANT_048,3783.5,2026-08-31 06:47:04.362924,DEVICE_0363_A,IP_0363_A,680,1,0,0
TXN_004049,USER_1286,MERCHANT_150,554.84,2026-08-31 06:50:04.362924,DEVICE_1286_A,IP_1286_A,865,0,1,0
TXN_000510,USER_0463,MERCHANT_055,321.73,2026-08-31 07:47:04.362924,DEVICE_0463_A,IP_0463_A,424,0,0,0
TXN_005300,USER_0575,MERCHANT_124,739.54,2026-08-31 09:09:04.362924,DEVICE_0575_A,IP_0575_A,671,0,0,0
TXN_005008,USER_0081,MERCHANT_008,4071.72,2026-08-31 09:17:04.362924,DEVICE_RING_C_02,IP_RING_C_02,30,8,3,1
TXN_004693,USER_0272,MERCHANT_112,1224.65,2026-08-31 09:26:04.362924,DEVICE_0272_A,IP_0272_A,1041,2,0,0
TXN_003164,USER_0670,MERCHANT_013,356.37,2026-08-31 09:53:04.362924,DEVICE_0670_A,IP_0670_A,94,0,0,0
TXN_003589,USER_0073,MERCHANT_009,8635.44,2026-08-31 10:31:04.362924,DEVICE_RING_C_02,IP_RING_C_01,34,8,5,1
TXN_005705,USER_0094,MERCHANT_012,1773.73,2026-08-31 11:07:04.362924,DEVICE_RING_D_01,IP_RING_D_02,72,3,1,1
TXN_005039,USER_0669,MERCHANT_134,2028.08,2026-08-31 11:21:04.362924,DEVICE_0669_A,IP_0669_A,75,0,0,0
TXN_004353,USER_0851,MERCHANT_064,497.76,2026-08-31 11:29:04.362924,DEVICE_0851_A,IP_0851_A,925,1,0,0
TXN_001466,USER_0857,MERCHANT_102,932.96,2026-08-31 12:03:04.362924,DEVICE_0857_A,IP_0857_A,803,0,0,0
TXN_001500,USER_0630,MERCHANT_095,935.73,2026-08-31 12:09:04.362924,DEVICE_0630_A,IP_0630_A,955,0,0,0
TXN_004473,USER_0442,MERCHANT_036,1584.73,2026-08-31 12:37:04.362924,DEVICE_0442_A,IP_0442_A,298,0,0,0
TXN_003907,USER_0236,MERCHANT_031,1621.33,2026-08-31 12:51:04.362924,DEVICE_0236_A,IP_0236_A,322,0,0,0
TXN_005972,USER_0400,MERCHANT_125,600.34,2026-08-31 13:25:04.362924,DEVICE_0400_A,IP_0400_A,432,1,0,0
TXN_002133,USER_0879,MERCHANT_006,993.84,2026-08-31 13:52:04.362924,DEVICE_0879_A,IP_0879_A,1261,1,0,0
TXN_004647,USER_0111,MERCHANT_010,620.99,2026-08-31 14:42:04.362924,DEVICE_RING_D_01,IP_RING_D_01,34,8,2,1
TXN_005150,USER_0095,MERCHANT_011,3462.08,2026-08-31 14:58:04.362924,DEVICE_RING_D_01,IP_RING_D_01,69,7,1,1
TXN_000389,USER_1174,MERCHANT_025,1223.84,2026-08-31 15:04:04.362924,DEVICE_1174_A,IP_1174_A,307,2,0,0
TXN_001621,USER_1152,MERCHANT_006,653.2,2026-08-31 15:10:04.362924,DEVICE_1152_A,IP_1152_A,371,0,0,0
TXN_003783,USER_0058,MERCHANT_004,881.36,2026-08-31 15:44:04.362924,DEVICE_RING_B_01,IP_RING_B_02,80,5,4,1
TXN_002794,USER_0322,MERCHANT_113,299.44,2026-08-31 16:35:04.362924,DEVICE_0322_A,IP_0322_A,1133,0,0,0
TXN_003301,USER_0613,MERCHANT_108,773.44,2026-08-31 16:56:04.362924,DEVICE_0613_A,IP_0613_A,1404,1,0,0
TXN_004635,USER_0405,MERCHANT_091,360.51,2026-08-31 17:15:04.362924,DEVICE_0405_A,IP_0405_A,841,0,0,0
TXN_005487,USER_0048,MERCHANT_005,2858.96,2026-08-31 17:28:04.362924,DEVICE_RING_B_02,IP_RING_B_01,67,2,5,1
TXN_005357,USER_0603,MERCHANT_120,176.43,2026-08-31 17:57:04.362924,DEVICE_0603_A,IP_0603_A,374,0,0,0
TXN_002605,USER_0481,MERCHANT_074,375.65,2026-08-31 18:13:04.362924,DEVICE_0481_A,IP_0481_A,1152,0,0,0
TXN_002069,USER_1303,MERCHANT_103,1744.09,2026-08-31 18:32:04.362924,DEVICE_1303_A,IP_1303_A,1244,0,0,0
TXN_001517,USER_0899,MERCHANT_148,1866.87,2026-08-31 18:43:04.362924,DEVICE_0899_A,IP_0899_A,33,0,0,0
TXN_000438,USER_0942,MERCHANT_018,213.12,2026-08-31 18:45:04.362924,DEVICE_0942_A,IP_0942_A,982,1,0,0
TXN_005096,USER_1464,MERCHANT_117,462.89,2026-08-31 18:56:04.362924,DEVICE_1464_A,IP_1464_A,1415,0,1,0
TXN_004602,USER_1455,MERCHANT_052,1212.01,2026-08-31 19:21:04.362924,DEVICE_1455_A,IP_1455_A,146,1,0,0
TXN_002472,USER_0402,MERCHANT_129,3532.76,2026-08-31 19:29:04.362924,DEVICE_0402_A,IP_0402_A,684,0,0,0
TXN_002585,USER_0033,MERCHANT_004,7483.94,2026-08-31 19:36:04.362924,DEVICE_RING_B_02,IP_RING_B_02,13,3,4,1
TXN_005399,USER_0076,MERCHANT_008,376.64,2026-08-31 19:59:04.362924,DEVICE_RING_C_02,IP_RING_C_01,87,3,5,1
TXN_001820,USER_0894,MERCHANT_028,286.16,2026-08-31 20:21:04.362924,DEVICE_0894_A,IP_0894_A,590,1,0,0
TXN_004756,USER_1337,MERCHANT_030,748.57,2026-08-31 20:38:04.362924,DEVICE_1337_A,IP_1337_A,1384,0,0,0
TXN_003829,USER_0089,MERCHANT_007,8151.34,2026-08-31 20:44:04.362924,DEVICE_RING_C_01,IP_RING_C_02,90,7,1,1
TXN_001865,USER_0079,MERCHANT_007,9213.14,2026-08-31 21:11:04.362924,DEVICE_RING_C_02,IP_RING_C_01,4,8,2,1
TXN_003281,USER_0574,MERCHANT_087,314.4,2026-08-31 21:39:04.362924,DEVICE_0574_A,IP_0574_A,1290,0,0,0
TXN_003180,USER_0857,MERCHANT_067,883.29,2026-08-31 21:52:04.362924,DEVICE_0857_A,IP_0857_A,566,0,1,0
TXN_005196,USER_0052,MERCHANT_005,1628.46,2026-08-31 22:51:04.362924,DEVICE_RING_B_02,IP_RING_B_01,41,8,2,1
TXN_003976,USER_1191,MERCHANT_068,692.71,2026-08-31 23:21:04.362924,DEVICE_1191_A,IP_1191_A,594,0,0,0
TXN_001652,USER_0698,MERCHANT_092,766.07,2026-08-31 23:57:04.362924,DEVICE_0698_A,IP_0698_A,186,0,0,0
TXN_000742,USER_0417,MERCHANT_043,229.81,2026-09-01 00:14:04.362924,DEVICE_0417_A,IP_0417_A,1341,1,0,0
TXN_002997,USER_0180,MERCHANT_084,727.96,2026-09-01 00:27:04.362924,DEVICE_0180_A,IP_0180_A,402,0,0,0
TXN_005385,USER_1268,MERCHANT_008,1128.51,2026-09-01 00:28:04.362924,DEVICE_1268_A,IP_1268_A,1271,0,0,0
TXN_004033,USER_0577,MERCHANT_118,253.04,2026-09-01 00:44:04.362924,DEVICE_0577_A,IP_0577_A,775,0,0,0
TXN_005378,USER_0865,MERCHANT_021,111.04,2026-09-01 01:07:04.362924,DEVICE_0865_A,IP_0865_A,96,0,0,0
TXN_002679,USER_0690,MERCHANT_052,644.48,2026-09-01 01:16:04.362924,DEVICE_0690_A,IP_0690_A,399,0,0,0
TXN_005407,USER_0083,MERCHANT_009,540.51,2026-09-01 01:44:04.362924,DEVICE_RING_C_02,IP_RING_C_02,24,2,3,1
TXN_000002,USER_1455,MERCHANT_011,540.9,2026-09-01 01:45:04.362924,DEVICE_1455_A,IP_1455_A,93,2,0,0
TXN_001305,USER_0055,MERCHANT_004,4275.07,2026-09-01 01:46:04.362924,DEVICE_RING_B_02,IP_RING_B_01,85,6,2,1
TXN_004952,USER_0958,MERCHANT_122,1535.76,2026-09-01 01:48:04.362924,DEVICE_0958_A,IP_0958_A,470,0,1,0
TXN_001502,USER_0780,MERCHANT_005,396.84,2026-09-01 02:19:04.362924,DEVICE_0780_A,IP_0780_A,1327,0,0,0
TXN_001939,USER_0960,MERCHANT_093,1354.61,2026-09-01 02:27:04.362924,DEVICE_0960_A,IP_0960_A,193,0,0,0
TXN_001876,USER_0097,MERCHANT_012,10094.34,2026-09-01 02:45:04.362924,DEVICE_RING_D_01,IP_RING_D_02,46,4,5,1
TXN_001107,USER_0340,MERCHANT_047,950.05,2026-09-01 02:45:04.362924,DEVICE_0340_A,IP_0340_A,756,2,0,0
TXN_001696,USER_0433,MERCHANT_146,2568.63,2026-09-01 03:21:04.362924,DEVICE_0433_A,IP_0433_A,1315,2,0,0
TXN_003506,USER_0514,MERCHANT_050,214.34,2026-09-01 03:33:04.362924,DEVICE_0514_A,IP_0514_A,33,0,1,0
TXN_001048,USER_0278,MERCHANT_028,183.94,2026-09-01 03:52:04.362924,DEVICE_0278_A,IP_0278_A,367,0,0,0
TXN_002450,USER_0665,MERCHANT_018,357.46,2026-09-01 03:54:04.362924,DEVICE_0665_A,IP_0665_A,950,0,0,0
TXN_004871,USER_0081,MERCHANT_007,25000.0,2026-09-01 04:36:04.362924,DEVICE_RING_C_02,IP_RING_C_02,44,3,2,1
TXN_000654,USER_0096,MERCHANT_010,826.76,2026-09-01 04:45:04.362924,DEVICE_RING_D_01,IP_RING_D_02,29,7,4,1
TXN_004842,USER_0189,MERCHANT_034,635.05,2026-09-01 05:25:04.362924,DEVICE_0189_A,IP_0189_A,706,0,1,0
TXN_002821,USER_0168,MERCHANT_022,486.76,2026-09-01 05:58:04.362924,DEVICE_0168_A,IP_0168_A,992,0,0,0
TXN_004632,USER_1210,MERCHANT_007,400.39,2026-09-01 06:47:04.362924,DEVICE_1210_A,IP_1210_A,679,0,0,0
TXN_002268,USER_1347,MERCHANT_093,762.55,2026-09-01 07:06:04.362924,DEVICE_1347_A,IP_1347_A,524,1,0,0
TXN_004357,USER_0948,MERCHANT_095,711.38,2026-09-01 07:17:04.362924,DEVICE_0948_A,IP_0948_A,710,0,0,0
TXN_003685,USER_1267,MERCHANT_031,943.17,2026-09-01 07:22:04.362924,DEVICE_1267_A,IP_1267_A,246,1,1,0
TXN_004172,USER_0190,MERCHANT_102,531.9,2026-09-01 07:52:04.362924,DEVICE_0190_A,IP_0190_A,852,2,0,0
TXN_005875,USER_0208,MERCHANT_146,1556.55,2026-09-01 07:56:04.362924,DEVICE_0208_A,IP_0208_A,814,0,0,0
TXN_000951,USER_0724,MERCHANT_075,500.7,2026-09-01 08:57:04.362924,DEVICE_0724_A,IP_0724_A,373,0,1,0
TXN_005867,USER_1398,MERCHANT_059,366.53,2026-09-01 09:10:04.362924,DEVICE_1398_A,IP_1398_A,620,0,0,0
TXN_002834,USER_1146,MERCHANT_105,488.55,2026-09-01 09:18:04.362924,DEVICE_1146_A,IP_1146_A,1161,1,0,0
TXN_003367,USER_0158,MERCHANT_008,404.45,2026-09-01 09:58:04.362924,DEVICE_0158_A,IP_0158_A,1123,0,0,0
TXN_005787,USER_0069,MERCHANT_009,2246.38,2026-09-01 10:40:04.362924,DEVICE_RING_C_02,IP_RING_C_01,30,6,4,1
TXN_003927,USER_0548,MERCHANT_061,1232.94,2026-09-01 11:16:04.362924,DEVICE_0548_A,IP_0548_A,378,0,2,0
TXN_005822,USER_0397,MERCHANT_011,733.9,2026-09-01 11:26:04.362924,DEVICE_0397_A,IP_0397_A,1182,1,1,0
TXN_003688,USER_1169,MERCHANT_057,731.8,2026-09-01 11:37:04.362924,DEVICE_1169_A,IP_1169_A,509,0,0,0
TXN_004550,USER_1366,MERCHANT_010,504.53,2026-09-01 12:11:04.362924,DEVICE_1366_A,IP_1366_A,346,1,0,0
TXN_005019,USER_0075,MERCHANT_007,2920.09,2026-09-01 12:46:04.362924,DEVICE_RING_C_01,IP_RING_C_02,60,2,3,1
TXN_001306,USER_0159,MERCHANT_071,305.85,2026-09-01 12:52:04.362924,DEVICE_0159_A,IP_0159_A,451,0,0,0
TXN_005545,USER_1354,MERCHANT_112,456.23,2026-09-01 13:16:04.362924,DEVICE_1354_A,IP_1354_A,402,0,0,0
TXN_004132,USER_1359,MERCHANT_073,601.03,2026-09-01 13:27:04.362924,DEVICE_1359_A,IP_1359_A,1450,0,0,0
TXN_004940,USER_0652,MERCHANT_053,209.95,2026-09-01 14:06:04.362924,DEVICE_0652_A,IP_0652_A,102,0,0,0
TXN_001412,USER_0911,MERCHANT_073,910.6,2026-09-01 14:13:04.362924,DEVICE_0911_A,IP_0911_A,451,0,0,0
TXN_005622,USER_0598,MERCHANT_068,157.97,2026-09-01 14:44:04.362924,DEVICE_0598_A,IP_0598_A,1058,1,0,0
TXN_000708,USER_0687,MERCHANT_058,2237.3,2026-09-01 14:52:04.362924,DEVICE_0687_A,IP_0687_A,1271,2,0,0
TXN_002260,USER_0686,MERCHANT_036,696.55,2026-09-01 15:01:04.362924,DEVICE_0686_A,IP_0686_A,852,0,0,0
TXN_005656,USER_0560,MERCHANT_080,327.86,2026-09-01 16:06:04.362924,DEVICE_0560_A,IP_0560_A,1093,1,0,0
TXN_004149,USER_0736,MERCHANT_104,407.83,2026-09-01 17:20:04.362924,DEVICE_0736_A,IP_0736_A,1219,0,0,0
TXN_002973,USER_0865,MERCHANT_082,215.01,2026-09-01 17:35:04.362924,DEVICE_0865_A,IP_0865_A,1489,1,0,0
TXN_001580,USER_0466,MERCHANT_135,326.76,2026-09-01 17:50:04.362924,DEVICE_0466_A,IP_0466_A,490,0,0,0
TXN_003979,USER_0012,MERCHANT_003,4412.29,2026-09-01 17:53:04.362924,DEVICE_RING_A_02,IP_RING_A_01,48,8,5,1
TXN_001217,USER_0937,MERCHANT_023,362.06,2026-09-01 18:42:04.362924,DEVICE_0937_A,IP_0937_A,72,1,0,0
TXN_001719,USER_1015,MERCHANT_091,1021.49,2026-09-01 19:53:04.362924,DEVICE_1015_A,IP_1015_A,1449,0,1,0
TXN_000163,USER_1081,MERCHANT_050,1430.64,2026-09-01 19:54:04.362924,DEVICE_1081_A,IP_1081_A,783,0,0,0
TXN_005679,USER_1032,MERCHANT_054,785.82,2026-09-01 20:35:04.362924,DEVICE_1032_A,IP_1032_A,829,1,0,0
TXN_003905,USER_0672,MERCHANT_070,2014.27,2026-09-01 20:36:04.362924,DEVICE_0672_A,IP_0672_A,215,0,0,0
TXN_004022,USER_0815,MERCHANT_145,206.27,2026-09-01 20:39:04.362924,DEVICE_0815_A,IP_0815_A,406,0,0,0
TXN_000211,USER_0385,MERCHANT_111,920.67,2026-09-01 21:22:04.362924,DEVICE_0385_A,IP_0385_A,1059,1,0,0
TXN_005054,USER_0158,MERCHANT_087,489.53,2026-09-01 21:36:04.362924,DEVICE_0158_A,IP_0158_A,325,0,0,0
TXN_000537,USER_0887,MERCHANT_144,314.7,2026-09-01 21:51:04.362924,DEVICE_0887_A,IP_0887_A,1355,0,0,0
TXN_000995,USER_0002,MERCHANT_002,918.21,2026-09-01 22:02:04.362924,DEVICE_RING_A_02,IP_RING_A_01,6,5,1,1
TXN_005917,USER_1187,MERCHANT_080,1091.51,2026-09-01 22:04:04.362924,DEVICE_1187_A,IP_1187_A,916,0,0,0
TXN_000534,USER_1437,MERCHANT_071,241.93,2026-09-01 23:01:04.362924,DEVICE_1437_A,IP_1437_A,897,1,1,0
TXN_005909,USER_0491,MERCHANT_138,2101.57,2026-09-01 23:05:04.362924,DEVICE_0491_A,IP_0491_A,290,0,1,0
TXN_001196,USER_1346,MERCHANT_012,834.88,2026-09-01 23:26:04.362924,DEVICE_1346_A,IP_1346_A,40,0,0,0
TXN_000085,USER_1262,MERCHANT_094,327.2,2026-09-01 23:33:04.362924,DEVICE_1262_A,IP_1262_A,214,1,0,0
TXN_001336,USER_0864,MERCHANT_010,465.97,2026-09-01 23:37:04.362924,DEVICE_0864_A,IP_0864_A,604,0,0,0
TXN_002117,USER_0281,MERCHANT_125,505.47,2026-09-02 00:33:04.362924,DEVICE_0281_A,IP_0281_A,1179,2,0,0
TXN_005645,USER_0933,MERCHANT_102,1061.36,2026-09-02 00:49:04.362924,DEVICE_0933_A,IP_0933_A,1435,0,1,0
TXN_000096,USER_0371,MERCHANT_117,200.2,2026-09-02 01:36:04.362924,DEVICE_0371_A,IP_0371_A,217,0,0,0
TXN_001016,USER_1092,MERCHANT_128,696.01,2026-09-02 02:24:04.362924,DEVICE_1092_A,IP_1092_A,391,0,1,0
TXN_003335,USER_0117,MERCHANT_010,10133.89,2026-09-02 02:59:04.362924,DEVICE_RING_D_02,IP_RING_D_02,50,3,4,1
TXN_005991,USER_0522,MERCHANT_003,898.08,2026-09-02 03:18:04.362924,DEVICE_0522_A,IP_0522_A,496,0,1,0
TXN_002929,USER_0718,MERCHANT_034,1959.64,2026-09-02 03:29:04.362924,DEVICE_0718_A,IP_0718_A,640,1,0,0
TXN_002414,USER_1064,MERCHANT_085,301.51,2026-09-02 03:35:04.362924,DEVICE_1064_A,IP_1064_A,1391,0,0,0
TXN_005424,USER_1299,MERCHANT_120,560.38,2026-09-02 03:41:04.362924,DEVICE_1299_A,IP_1299_A,840,0,0,0
TXN_002702,USER_0297,MERCHANT_017,1359.9,2026-09-02 04:16:04.362924,DEVICE_0297_A,IP_0297_A,362,0,0,0
TXN_005158,USER_1278,MERCHANT_116,5353.79,2026-09-02 04:30:04.362924,DEVICE_1278_A,IP_1278_A,37,1,0,0
TXN_000162,USER_1030,MERCHANT_073,1082.73,2026-09-02 04:37:04.362924,DEVICE_1030_A,IP_1030_A,949,0,0,0
TXN_004064,USER_1450,MERCHANT_039,761.9,2026-09-02 04:42:04.362924,DEVICE_1450_A,IP_1450_A,143,0,0,0
TXN_001341,USER_1212,MERCHANT_065,676.79,2026-09-02 05:07:04.362924,DEVICE_1212_A,IP_1212_A,1424,0,0,0
TXN_004485,USER_1349,MERCHANT_080,584.93,2026-09-02 05:09:04.362924,DEVICE_1349_A,IP_1349_A,35,1,0,0
TXN_003277,USER_0743,MERCHANT_004,1443.14,2026-09-02 05:10:04.362924,DEVICE_0743_A,IP_0743_A,446,0,0,0
TXN_001165,USER_0683,MERCHANT_113,1291.88,2026-09-02 05:21:04.362924,DEVICE_0683_A,IP_0683_A,866,0,0,0
TXN_001062,USER_1239,MERCHANT_130,70.85,2026-09-02 05:51:04.362924,DEVICE_1239_A,IP_1239_A,708,0,0,0
TXN_004044,USER_1204,MERCHANT_105,751.2,2026-09-02 05:52:04.362924,DEVICE_1204_A,IP_1204_A,611,0,0,0
TXN_000475,USER_0108,MERCHANT_011,12952.11,2026-09-02 06:22:04.362924,DEVICE_RING_D_02,IP_RING_D_01,5,2,1,1
TXN_004153,USER_0618,MERCHANT_123,640.03,2026-09-02 06:46:04.362924,DEVICE_0618_A,IP_0618_A,1000,1,0,0
TXN_002068,USER_0600,MERCHANT_130,542.52,2026-09-02 07:12:04.362924,DEVICE_0600_A,IP_0600_A,250,0,0,0
TXN_004979,USER_0189,MERCHANT_071,803.63,2026-09-02 07:20:04.362924,DEVICE_0189_A,IP_0189_A,46,1,0,0
TXN_005584,USER_1263,MERCHANT_138,804.54,2026-09-02 07:51:04.362924,DEVICE_1263_A,IP_1263_A,171,0,0,0
TXN_004300,USER_0533,MERCHANT_008,331.14,2026-09-02 07:55:04.362924,DEVICE_0533_A,IP_0533_A,340,0,1,0
TXN_003140,USER_1309,MERCHANT_065,490.88,2026-09-02 08:18:04.362924,DEVICE_1309_A,IP_1309_A,396,0,1,0
TXN_004088,USER_0644,MERCHANT_010,637.01,2026-09-02 09:01:04.362924,DEVICE_0644_A,IP_0644_A,1269,1,0,0
TXN_003631,USER_0062,MERCHANT_007,4539.11,2026-09-02 09:10:04.362924,DEVICE_RING_C_01,IP_RING_C_01,7,6,5,1
TXN_001668,USER_0098,MERCHANT_010,1509.1,2026-09-02 09:30:04.362924,DEVICE_RING_D_01,IP_RING_D_01,18,2,2,1
TXN_000441,USER_1131,MERCHANT_051,800.29,2026-09-02 09:35:04.362924,DEVICE_1131_A,IP_1131_A,1149,1,0,0
TXN_004428,USER_0326,MERCHANT_125,318.52,2026-09-02 09:53:04.362924,DEVICE_0326_A,IP_0326_A,307,0,0,0
TXN_003012,USER_0322,MERCHANT_035,1621.78,2026-09-02 10:05:04.362924,DEVICE_0322_A,IP_0322_A,776,0,0,0
TXN_004098,USER_0164,MERCHANT_114,385.49,2026-09-02 10:07:04.362924,DEVICE_0164_A,IP_0164_A,1123,0,0,0
TXN_001631,USER_0876,MERCHANT_084,863.06,2026-09-02 10:22:04.362924,DEVICE_0876_A,IP_0876_A,200,2,1,0
TXN_002498,USER_0148,MERCHANT_148,486.44,2026-09-02 11:52:04.362924,DEVICE_0148_A,IP_0148_A,120,0,2,0
TXN_005776,USER_0464,MERCHANT_090,225.83,2026-09-02 12:01:04.362924,DEVICE_0464_A,IP_0464_A,829,0,0,0
TXN_002991,USER_0864,MERCHANT_144,1870.99,2026-09-02 12:43:04.362924,DEVICE_0864_A,IP_0864_A,1315,0,0,0
TXN_001819,USER_1003,MERCHANT_093,512.13,2026-09-02 12:43:04.362924,DEVICE_1003_A,IP_1003_A,452,1,0,0
TXN_002121,USER_0702,MERCHANT_143,3664.29,2026-09-02 12:51:04.362924,DEVICE_0702_A,IP_0702_A,1035,2,0,0
TXN_005040,USER_1488,MERCHANT_003,799.76,2026-09-02 12:56:04.362924,DEVICE_1488_A,IP_1488_A,1390,0,0,0
TXN_005876,USER_0957,MERCHANT_089,287.69,2026-09-02 13:00:04.362924,DEVICE_0957_A,IP_0957_A,978,0,0,0
TXN_004902,USER_0276,MERCHANT_044,279.67,2026-09-02 13:06:04.362924,DEVICE_0276_A,IP_0276_A,1164,2,0,0
TXN_004962,USER_0671,MERCHANT_072,277.15,2026-09-02 13:19:04.362924,DEVICE_0671_A,IP_0671_A,1206,0,0,0
TXN_002420,USER_0525,MERCHANT_068,221.87,2026-09-02 14:41:04.362924,DEVICE_0525_A,IP_0525_A,324,1,0,0
TXN_004631,USER_0103,MERCHANT_012,533.31,2026-09-02 15:25:04.362924,DEVICE_RING_D_02,IP_RING_D_01,25,6,3,1
TXN_005341,USER_0578,MERCHANT_008,272.2,2026-09-02 15:54:04.362924,DEVICE_0578_A,IP_0578_A,348,0,0,0
TXN_003888,USER_1274,MERCHANT_110,531.31,2026-09-02 16:19:04.362924,DEVICE_1274_A,IP_1274_A,151,0,0,0
TXN_004228,USER_0407,MERCHANT_086,821.97,2026-09-02 16:21:04.362924,DEVICE_0407_A,IP_0407_A,1096,0,1,0
TXN_003436,USER_0678,MERCHANT_145,1168.77,2026-09-02 16:33:04.362924,DEVICE_0678_A,IP_0678_A,903,0,2,0
TXN_003130,USER_1312,MERCHANT_102,440.68,2026-09-02 17:00:04.362924,DEVICE_1312_A,IP_1312_A,1456,0,0,0
TXN_001498,USER_0850,MERCHANT_085,1485.05,2026-09-02 17:07:04.362924,DEVICE_0850_A,IP_0850_A,235,0,1,0
TXN_001060,USER_0453,MERCHANT_137,454.4,2026-09-02 17:28:04.362924,DEVICE_0453_A,IP_0453_A,647,0,0,0
TXN_002111,USER_1421,MERCHANT_082,398.95,2026-09-02 18:24:04.362924,DEVICE_1421_A,IP_1421_A,228,0,0,0
TXN_005965,USER_1195,MERCHANT_011,1674.03,2026-09-02 18:40:04.362924,DEVICE_1195_A,IP_1195_A,1456,1,1,0
TXN_004118,USER_0148,MERCHANT_036,145.39,2026-09-02 19:07:04.362924,DEVICE_0148_A,IP_0148_A,817,0,0,0
TXN_005602,USER_0874,MERCHANT_007,555.15,2026-09-02 19:12:04.362924,DEVICE_0874_A,IP_0874_A,731,0,0,0
TXN_004838,USER_0071,MERCHANT_008,1170.61,2026-09-02 19:31:04.362924,DEVICE_RING_C_01,IP_RING_C_02,53,8,5,1
TXN_002903,USER_0073,MERCHANT_007,1414.05,2026-09-02 19:35:04.362924,DEVICE_RING_C_01,IP_RING_C_01,58,2,5,1
TXN_005733,USER_0583,MERCHANT_015,1292.15,2026-09-02 20:09:04.362924,DEVICE_0583_A,IP_0583_A,473,0,0,0
TXN_004682,USER_0204,MERCHANT_021,389.4,2026-09-02 20:23:04.362924,DEVICE_0204_A,IP_0204_A,1227,0,0,0
TXN_003168,USER_1127,MERCHANT_022,675.51,2026-09-02 21:09:04.362924,DEVICE_1127_A,IP_1127_A,953,0,0,0
TXN_004016,USER_0440,MERCHANT_106,388.61,2026-09-02 21:32:04.362924,DEVICE_0440_A,IP_0440_A,1321,0,0,0
TXN_000318,USER_0061,MERCHANT_007,1833.13,2026-09-02 21:52:04.362924,DEVICE_RING_C_02,IP_RING_C_01,13,6,2,1
TXN_001115,USER_0329,MERCHANT_044,671.65,2026-09-02 22:04:04.362924,DEVICE_0329_A,IP_0329_A,162,0,0,0
TXN_003808,USER_0225,MERCHANT_130,137.08,2026-09-02 22:30:04.362924,DEVICE_0225_A,IP_0225_A,559,0,0,0
TXN_002733,USER_0013,MERCHANT_003,4389.31,2026-09-02 22:36:04.362924,DEVICE_RING_A_01,IP_RING_A_02,17,6,2,1
TXN_001451,USER_0093,MERCHANT_012,3404.59,2026-09-02 23:03:04.362924,DEVICE_RING_D_02,IP_RING_D_01,75,5,4,1
TXN_004246,USER_0998,MERCHANT_081,188.59,2026-09-03 00:05:04.362924,DEVICE_0998_A,IP_0998_A,588,1,0,0
TXN_003849,USER_0588,MERCHANT_136,536.18,2026-09-03 00:32:04.362924,DEVICE_0588_A,IP_0588_A,62,1,1,0
TXN_003175,USER_0591,MERCHANT_084,282.95,2026-09-03 00:53:04.362924,DEVICE_0591_A,IP_0591_A,1146,0,0,0
TXN_003882,USER_0615,MERCHANT_143,684.43,2026-09-03 00:56:04.362924,DEVICE_0615_A,IP_0615_A,40,0,2,0
TXN_005021,USER_1130,MERCHANT_126,574.5,2026-09-03 01:20:04.362924,DEVICE_1130_A,IP_1130_A,1450,0,0,0
TXN_003497,USER_0217,MERCHANT_031,1106.06,2026-09-03 01:54:04.362924,DEVICE_0217_A,IP_0217_A,1117,0,0,0
TXN_005397,USER_1252,MERCHANT_013,718.13,2026-09-03 02:32:04.362924,DEVICE_1252_A,IP_1252_A,694,0,0,0
TXN_005569,USER_0721,MERCHANT_033,736.4,2026-09-03 03:43:04.362924,DEVICE_0721_A,IP_0721_A,936,2,0,0
TXN_001535,USER_1176,MERCHANT_087,423.01,2026-09-03 03:58:04.362924,DEVICE_1176_A,IP_1176_A,1245,0,0,0
TXN_002770,USER_0022,MERCHANT_001,2054.07,2026-09-03 04:54:04.362924,DEVICE_RING_A_02,IP_RING_A_01,21,3,1,1
TXN_000628,USER_1450,MERCHANT_003,545.98,2026-09-03 05:51:04.362924,DEVICE_1450_A,IP_1450_A,264,0,0,0
TXN_002715,USER_0273,MERCHANT_136,790.5,2026-09-03 06:14:04.362924,DEVICE_0273_A,IP_0273_A,775,0,0,0
TXN_004706,USER_1319,MERCHANT_124,544.81,2026-09-03 06:15:04.362924,DEVICE_1319_A,IP_1319_A,1020,0,0,0
TXN_001449,USER_1413,MERCHANT_100,1518.75,2026-09-03 06:28:04.362924,DEVICE_1413_A,IP_1413_A,1418,2,0,0
TXN_005827,USER_0492,MERCHANT_107,552.89,2026-09-03 06:57:04.362924,DEVICE_0492_A,IP_0492_A,298,1,0,0
TXN_002577,USER_1123,MERCHANT_028,1799.14,2026-09-03 07:04:04.362924,DEVICE_1123_A,IP_1123_A,1005,0,0,0
TXN_004272,USER_1163,MERCHANT_138,405.1,2026-09-03 07:25:04.362924,DEVICE_1163_A,IP_1163_A,458,0,0,0
TXN_002297,USER_0866,MERCHANT_068,821.17,2026-09-03 07:33:04.362924,DEVICE_0866_A,IP_0866_A,913,0,1,0
TXN_003155,USER_0932,MERCHANT_124,275.34,2026-09-03 07:41:04.362924,DEVICE_0932_A,IP_0932_A,1486,0,0,0
TXN_000486,USER_0775,MERCHANT_043,206.49,2026-09-03 08:34:04.362924,DEVICE_0775_A,IP_0775_A,1332,1,0,0
TXN_003202,USER_1326,MERCHANT_081,825.52,2026-09-03 08:42:04.362924,DEVICE_1326_A,IP_1326_A,1415,1,0,0
TXN_001894,USER_0874,MERCHANT_091,552.65,2026-09-03 08:54:04.362924,DEVICE_0874_A,IP_0874_A,426,0,1,0
TXN_003097,USER_1022,MERCHANT_130,1310.58,2026-09-03 09:36:04.362924,DEVICE_1022_A,IP_1022_A,795,0,0,0
TXN_002614,USER_0893,MERCHANT_035,597.07,2026-09-03 09:36:04.362924,DEVICE_0893_A,IP_0893_A,31,0,0,0
TXN_000260,USER_0807,MERCHANT_073,1072.67,2026-09-03 09:54:04.362924,DEVICE_0807_A,IP_0807_A,960,2,0,0
TXN_001328,USER_0779,MERCHANT_088,538.54,2026-09-03 09:58:04.362924,DEVICE_0779_A,IP_0779_A,461,0,0,0
TXN_005583,USER_1059,MERCHANT_010,2058.2,2026-09-03 10:04:04.362924,DEVICE_1059_A,IP_1059_A,630,0,0,0
TXN_005278,USER_0821,MERCHANT_022,232.72,2026-09-03 10:31:04.362924,DEVICE_0821_A,IP_0821_A,1458,1,0,0
TXN_005515,USER_1375,MERCHANT_059,1470.82,2026-09-03 10:34:04.362924,DEVICE_1375_A,IP_1375_A,939,1,0,0
TXN_003193,USER_0474,MERCHANT_133,3321.49,2026-09-03 10:48:04.362924,DEVICE_0474_A,IP_0474_A,1084,2,0,0
TXN_002044,USER_0518,MERCHANT_005,672.63,2026-09-03 10:48:04.362924,DEVICE_0518_A,IP_0518_A,711,1,1,0
TXN_002505,USER_0832,MERCHANT_075,265.89,2026-09-03 11:02:04.362924,DEVICE_0832_A,IP_0832_A,332,1,0,0
TXN_000358,USER_1442,MERCHANT_103,483.2,2026-09-03 11:15:04.362924,DEVICE_1442_A,IP_1442_A,709,2,0,0
TXN_000899,USER_0111,MERCHANT_010,8354.49,2026-09-03 11:16:04.362924,DEVICE_RING_D_01,IP_RING_D_02,77,2,3,1
TXN_001780,USER_1051,MERCHANT_127,356.96,2026-09-03 12:02:04.362924,DEVICE_1051_A,IP_1051_A,1342,2,0,0
TXN_002529,USER_1082,MERCHANT_009,2805.5,2026-09-03 12:06:04.362924,DEVICE_1082_A,IP_1082_A,691,0,0,0
TXN_005398,USER_0111,MERCHANT_010,5203.57,2026-09-03 12:20:04.362924,DEVICE_RING_D_02,IP_RING_D_02,45,4,1,1
TXN_005922,USER_1252,MERCHANT_096,677.16,2026-09-03 14:00:04.362924,DEVICE_1252_A,IP_1252_A,1202,2,0,0
TXN_005882,USER_0039,MERCHANT_004,10061.81,2026-09-03 14:05:04.362924,DEVICE_RING_B_02,IP_RING_B_02,71,7,5,1
TXN_005307,USER_0822,MERCHANT_096,544.66,2026-09-03 14:08:04.362924,DEVICE_0822_A,IP_0822_A,361,0,2,0
TXN_005804,USER_0607,MERCHANT_148,2347.49,2026-09-03 14:19:04.362924,DEVICE_0607_A,IP_0607_A,1423,0,0,0
TXN_005184,USER_0679,MERCHANT_115,790.42,2026-09-03 14:24:04.362924,DEVICE_0679_A,IP_0679_A,657,0,0,0
TXN_005325,USER_0930,MERCHANT_102,696.26,2026-09-03 15:31:04.362924,DEVICE_0930_A,IP_0930_A,1224,2,0,0
TXN_001139,USER_0769,MERCHANT_097,939.15,2026-09-03 15:58:04.362924,DEVICE_0769_A,IP_0769_A,1198,0,0,0
TXN_003647,USER_1127,MERCHANT_138,728.45,2026-09-03 16:08:04.362924,DEVICE_1127_A,IP_1127_A,193,0,1,0
TXN_003911,USER_0321,MERCHANT_034,207.57,2026-09-03 16:26:04.362924,DEVICE_0321_A,IP_0321_A,400,0,0,0
TXN_002308,USER_0932,MERCHANT_056,522.97,2026-09-03 16:56:04.362924,DEVICE_0932_A,IP_0932_A,1385,0,0,0
TXN_003266,USER_0160,MERCHANT_037,2573.04,2026-09-03 17:05:04.362924,DEVICE_0160_A,IP_0160_A,702,1,0,0
TXN_005951,USER_1101,MERCHANT_076,664.73,2026-09-03 17:09:04.362924,DEVICE_1101_A,IP_1101_A,465,2,1,0
TXN_003189,USER_1346,MERCHANT_139,1172.21,2026-09-03 17:33:04.362924,DEVICE_1346_A,IP_1346_A,810,1,0,0
TXN_001119,USER_1113,MERCHANT_131,697.68,2026-09-03 19:48:04.362924,DEVICE_1113_A,IP_1113_A,601,0,0,0
TXN_003115,USER_1200,MERCHANT_114,803.25,2026-09-03 19:48:04.362924,DEVICE_1200_A,IP_1200_A,1262,0,0,0
TXN_004253,USER_1367,MERCHANT_100,702.1,2026-09-03 19:54:04.362924,DEVICE_1367_A,IP_1367_A,373,0,0,0
TXN_002397,USER_0295,MERCHANT_095,300.53,2026-09-03 20:26:04.362924,DEVICE_0295_A,IP_0295_A,171,0,0,0
TXN_005338,USER_0268,MERCHANT_136,328.91,2026-09-03 20:28:04.362924,DEVICE_0268_A,IP_0268_A,1150,0,0,0
TXN_003245,USER_1459,MERCHANT_023,527.07,2026-09-03 20:47:04.362924,DEVICE_1459_A,IP_1459_A,1062,0,0,0
TXN_000511,USER_0097,MERCHANT_011,3276.41,2026-09-03 21:27:04.362924,DEVICE_RING_D_01,IP_RING_D_02,9,2,4,1
TXN_004125,USER_0458,MERCHANT_016,755.73,2026-09-03 21:48:04.362924,DEVICE_0458_A,IP_0458_A,515,0,0,0
TXN_004822,USER_0885,MERCHANT_070,522.72,2026-09-03 22:22:04.362924,DEVICE_0885_A,IP_0885_A,1012,1,1,0
